{"type":"Topology","transform":{"scale":[1e-06,1e-06],"translate":[0.0,0.0]},"arcs":[[[-84501680,34223410],[-240,-110],[-540,-240],[-730,-330],[-280,-130],[-200,-90],[-250,-110],[-1020,-430],[-250,-110],[-250,-100],[-480,-200],[-270,-100],[-90,-40],[-520,-240],[-80,-40],[-340,-190],[-180,-100],[-240,-110],[-80,-40],[-60,-30],[-240,-120],[-190,-90],[-150,-80],[-210,-110],[-220,-110],[-450,-230],[-200,-110],[-220,-110],[-280,-150],[-300,-160],[-280,-160],[-700,-390],[-210,-120],[-1270,-670],[-200,-120],[-160,-100],[-240,-130],[-390,-210],[-230,-120],[-830,-440],[-220,-120],[-110,-60],[-110,-60],[-60,-30],[-240,-130],[-290,-160],[-340,-190],[-520,-290],[-210,-120],[-220,-120],[-230,-130],[-100,-50],[-170,-100],[-50,-30],[-210,-120],[-370,-200],[-410,-230],[-270,-150],[-60,-30],[-640,-290],[-1400,-600],[-150,-60],[-210,-90],[-280,-120],[-270,-110],[-380,-160],[-100,-40],[-230,-90],[-270,-120],[-150,-60],[-540,-210],[-250,-100],[-120,-50],[-460,-180],[-330,-130],[-200,-60],[-100,-30],[-160,-30],[-130,-20],[-310,-40],[-480,-40],[-360,0],[-110,0],[-320,20],[-290,50],[-80,10],[-300,60],[-460,110],[-320,120],[-240,90],[-360,140],[-390,140],[-90,30],[-600,230],[-280,110],[-40,10],[-220,80],[-100,40],[-210,80],[-670,250],[-50,20],[-250,90],[-110,40],[-210,90],[-200,80],[-310,130],[-290,100],[-320,110],[-820,310],[-380,150],[-140,50],[-240,90],[-170,60],[-500,190],[-70,30],[-220,80],[-210,80],[-230,80],[-320,130],[-50,20],[-350,130],[-190,70],[-380,110],[-320,100],[-380,80],[-460,60],[-160,10],[-300,10],[-330,0],[-70,0],[-280,-20],[-380,-50],[-400,-70],[-390,-130],[-220,-70],[-380,-110],[-1050,-360],[-650,-220],[-550,-180],[-440,-150],[-1300,-450],[-220,-70],[-570,-200],[-80,-30],[-760,-250],[-750,-250],[-830,-270],[-660,-190],[-320,-90],[-60,-10],[-460,-100],[-330,-50],[-640,-80],[-760,-50],[-400,-20],[-830,-40],[-620,-30],[-510,-30],[-390,0],[-310,20],[-390,60],[-460,110],[-370,160],[-350,210],[-340,240],[-590,470],[-450,320],[-450,270],[-510,280],[-350,170],[-90,50],[-70,30],[-370,180],[-320,160],[-450,200],[-280,100],[-270,60],[-410,90],[-410,30],[-460,-20],[-320,-40],[-690,-100],[-1010,-150],[-1010,-160],[-590,-60],[-500,-10],[-400,0],[-620,50],[-610,100],[-470,100],[-430,110],[-100,30],[-920,300],[-540,220],[-630,270],[-470,210],[-210,90],[-460,190],[-210,90],[-410,180],[-60,30],[-710,330],[-530,200],[-390,100],[-440,60],[-370,20],[-200,-10],[-210,-20],[-380,-70],[-380,-80],[-410,-80],[-400,-60],[-420,-40],[-460,-10],[-340,20],[-430,40],[-380,20],[-240,-10],[-410,-50],[-410,-110],[-400,-120],[-240,-110],[-260,-160],[-300,-210],[-230,-220],[-300,-370],[-160,-260],[-140,-320],[-60,-240],[-80,-440],[-80,-430],[-110,-390],[-190,-340],[-220,-310],[-180,-200],[-220,-170],[-460,-300],[-330,-160],[-540,-150],[-130,-40],[-320,-80],[-400,-90],[-410,-130],[-380,-130],[-310,-130],[-310,-150],[-470,-270],[-490,-320],[-30,-20],[-200,-130],[-270,-180],[-330,-200],[-690,-450],[-280,-130],[-70,-20],[-290,-90],[-350,-70],[-360,-20],[-330,0],[-290,20],[-180,20],[-110,20],[-180,30],[-300,70],[-280,110],[-280,130],[-320,190],[-200,150],[-30,30],[-220,180],[-50,50],[-210,200],[-610,560],[-270,250],[-1370,1230],[-1230,1130],[-680,610],[-340,300],[-490,380],[-180,120],[-230,140],[-240,150],[-170,90],[-390,180],[-320,110],[-420,120],[-220,50],[-210,50],[-460,90],[-500,60],[-370,40],[-850,40],[-330,10],[-960,30],[-460,20],[-550,50],[-370,40],[-370,70],[-180,30],[-390,90],[-390,120],[-400,150],[-380,170],[-380,210],[-370,230],[-690,460],[-810,530],[-80,60],[-590,400],[-1860,1240],[-630,420],[-310,210],[-300,200],[-260,170],[-240,150],[-50,30],[-170,110],[-210,120],[-200,110],[-220,110],[-190,90],[-240,90],[-260,90],[-240,70],[-100,30],[-170,40],[-220,50],[-230,50],[-240,50],[-200,40]],[[-84526000,34128590],[-40,-650],[-40,-590],[-10,-180],[-20,-240],[-30,-320],[-30,-240],[-30,-230],[-20,-120],[-20,-110],[-50,-240],[-60,-270],[-40,-170],[-40,-140],[-60,-200],[-50,-160],[-70,-200],[-20,-60],[-50,-130],[-40,-90],[-30,-80],[-50,-120],[-60,-140],[-60,-130],[-90,-190],[-130,-270],[-140,-260],[-100,-170],[-110,-180],[-110,-170],[-140,-200],[-150,-210],[-140,-190],[-70,-90],[-140,-180],[-90,-110],[-100,-120],[-190,-220],[-180,-210],[-310,-360]],[[-84411470,34240550],[-140,-20],[-240,-20],[-310,-10],[-260,10],[-70,0],[-280,30],[-310,50],[-700,100],[-440,70],[-670,100],[-80,10],[-490,80],[-130,20],[-220,40],[-580,80],[-740,100],[-570,50],[-550,40],[-400,10],[-110,0],[-790,20],[-300,-10],[-470,-10],[-400,-20],[-810,-70],[-750,-80],[-630,-80],[-440,-70],[-350,-40],[-160,-30],[-400,-60],[-920,-130],[-780,-110],[-540,-80],[-430,-60],[-310,-40],[-460,-80],[-270,-50],[-290,-80],[-110,-40],[-190,-70],[-280,-140],[-400,-250],[-410,-320],[-270,-250],[-460,-360],[-370,-250],[-450,-210],[-350,-130],[-340,-100],[-360,-90],[-370,-60],[-620,-60],[-250,-20],[-1130,-100],[-670,-60],[-400,-60],[-390,-60],[-420,-80],[-640,-110],[-150,-30],[-390,-80],[-790,-160],[-390,-80],[-240,-50],[-250,-50],[-320,-90],[-320,-110],[-330,-150],[-330,-160],[-610,-320],[-690,-350],[-730,-350],[-580,-240],[-770,-290],[-140,-40],[-190,-50],[-210,-50],[-120,-20],[-140,-20],[-280,-40],[-30,0],[-270,-20],[-460,0],[-180,10],[-120,10],[-460,60],[-690,120],[-740,140],[-670,110],[-230,40],[-260,50],[-600,120],[-230,60],[-170,50],[-400,160],[-470,260],[-380,210],[-150,80],[-190,90],[-210,90],[-180,70],[-370,130],[-100,30],[-270,80],[-110,20],[-520,110],[-500,90],[-420,60],[-390,60],[-370,50],[-700,100],[-440,60],[-400,50],[-400,70],[-390,60],[-190,50],[-290,60],[-740,180],[-380,110],[-20,10],[-480,120],[-140,90],[-230,70],[-190,50],[-280,70],[-150,40],[-220,50],[-440,80],[-580,70],[-720,60],[-420,40],[-220,20]],[[-84484130,34223990],[-350,-280],[-380,-300],[-250,-200],[-310,-250],[-270,-210],[-340,-250],[-270,-190],[-350,-220],[-510,-310],[-560,-330],[-320,-210]],[[-84399260,34321670],[520,480],[580,500],[420,380],[310,280],[420,390],[360,360],[310,340],[340,420],[310,420],[140,200],[290,440],[230,430],[340,690],[170,420],[100,280],[110,350],[120,450],[50,200],[60,250],[60,270],[100,440],[150,630],[120,510],[50,230],[30,130],[60,250],[80,340],[140,610]],[[-84324490,34257830],[-430,40],[-110,0],[-180,10],[-150,0],[-260,-20],[-290,-40],[-300,-60],[-330,-90],[-240,-80],[-150,-50],[-510,-180],[-660,-230],[-540,-180],[-940,-340],[-160,-60],[-230,-80],[-100,-40],[-550,-190],[-80,-30],[-160,-60],[-390,-130],[-330,-120],[-150,-40],[-320,-90],[-190,-50],[-270,-60],[-110,-20],[-340,-70],[-250,-40],[-100,-10],[-110,-20],[-370,-40],[-270,-30],[-380,-20],[-520,-10],[-450,10],[-50,0],[-900,50],[-390,20],[-830,50],[-800,30],[-50,0],[-590,30],[-450,30],[-1300,80],[-680,40],[-530,-10],[-230,-30],[-280,-60],[-190,-60],[-200,-80],[-190,-90],[-270,-140],[-400,-210],[-250,-120],[-230,-100],[-20,-10],[-210,-70],[-230,-60],[-280,-40],[-370,-10],[-570,20],[-390,30],[-390,10],[-150,-10],[-230,-10],[-270,-40],[-250,-50],[-250,-70],[-340,-110],[-480,-150],[-280,-80],[-390,-80],[-220,-30],[-120,-10],[-340,-30],[-340,-10],[-340,20],[-340,20],[-620,50],[-2470,170],[-1540,120],[-410,30],[-230,20],[-200,10],[-420,30],[-430,30],[-430,-10],[-320,-20],[-100,-10],[-380,-60],[-300,-70],[-290,-90],[-420,-150],[-210,-80],[-660,-260]],[[-84647460,34079180],[-520,10],[-450,10],[-490,20],[-830,40],[-2480,130],[-820,40],[-380,20],[-210,10],[-280,10],[-220,10],[-600,30],[-590,30],[-650,30],[-580,30],[-560,30],[-580,30],[-420,20],[-930,40],[-580,30]],[[-84428470,34297730],[-820,-570],[-930,-650],[-850,-580],[-5450,-3650],[-4500,-3020],[-5930,-3980],[-670,-450],[-380,-270],[-1070,-760],[-430,-310],[-550,-410],[-660,-490],[-230,-160],[-550,-410],[-1210,-900],[-1130,-830],[-1480,-1100],[-2670,-1970],[-970,-720],[-440,-320],[-230,-170],[-480,-360],[-1740,-1290],[-760,-550],[-1280,-960],[-290,-230],[-190,-160],[-270,-240],[-200,-200],[-340,-340],[-140,-150],[-270,-300],[-310,-370],[-100,-130],[-130,-180],[-220,-320],[-170,-270],[-210,-350],[-80,-140],[-80,-150],[-120,-250],[-80,-160],[-80,-170],[-130,-330],[-120,-300],[-120,-360],[-110,-400],[-50,-220],[-50,-250],[-30,-270],[-10,-120],[-10,-160],[0,-210],[10,-180],[10,-310],[10,-180],[20,-240],[20,-250],[110,-1140],[100,-1070],[210,-2330],[30,-310],[10,-180],[40,-1080],[10,-320]],[[-84392320,34372910],[90,-520],[100,-560],[110,-600],[50,-290],[60,-380],[60,-420],[30,-250],[50,-450],[20,-190],[30,-380],[30,-420],[20,-290],[10,-270],[10,-490],[10,-420],[0,-580],[0,-960],[0,-780],[0,-820],[-10,-1150],[0,-500],[0,-360],[0,-980],[0,-670],[0,-490],[0,-420],[0,-1210],[0,-970],[-10,-1300],[0,-780],[0,-1380],[-10,-3180],[0,-1050],[0,-970],[-10,-1510],[0,-730],[0,-1960],[0,-930],[0,-270],[-10,-300],[-10,-270],[-10,-180],[-30,-430],[-20,-300],[-10,-150],[-20,-240],[-30,-290],[-40,-370],[-20,-170],[-50,-390],[-40,-290],[-30,-190],[-70,-400],[-100,-550],[-120,-620],[-340,-1450],[-150,-640],[-330,-1420],[-140,-600]],[[-84485050,34222870],[400,320],[230,180],[200,170],[160,130],[210,170]],[[-84495580,34220950],[-290,70],[-120,30],[-70,20],[-1020,270],[-510,150],[-500,210],[-1410,850],[-300,190],[-1050,690]],[[-84514640,34149730],[280,550],[240,450],[140,260],[560,1060],[440,860],[360,700],[240,480],[200,450],[170,420],[140,380],[50,150],[100,310],[140,460],[120,460],[100,470],[100,540],[80,590],[40,450],[30,490],[10,300],[-10,700],[-20,390],[-40,520],[-80,640],[-40,320],[-40,240],[-50,280],[-60,320],[-240,1230],[-150,780],[-150,780],[-230,1180],[-310,1620],[-230,1190],[-70,370],[-50,270],[-50,290],[-30,200],[-20,130],[-30,300],[-20,250],[0,240],[10,250],[30,320],[30,250],[20,130],[50,290],[60,270],[90,330],[120,350],[160,390],[100,220],[70,150],[80,150],[140,250],[110,180],[100,150],[160,240],[240,310],[160,200],[150,160],[370,370],[350,330],[170,170],[230,210],[620,550],[570,520],[200,180],[240,230],[180,190],[160,170],[150,190],[150,210],[160,240],[180,320],[130,260],[110,270],[90,270],[70,270],[50,220],[90,490],[130,770],[120,720]],[[-85110710,33561880],[230,-360],[350,-550],[510,-840],[490,-770],[280,-350],[180,-190],[80,-90],[220,-210],[110,-100],[360,-280],[390,-270],[260,-150],[230,-130],[600,-280],[630,-220],[610,-150],[500,-90],[260,-40],[380,-20],[380,-10],[730,0],[270,20],[820,0],[830,30],[120,0],[170,0],[980,30],[80,0],[1360,30],[1360,20],[940,20],[1760,50],[980,20],[400,10],[1080,30],[440,10],[980,30],[810,20],[3820,90],[1630,40],[330,10],[430,10],[400,10],[120,0],[660,20],[920,20],[1580,50],[650,10]],[[-85314790,33538070],[660,530],[140,110],[140,120],[430,350],[650,530],[920,740],[390,310],[510,400],[330,240],[300,180],[320,190],[260,130],[470,190],[280,100],[220,70],[530,130],[540,90],[220,40],[360,40],[190,20],[380,40],[340,30],[840,100],[760,80],[190,20],[350,40],[1310,140],[320,30],[310,40],[1470,160],[2240,230],[2190,240],[4270,460],[2200,230],[630,70],[300,30],[560,50],[260,10],[260,10],[270,0],[260,0],[230,-10],[250,-10],[190,-10],[640,-50],[260,-30],[290,-30],[830,-60],[190,-20],[340,-30],[960,-70],[490,-40],[930,-80],[1180,-100],[460,-60],[530,-110],[160,-30],[230,-50],[210,-50],[460,-140],[650,-230],[460,-190],[510,-210],[1390,-560],[530,-210],[1030,-400],[490,-190],[250,-100],[410,-160],[400,-170],[600,-240],[290,-130],[90,-40],[520,-250],[400,-200],[50,-20],[730,-400],[130,-70],[270,-140],[120,-60],[90,-50],[840,-470],[120,-60],[570,-310],[520,-290],[440,-230],[230,-140],[500,-270],[490,-250],[270,-150],[250,-120],[280,-110],[230,-90],[80,-20],[110,-30],[140,-30],[140,-30],[300,-40],[340,-30],[250,0],[200,20],[150,10],[220,30],[190,20],[200,30],[40,0],[50,10],[180,30],[260,40],[210,30],[530,80],[220,30],[260,40],[260,40],[250,30],[490,80],[230,40],[1300,190],[1300,190],[240,40],[270,50],[120,10],[150,30],[110,20],[50,10],[250,40],[300,40],[140,20],[260,30],[280,30],[440,10],[410,0]],[[-84911870,33724730],[-970,-220]],[[-85253320,33538190],[-410,0],[-440,-10],[-280,-30],[-260,-30],[-140,-20],[-300,-40],[-250,-40],[-50,-10],[-110,-20],[-150,-30],[-120,-10],[-270,-50],[-240,-40],[-1300,-190],[-1300,-190],[-230,-40],[-490,-80],[-250,-30],[-260,-40],[-260,-40],[-220,-30],[-530,-80],[-210,-30],[-260,-40],[-180,-30],[-50,-10],[-40,0],[-200,-30],[-190,-20],[-220,-30],[-150,-10],[-200,-20],[-250,0],[-340,30],[-300,40],[-140,30],[-140,30],[-110,30],[-80,20],[-230,90],[-280,110],[-250,120],[-270,150],[-490,250],[-500,270],[-230,140],[-440,230],[-520,290],[-570,310],[-120,60],[-840,470],[-90,50],[-120,60],[-270,140],[-130,70],[-730,400],[-50,20],[-400,200],[-520,250],[-90,40],[-290,130],[-600,240],[-400,170],[-410,160],[-250,100],[-490,190],[-1030,400],[-530,210],[-1390,560],[-510,210],[-460,190],[-650,230],[-460,140],[-210,50],[-230,50],[-160,30],[-530,110],[-460,60],[-1180,100],[-930,80],[-490,40],[-960,70],[-340,30],[-190,20],[-830,60],[-290,30],[-260,30],[-640,50],[-190,10],[-250,10],[-230,10],[-260,0],[-270,0],[-260,-10],[-260,-10],[-560,-50],[-300,-30],[-630,-70],[-2200,-230],[-4270,-460],[-2190,-240],[-2240,-230],[-1470,-160],[-310,-40],[-320,-30],[-1310,-140],[-350,-40],[-190,-20],[-760,-80],[-840,-100],[-340,-30],[-380,-40],[-190,-20],[-360,-40],[-220,-40],[-540,-90],[-530,-130],[-220,-70],[-280,-100],[-470,-190],[-260,-130],[-320,-190],[-300,-180],[-330,-240],[-510,-400],[-390,-310],[-920,-740],[-650,-530],[-430,-350],[-140,-120],[-140,-110],[-660,-530]],[[-84166470,33820700],[-440,-20],[-230,0],[-310,10],[-260,20],[-270,30],[-250,40],[-330,60],[-340,80],[-140,40],[-220,70],[-320,110],[-260,100],[-260,110],[-240,120],[-210,120],[-200,120],[-240,160],[-310,220],[-270,240],[-230,220],[-230,240],[-150,170],[-250,310],[-300,380],[-160,210],[-180,220],[-150,190],[-340,420],[-250,290],[-320,370],[-220,250],[-390,420],[-390,390],[-370,360],[-410,370],[-420,350],[-190,160],[-410,320],[-420,320],[-420,300],[-340,230],[-30,20],[-70,50],[-450,300],[-430,270],[-490,290],[-430,250],[-490,260],[-510,260],[-310,150],[-200,90],[-300,140],[-250,110],[-240,110],[-290,120],[-530,210],[-540,190],[-540,190],[-380,130],[-220,70],[-290,90],[-240,70],[-240,70],[-320,90],[-260,70],[-300,80],[-560,150],[-600,160],[-2620,680],[-1040,270],[-590,160],[-1780,470],[-600,150],[-560,150],[-350,80],[-470,110],[-240,50],[-230,40],[-200,30],[-430,60],[-440,50]],[[-84561430,34000750],[-20,260],[0,250],[10,220],[20,190],[30,200],[30,180],[40,200],[40,200],[50,200],[100,370],[180,670],[440,1680],[440,1700],[250,960],[70,280],[70,280]],[[-84156030,33823600],[-630,-140],[-260,-60],[-300,-70],[-380,-90],[-430,-110],[-340,-90],[-310,-90],[-410,-120],[-400,-130]],[[-84359600,33825040],[-40,170],[-150,490],[-120,430],[-70,290],[-50,200],[-40,210],[-70,460],[-60,430],[-20,170],[-20,230],[-20,290],[0,290],[0,260],[20,560],[10,280],[10,110],[20,180],[30,290],[10,90],[40,220],[30,200],[70,290]],[[-84205100,33834980],[-400,-20],[-440,-30],[-390,-20],[-320,-10],[-1110,-30],[-1210,-30],[-370,-10],[-440,-10],[-460,-10],[-1380,-40],[-670,-20],[-320,-20],[-270,-20],[-410,-40],[-410,-60],[-570,-100],[-440,-100],[-300,-80],[-330,-90],[-300,-100],[-280,-100],[-280,-110],[-550,-240],[-580,-290],[-560,-280],[-820,-410],[-1300,-660],[-1100,-540],[-1020,-510],[-2020,-1020],[-1800,-900],[-240,-120],[-530,-270],[-230,-110],[-320,-160],[-520,-260],[-530,-270],[-550,-270],[-1190,-620],[-360,-180]],[[-84351980,33823670],[700,200],[350,130],[580,230],[620,260]],[[-84530550,34098380],[70,260],[30,110],[20,80],[50,220],[40,190],[30,150],[20,130],[20,150],[10,130],[10,120],[10,200],[0,160],[0,170],[-10,300],[-10,190],[-20,200],[-20,160],[-30,190],[-30,170],[-30,160],[-50,210],[-70,250],[-70,230],[-40,120],[-40,110],[-50,130],[-50,120],[-40,90],[-100,210],[-80,160],[-210,420],[-400,780],[-380,740],[-250,490],[-260,500],[-370,720],[-130,260],[-50,100],[-60,130],[-110,250],[-70,160],[-60,150],[-50,130]],[[-84469110,34229780],[190,170],[240,250],[200,230],[210,260],[230,310],[210,330],[180,330],[70,140],[70,150],[170,430],[140,440],[80,300],[100,410],[240,960],[550,2240],[340,1370],[50,260],[40,260],[30,250],[20,350],[0,300],[-20,290],[-30,300],[-30,210],[-60,280],[-100,370],[-170,520],[-140,390],[-120,350],[-100,260],[-160,450],[-140,390],[-90,290],[-60,200],[-80,290],[-80,350],[-50,250],[-20,140],[-20,150],[-10,140]],[[-85033350,33715780],[460,80],[290,40],[460,60],[530,60],[3160,340],[1370,150],[1470,160],[1610,170],[1150,130],[1680,180],[580,60],[570,60]],[[-85078030,33557620],[-750,-10],[-190,0],[-640,-20],[-910,-30],[-1820,-50],[-470,-10],[-730,-20],[-810,-20],[-800,-10],[-2750,-60],[-1660,-40],[-970,-20],[-550,-10],[-770,-20],[-430,-10],[-500,-20],[-970,-30],[-500,-10],[-820,-20],[-680,-20],[-1040,-40],[-230,-10],[-1170,-70],[-260,-10],[-840,-40],[-380,-10],[-470,-20],[-730,-30],[-120,-10],[-570,-40],[-1100,-110],[-270,-20],[-730,0],[-380,10],[-380,20],[-260,40],[-500,90],[-610,150],[-630,220],[-600,280],[-230,130],[-260,150],[-390,270],[-360,280],[-110,100],[-220,210],[-80,90],[-180,190],[-280,350],[-490,770],[-510,840],[-350,550],[-230,360]],[[-85111380,33562260],[-210,-80],[-210,-80],[-170,-70],[-230,-90],[-440,-140],[-300,-80],[-140,-20],[-430,-80],[-250,-20],[-150,-10],[-200,-20],[-310,-20],[-30,0],[-190,-20],[-120,-50],[-210,0],[-80,0],[-260,-10],[-410,-40],[-500,-50],[-150,-10],[-150,-10],[-380,-30],[-400,-40],[-340,-40],[-410,-60],[-210,-40],[-400,-90],[-410,-100],[-310,-80],[-360,-100],[-560,-150],[-610,-170],[-550,-120],[-800,-180],[-1320,-140],[-1340,-140],[-120,-10],[-210,-20],[-300,-30],[-600,-60],[-1360,-140],[-1450,-150],[-90,-10],[-1600,-160],[-660,-50],[-640,0],[-420,30],[-440,60],[-450,90],[-170,30],[-870,200],[-1920,450],[-530,120],[-600,140],[-1850,420],[-520,120],[-30,10],[-600,110],[-1130,160],[-910,90],[-900,50],[-930,0],[-1960,-30],[-110,0],[-710,0],[-90,0],[-710,-20],[-720,-10],[-440,-10],[-1490,-20],[-520,-20],[-80,0],[-400,-30],[-740,-50],[-630,-60],[-90,-10],[-630,-60],[-130,-10],[-110,-10],[-230,-20],[-370,-40],[-210,-20],[-440,-50],[-250,-20],[-490,-50],[-1100,-110],[-1190,-120],[-1910,-190],[-4660,-470],[-550,-60],[-520,-50],[-2270,-230],[-3700,-380],[-600,-60],[-140,-10],[-100,0],[-930,-40],[-570,-10],[-1180,-10],[-1420,-10],[-1530,10],[-1330,10],[-2100,10],[-230,0],[-5320,20],[-1440,20],[-1000,10],[-540,30],[-550,70],[-550,100],[-560,150],[-820,310],[-1030,380],[-200,80],[-310,120],[-170,60],[-960,360],[-1640,610],[-1910,710],[-400,150]],[[-84565490,33774320],[-750,60],[-1130,70],[-310,20],[-4010,260],[-5700,380],[-1340,90],[-1160,80],[-4200,280],[-1210,80],[-2660,200],[-2430,170],[-3710,250],[-1260,80],[-2620,180],[-170,10],[-1160,70],[-1070,70],[-1120,70],[-570,30]],[[-84263600,33895350],[-1290,1000],[-1100,840],[-710,560],[-190,150],[-160,130]],[[-84391840,33737400],[40,790],[60,750],[20,460],[30,440],[90,1080],[90,990],[30,130]],[[-84342870,33916730],[-1150,-350],[-480,-150],[-570,-180],[-1530,-460],[-620,-190],[-160,-50]],[[-84272750,33810570],[70,80],[60,70],[110,140],[300,330],[220,270],[320,370],[90,110],[150,180],[110,140],[70,80],[30,40],[70,80],[100,120],[160,180],[70,80],[190,250],[400,460],[60,70],[390,460],[50,50],[220,270],[100,120],[50,60],[50,70],[340,470],[120,190],[140,210],[200,320],[100,190],[150,290],[50,100],[110,250],[50,120],[100,240],[90,190],[100,170],[20,30],[120,180],[280,340],[190,190],[190,170],[110,100],[160,130],[250,170],[200,130],[290,180],[140,120],[180,130],[40,30],[60,50],[80,70],[70,50],[40,30],[100,90],[60,50],[60,60],[110,120],[60,70],[100,100],[30,30],[60,70],[90,110],[80,100],[40,60],[40,50],[90,130],[70,100],[20,40],[200,290],[70,120],[120,190],[100,150],[180,260],[120,170],[90,140],[80,90],[30,30],[60,80],[120,130],[60,70],[50,50],[180,180]],[[-84392610,33795730],[-200,100],[-400,190],[-190,100],[-170,90],[-120,60],[-140,80],[-200,120],[-150,100],[-120,90],[-170,130],[-100,80],[-160,140],[-170,170],[-130,150],[-190,220],[-40,60],[-60,80],[-50,70],[-40,60],[-40,60],[-90,150],[-120,200],[-30,50],[-350,580],[-90,140],[-110,160],[-70,100],[-90,120],[-190,230],[-80,90],[-280,320]],[[-84500100,33938180],[570,-360],[50,-30],[450,-280],[380,-240],[320,-200],[210,-130],[350,-220],[430,-270],[520,-330],[800,-500],[160,-100],[140,-90],[360,-220],[160,-100],[750,-480],[60,-40],[220,-140],[160,-110],[180,-130],[430,-330],[180,-140],[180,-140],[350,-300],[380,-340],[340,-300],[430,-410],[270,-280],[340,-370],[420,-500],[230,-290],[130,-170],[310,-430],[80,-110],[70,-100],[160,-250],[250,-410],[100,-170],[300,-510],[220,-390],[490,-880],[400,-710],[160,-280],[150,-270],[80,-140],[140,-250]],[[-84262870,33822620],[240,210],[190,160],[140,110],[90,70],[70,50],[70,40],[150,100],[90,50],[30,20],[90,50],[30,20],[210,120],[50,20],[230,110],[440,200],[220,90],[190,90],[240,100],[200,90],[90,40],[280,120],[60,30],[330,150],[200,90],[240,110],[100,50],[280,120],[140,60],[150,70],[450,200],[170,70],[530,230],[200,100],[400,170],[220,90],[120,40],[500,190],[110,30],[300,90],[580,160],[80,20],[160,50],[230,60]],[[-84533180,33975240],[400,-400],[50,-50],[490,-510],[110,-120],[470,-480],[470,-490],[450,-460],[660,-680],[360,-380],[720,-750],[560,-580],[630,-650],[870,-910],[650,-660],[840,-880],[620,-640],[470,-490],[670,-700],[60,-60],[70,-80],[130,-140],[140,-150],[120,-130]],[[-84303520,33785210],[340,270],[70,50],[190,130],[240,170],[460,290],[730,460],[520,310],[250,150],[530,330],[330,210],[510,290],[540,330],[710,440],[1200,720],[1070,650],[260,150],[140,90],[900,540],[540,330],[260,160],[300,180],[140,90],[370,220],[170,110],[520,320],[170,100],[230,140],[20,10],[200,120],[110,70],[350,210],[300,180],[40,30],[190,120],[110,70],[70,50],[340,210]],[[-84566420,33574380],[310,140],[490,230],[190,90],[510,230],[340,140],[1100,420],[600,240],[660,310],[890,420],[130,60],[130,60],[410,190],[90,40],[130,60],[90,40],[240,110],[220,100],[210,90],[310,150],[240,120],[150,80],[250,120],[140,70],[300,140],[420,210],[1010,470],[240,110],[220,100],[170,80],[290,130],[280,130],[430,200],[540,250],[40,20],[490,240],[670,320],[380,190],[120,60],[450,290],[230,150],[150,110],[30,20],[230,160],[210,150],[80,60],[120,80],[80,60],[20,20],[140,150]],[[-84486550,33846800],[100,200],[120,250],[160,420],[30,70],[90,240],[110,270],[200,480],[40,110],[230,590],[180,440],[120,290],[110,290],[110,300],[120,340],[100,250],[270,660],[230,580],[180,450],[250,610],[160,390],[280,690],[110,270],[320,790],[130,320],[110,260],[70,170],[140,340],[180,440],[370,920],[210,510],[80,200],[120,300],[90,220],[190,460],[90,220],[80,200],[150,370]],[[-84253910,33887860],[-680,530],[-400,350],[-350,320]],[[-84390560,33781520],[-20,820],[0,570],[0,330],[-10,760],[10,320],[0,130],[0,380],[60,450],[20,240],[20,300],[10,180],[10,120],[20,240],[10,200]],[[-85049080,33569160],[-950,-700],[-570,-450],[-780,-640],[-550,-480],[-320,-290],[-240,-220],[-350,-330],[-470,-450],[-990,-970],[-810,-780],[-490,-480],[-410,-400],[-240,-230],[-350,-350],[-30,-30],[-320,-310],[-70,-70],[-250,-240],[-310,-280],[-390,-350],[-340,-300],[-280,-220],[-280,-210],[-340,-230],[-330,-210],[-350,-210],[-230,-130],[-240,-130],[-340,-170],[-280,-130],[-290,-130],[-200,-80],[-200,-80],[-180,-70],[-210,-80],[-240,-80],[-250,-80],[-400,-120],[-340,-90],[-550,-130],[-270,-60],[-430,-70],[-180,-30],[-280,-40],[-130,-20],[-110,-10],[-460,-40],[-690,-40],[-940,-20],[-1160,-40]],[[-85158090,33685450],[360,-10],[420,-10],[550,-10],[1090,-10],[1160,-10],[860,-10],[550,-10],[1090,-10],[360,0],[270,0],[310,0],[2400,-20],[1330,-10],[710,0]],[[-85050150,33568040],[640,440],[310,230],[230,180],[350,270],[330,230]],[[-83833130,34090440],[1960,640]],[[-83831090,34091290],[-620,-200],[-620,-200],[-610,-200]],[[-83716120,33942180],[-340,-150],[-280,-110],[-310,-130],[-450,-200],[-230,-100],[-830,-360],[-810,-340],[-840,-360],[-520,-210],[-620,-260],[-430,-180],[-650,-290],[-700,-290],[-480,-200],[-510,-210],[-470,-170],[-500,-160],[-520,-140],[-810,-170],[-490,-80],[-320,-40],[-320,-30],[-520,-30],[-560,-10],[-840,30],[-280,20],[-560,60],[-380,50],[-470,90],[-410,90],[-510,120],[-270,90],[-240,70],[-340,110],[-160,50],[-890,290],[-510,160],[-560,180],[-530,170],[-550,180],[-840,260],[-840,270],[-1310,400],[-340,110],[-670,210],[-340,110],[-340,110],[-680,210],[-330,110],[-340,100],[-670,220],[-600,190],[-640,200],[-1190,380],[-730,230],[-950,300],[-950,300],[-780,250],[-880,290],[-520,190],[-80,30],[-410,160],[-400,160],[-580,250],[-370,170],[-260,120],[-290,140],[-320,160],[-380,200],[-450,240]],[[-84251330,33832270],[190,390],[320,550],[350,570],[560,910],[400,680],[350,670],[70,150],[150,350],[130,300],[90,210],[70,180],[120,330],[170,530],[80,250],[120,470],[50,230],[120,590],[90,530],[60,510],[130,960],[40,280],[20,180],[10,140]],[[-84318370,33677610],[430,300],[260,200],[380,280],[220,170],[1220,910],[540,400],[640,470],[590,450],[510,390],[400,310]],[[-84537650,34080560],[-140,-410],[-110,-340],[-110,-350],[-120,-390],[-110,-370],[-80,-290],[-90,-350],[-130,-540],[-160,-720],[-140,-670],[-50,-240],[-150,-730],[-150,-740],[-150,-710],[-130,-610],[-170,-840],[-190,-940],[-210,-940],[-250,-1180],[-140,-740],[-100,-480],[-110,-570],[-110,-540],[-90,-440],[-130,-600],[-80,-380],[-150,-740],[-60,-310],[-200,-950],[-150,-720],[-230,-1120],[-210,-1020],[-90,-430],[-40,-160],[-50,-200],[-60,-210],[-80,-240],[-120,-330],[-120,-260],[-80,-160],[-70,-140],[-60,-110],[-90,-160],[-80,-130],[-110,-170],[-150,-220],[-140,-190],[-140,-180],[-80,-100],[-110,-130],[-130,-150],[-120,-130],[-110,-120],[-110,-110],[-150,-140],[-200,-180],[-150,-130],[-120,-100],[-90,-70],[-150,-120],[-160,-120],[-130,-90],[-130,-90],[-190,-120],[-130,-80],[-200,-120],[-160,-90],[-190,-100],[-240,-120],[-230,-110],[-230,-100],[-190,-80],[-150,-60],[-140,-50],[-230,-80],[-270,-90],[-230,-70],[-260,-70],[-360,-90],[-590,-140]],[[-84273550,33808490],[30,280],[10,110],[10,90],[30,120],[60,240],[100,250],[80,170],[80,160],[50,80],[80,120],[0,130]],[[-84352080,33913670],[220,80],[450,130],[370,100],[500,160],[850,260],[880,260]],[[-84999000,33613930],[120,110],[280,280],[110,130],[140,180],[150,200]],[[-85253320,33538190],[200,10],[130,0],[40,10],[220,30],[220,60],[150,50],[60,30],[100,40],[300,110],[150,60],[90,40],[150,60],[300,120],[130,50],[110,50],[350,140],[190,90],[220,110],[140,70],[90,50],[210,150],[160,120],[120,100],[650,530],[120,90],[200,160],[150,120],[120,90],[200,150],[130,110],[190,150],[190,140],[90,70],[40,30],[120,100],[470,380],[660,550],[370,350],[340,370],[310,400],[490,640],[20,30],[210,290],[270,310],[100,110],[250,250],[270,270],[520,490],[180,150],[820,740],[160,140],[280,240],[370,320],[90,80],[90,80],[170,150],[150,140],[150,130],[180,160],[400,360],[190,170],[30,20],[200,180],[400,360],[160,160],[230,230],[80,90],[300,330],[40,40],[320,390],[210,250],[100,130],[440,550],[280,370],[20,30],[290,380],[210,310],[250,390],[150,240],[760,1380],[440,830],[140,270],[170,310],[110,180],[440,830],[40,70],[170,310],[120,230],[60,100],[120,220],[370,700],[220,370],[130,210],[50,70],[130,180],[220,230],[90,110],[190,160],[130,90],[130,100],[100,60],[110,70],[150,90],[150,60],[100,50],[180,70],[80,30],[100,40],[350,100],[300,50],[140,30],[480,60],[1290,140],[530,60],[70,10],[120,10],[420,50],[620,70],[210,20],[340,40],[330,40],[380,40],[440,40],[360,50],[170,20],[440,50],[210,30],[290,30],[130,10],[130,10],[280,30],[320,40],[450,50],[410,50],[580,60],[400,70],[640,130],[540,160],[870,250],[2520,750],[1570,420],[800,210],[380,90],[270,50],[170,30],[700,80],[580,50],[170,10],[260,20],[390,0],[620,-30],[390,-20],[770,-40],[1570,-120],[1990,-140],[790,-50],[510,-40],[500,-60],[280,-40],[220,-40],[470,-100],[490,-130],[480,-160],[1360,-500],[240,-90],[590,-220],[350,-130]],[[-83606870,33956470],[-1340,410],[-3380,1020],[-950,290],[-1400,420],[-230,70],[-820,260],[-1120,330],[-590,180],[-920,280],[-870,260],[-800,240],[-470,140],[-390,110],[-410,100],[-410,90],[-590,110],[-380,60],[-300,40],[-380,40],[-460,40],[-1540,80],[-3200,180],[-1440,80],[-450,30],[-960,50],[-840,50],[-290,10],[-910,20],[-900,10],[-260,0],[-630,0],[-590,-20],[-810,-30],[-680,-40],[-440,-30],[-700,-60],[-710,-70],[-480,-50],[-610,-80],[-750,-100],[-330,-50],[-720,-120],[-400,-70],[-540,-100],[-310,-60],[-630,-130],[-660,-150],[-750,-180],[-540,-140],[-680,-190],[-450,-130],[-820,-250],[-590,-190]],[[-83769490,33953370],[560,-170],[180,-60],[480,-140],[400,-130]],[[-83716930,33941630],[480,190],[220,90],[210,90]],[[-84315320,33886050],[330,480],[20,30],[20,30],[80,110],[20,30],[100,150],[290,420],[250,370],[160,200],[70,80],[160,170],[30,40],[200,220],[40,50],[80,80],[60,60],[20,20],[100,80],[280,230]],[[-84249990,33828530],[400,310],[120,90],[90,70],[180,150],[80,190],[390,360],[80,70],[110,110],[230,220],[120,110],[150,140],[90,80],[190,160],[430,380],[180,130],[280,170],[670,390],[590,350],[230,150],[220,140],[190,130],[190,130],[170,130],[330,290],[70,60],[520,470],[140,130],[280,250],[70,70],[340,320],[390,330],[610,480],[490,360],[630,420],[40,30],[460,300],[70,40],[440,270],[460,280],[130,80],[140,80],[170,100],[270,170],[110,60],[90,60],[250,150]],[[-84349290,33773840],[-260,0],[-300,-10],[-870,-10],[-270,0],[-240,0],[-190,0],[-220,0],[-300,0],[-550,0],[-60,0]],[[-84761450,34202460],[-10,260],[0,190],[10,470],[0,690],[10,460],[10,560],[20,830],[10,640],[0,260],[10,230],[20,260],[40,280],[30,200],[50,210],[90,380],[120,340],[80,210],[110,260],[140,260],[130,240],[150,250],[180,260],[170,240],[210,250],[190,220],[200,210]],[[-84559070,34019790],[50,-380],[40,-330],[60,-590],[20,-270],[40,-820],[20,-590],[0,-450],[0,-430],[-10,-430],[-10,-550],[-20,-410],[-30,-360],[-20,-150],[-20,-200],[-30,-270],[-30,-310],[-30,-230],[-20,-150],[-50,-370],[-50,-340],[-120,-660],[-100,-520],[-100,-480],[-60,-250],[-70,-260],[-50,-210],[-90,-350],[-120,-470],[-80,-320],[-210,-800]],[[-84470350,33898670],[290,-200],[360,-240],[270,-180],[310,-210],[320,-220],[400,-280],[440,-300],[590,-390],[280,-180],[130,-90],[150,-100],[470,-300],[600,-390],[460,-320],[290,-220],[280,-230],[80,-70],[140,-130],[60,-60],[110,-110],[300,-320],[120,-130],[140,-150],[110,-130],[260,-320],[200,-240],[180,-220],[270,-360],[620,-830],[140,-190],[130,-170],[40,-50],[50,-50],[60,-50],[140,-130],[80,-110],[120,-160],[270,-400],[110,-150],[80,-100],[160,-200],[60,-90],[150,-190],[70,-90],[100,-140]],[[-84357770,33918520],[0,180],[0,210]],[[-84569960,34015370],[240,-990],[80,-340],[60,-240],[130,-510],[70,-280],[90,-330],[90,-300],[90,-280],[100,-290],[110,-290],[360,-830],[90,-190],[110,-220],[270,-520],[110,-190],[120,-210],[230,-380],[180,-290],[340,-570],[790,-1210],[580,-930],[280,-450],[420,-660],[330,-550],[450,-740],[200,-340],[120,-200],[230,-390],[370,-630]],[[-84761190,34209210],[-100,-240],[-80,-220],[-80,-230],[-90,-340],[-40,-130],[-50,-210],[-40,-260],[-40,-490],[-10,-250],[-20,-330],[-10,-250],[10,-410],[0,-250],[-30,-1210],[-10,-480],[0,-480],[-10,-240],[0,-720],[-20,-600],[-20,-510],[-30,-330],[-20,-220],[-30,-220],[-30,-190],[-70,-310]],[[-84799660,34202240],[-70,-190],[-40,-90],[-50,-70],[-50,-50],[-90,-60],[-90,-40],[-90,-30],[-110,-20],[-150,-20],[-310,-30],[-240,-10],[-200,0],[-150,10],[-240,30],[-260,40]],[[-84388930,33935710],[500,90],[270,50],[300,50],[330,50],[380,40],[560,50],[420,40],[480,50],[380,40],[440,50],[490,70],[360,50],[350,40],[160,20],[260,30],[500,70],[370,40],[680,70],[400,40],[420,50]],[[-84429670,33657680],[-400,50],[-150,20],[-460,50],[-190,20],[-200,30],[-270,10],[-270,-20],[-270,-50],[-150,-40],[-120,-30],[-180,-80],[-220,-90],[-260,-140],[-120,-90],[-230,-200],[-490,-420],[-330,-270],[-70,-50],[-300,-240],[-350,-310],[-210,-220],[-210,-210],[-40,-50],[-240,-270],[-100,-130],[-430,-570],[-390,-520],[-70,-90],[-80,-110],[-430,-590],[-200,-250],[-210,-230],[-250,-200],[-400,-220],[-230,-100],[-220,-70],[-190,-50],[-220,-30],[-250,-20],[-320,0],[-300,-20],[-350,0],[-780,-50]],[[-84660810,34079540],[1170,-60]],[[-84349520,33704770],[0,-360],[0,-290],[0,-220]],[[-84479990,33913930],[-130,200],[-60,90],[-60,100],[-520,890],[-390,690],[-630,1100],[-470,770],[-580,890],[-310,470],[-560,870],[-580,970],[-460,820],[-230,410],[-290,510],[-80,140],[-290,520],[-550,990],[-300,540],[-140,250],[-150,270],[-270,480],[-260,470],[-350,660],[-800,1390]],[[-84453520,33646320],[730,-320],[1020,-400]],[[-84232140,34057330],[-70,90],[-40,50],[-70,80],[-150,160],[-230,220],[-260,200],[-250,160],[-280,150],[-520,250]],[[-84273020,33810240],[270,330]],[[-84283540,33920090],[60,180],[70,170],[250,540],[190,350],[90,150],[20,30],[110,170],[90,130],[160,220],[100,130],[160,200],[230,260],[30,40],[150,150],[60,60],[230,220],[250,220],[160,140],[240,190],[180,150],[370,260],[410,250],[330,180],[130,70],[180,90],[250,120],[180,80],[250,110],[540,230],[270,110],[420,180]],[[-84159490,33822700],[-1160,-370],[-1010,-320],[-920,-290],[-1120,-350],[-630,-200],[-570,-170],[-400,-110],[-270,-60],[-270,-50],[-280,-40],[-350,-40]],[[-84907550,34373070],[340,-360],[540,-540],[670,-660],[430,-430],[570,-560],[560,-550],[190,-180],[330,-330],[650,-640],[210,-210],[310,-300],[560,-560],[580,-560],[560,-560],[190,-180],[570,-570],[190,-190],[630,-620],[840,-830],[330,-320],[370,-370],[160,-150],[120,-110],[550,-530],[450,-400],[450,-370],[770,-580],[450,-300],[950,-610],[760,-450],[1250,-740],[180,-110],[510,-310],[610,-370],[390,-260],[70,-50],[520,-360],[450,-320],[470,-360],[520,-410],[390,-330],[430,-390],[520,-480],[540,-520],[350,-330],[200,-200],[200,-190],[390,-380],[400,-370],[400,-390],[400,-380],[950,-910],[690,-660],[720,-680],[660,-640],[510,-470],[630,-620],[840,-800],[660,-630],[510,-490],[860,-820],[1460,-1410],[400,-380],[570,-540],[360,-350],[720,-700],[930,-890],[750,-770],[550,-500],[290,-270],[660,-590],[1090,-900],[370,-290],[450,-360],[790,-620],[250,-200],[420,-330],[300,-230],[370,-290],[860,-680],[210,-170],[220,-160],[220,-180],[320,-240],[810,-650],[230,-180],[440,-350],[460,-350],[450,-360],[490,-390],[710,-550],[360,-280],[450,-360],[420,-330],[690,-550],[360,-280],[400,-330],[410,-370],[580,-510],[390,-370],[610,-570],[330,-320],[480,-470],[410,-410],[500,-490],[390,-380],[350,-340],[570,-530],[440,-430],[710,-700],[630,-630],[440,-420],[690,-680],[680,-660],[910,-900],[1000,-980],[870,-860],[650,-640],[870,-860],[800,-780],[650,-640],[330,-340],[300,-290],[210,-210],[350,-340],[260,-250],[180,-190],[510,-490],[420,-410],[260,-270],[580,-570],[520,-500],[460,-460],[350,-340],[570,-560],[430,-430],[400,-400],[530,-530],[110,-120],[720,-720],[690,-700],[420,-420],[350,-370],[420,-440],[420,-430],[440,-450],[430,-450],[430,-440],[430,-450],[430,-440],[870,-900],[710,-730],[420,-440],[430,-450],[430,-440],[420,-440],[430,-440],[480,-490],[360,-370],[330,-350],[700,-720],[610,-640],[410,-420],[410,-420],[400,-430],[390,-450],[370,-460],[320,-480],[320,-550],[230,-450],[280,-640],[160,-450],[190,-610],[170,-660],[90,-360],[160,-700],[120,-530],[60,-260],[190,-800],[130,-540],[130,-550],[130,-540],[190,-810],[110,-400],[130,-570],[130,-540],[140,-550],[200,-600],[210,-510],[230,-510],[270,-490],[300,-480],[310,-440],[390,-490],[370,-430],[740,-840],[460,-520],[900,-1010],[190,-210],[200,-230],[380,-430]],[[-84735230,34114240],[420,-300],[230,-160],[510,-370],[750,-520],[410,-300],[310,-230],[290,-240],[390,-320],[380,-340],[700,-700],[490,-540],[320,-380],[300,-400],[420,-580],[410,-630],[280,-430],[250,-470],[240,-490],[380,-860],[200,-540],[180,-550],[190,-670],[140,-630],[70,-440],[90,-570],[110,-630],[60,-460],[90,-600],[70,-430],[80,-590],[80,-450],[50,-390],[60,-430],[60,-430],[40,-210],[90,-580],[80,-500],[80,-490],[70,-490],[70,-490],[90,-600],[60,-340],[40,-290],[40,-200],[70,-400],[80,-390],[50,-200],[120,-380],[80,-200],[170,-390],[200,-380],[210,-320],[320,-440],[290,-320],[130,-140],[160,-170],[200,-180],[140,-110],[170,-130],[350,-270],[410,-270],[550,-300],[210,-110],[430,-180],[440,-170],[660,-190],[560,-130],[290,-50],[330,-40],[450,-40],[460,-20],[510,0],[590,10],[150,0],[720,10],[710,10],[540,10],[210,0],[440,10],[1390,20],[510,10],[600,10],[470,10],[250,10],[240,0],[150,0],[270,10],[270,0],[530,10],[260,0],[270,10],[520,0],[530,10],[1060,20],[1350,10],[1100,20],[1400,30],[1940,30],[600,10],[500,0],[290,-10],[550,-10],[280,-10],[320,-20],[270,-20],[880,-90],[170,-20],[390,-50],[610,-100],[390,-70],[610,-130],[600,-140],[590,-160],[630,-190],[620,-210],[600,-220],[590,-230],[650,-280],[610,-260],[910,-380],[880,-370],[1730,-720],[790,-330],[300,-130],[790,-330],[900,-380],[1170,-490],[650,-270],[590,-250],[310,-130]],[[-84807680,34268800],[210,-230],[180,-190],[830,-880],[390,-440],[270,-300],[590,-660],[240,-270],[450,-520],[390,-440],[380,-420],[370,-420],[200,-220],[160,-190],[220,-240],[170,-200],[540,-610],[370,-420],[390,-430],[410,-470],[390,-440],[580,-630],[410,-410],[440,-390],[510,-390],[690,-450],[280,-160],[270,-130],[540,-290],[550,-280],[300,-150],[540,-270],[560,-290],[840,-430],[620,-320],[410,-220],[340,-170],[270,-140],[280,-160],[360,-200],[400,-240],[250,-160],[380,-260],[530,-390],[500,-410],[480,-430],[460,-430],[440,-420],[460,-420],[420,-380],[660,-520],[460,-360],[460,-320],[780,-500],[560,-320],[450,-250],[480,-260],[380,-180],[280,-120],[350,-150],[750,-310],[530,-210],[280,-110],[330,-140],[560,-220],[460,-180],[310,-120],[430,-170],[450,-180]],[[-84273260,34068600],[440,30],[580,0],[180,0],[280,0],[760,30],[590,10]],[[-84497530,33653470],[-10,810],[0,1050],[-10,430],[0,440],[0,250],[0,130],[0,700],[0,570],[-10,670],[0,600],[-10,1070]],[[-84624080,33946260],[-190,10]],[[-84499880,33686270],[-50,2130],[-20,1520],[0,220],[0,170],[0,50],[-20,1320],[-30,750],[-10,670],[-10,290],[0,210],[20,360],[10,170],[20,220],[20,210],[30,270],[20,160],[50,320]],[[-84566200,34010790],[-390,-210],[-390,-210],[-490,-270],[-140,-80],[-460,-260],[-210,-130],[-730,-410]],[[-84291880,33861470],[250,310],[50,60],[70,80],[230,250],[220,220],[170,170],[310,290],[120,100],[520,430],[730,650],[350,300],[110,100],[140,120],[90,80],[180,170],[170,150],[570,510],[710,660],[660,580],[220,190],[150,120],[110,80],[210,160]],[[-84317930,33839790],[860,120],[740,80],[1260,140],[1060,120],[330,40],[290,10],[290,50],[250,30],[180,20],[300,30],[390,40],[180,20],[340,50],[590,120],[360,100],[280,90],[370,140],[270,110],[320,140],[230,120],[110,60],[120,60]],[[-84408920,33773600],[-40,-140],[-10,-110],[20,-160],[60,-160],[70,-120],[80,-170]],[[-84510080,33944420],[920,-570],[550,-350],[820,-510],[850,-530],[520,-330],[510,-320],[450,-280],[360,-220],[400,-250],[170,-110],[570,-350],[570,-370],[210,-130],[800,-500],[750,-460],[320,-200],[1210,-760]],[[-84563790,33774010],[590,-40],[2140,-140],[680,-40],[400,-30],[480,-40],[550,-50],[920,-90],[640,-70],[620,-70],[1120,-140],[700,-90]],[[-84562010,34000800],[-100,-360],[-40,-160],[-40,-170],[-50,-260],[-20,-190],[-10,-110],[-10,-250],[10,-240],[20,-200],[30,-180],[40,-190],[50,-180],[60,-170],[60,-150],[60,-130],[100,-190],[120,-210],[100,-150],[90,-120],[130,-160],[150,-160],[120,-130],[110,-100],[130,-120],[130,-100],[230,-160],[120,-80],[80,-50],[190,-120],[120,-70],[110,-70],[160,-110],[340,-210],[90,-50],[100,-60],[80,-50],[120,-70],[140,-90],[150,-90],[130,-80],[160,-100],[390,-240],[430,-270],[1070,-650],[950,-580],[540,-330],[140,-90],[180,-110],[270,-160],[200,-110],[170,-90],[80,-40],[110,-50],[90,-40],[120,-50],[160,-60]],[[-84563650,34042620],[140,-790],[130,-670],[130,-630],[200,-970],[130,-630],[90,-420],[130,-650],[30,-170],[100,-500],[110,-520],[230,-1100],[160,-790],[140,-680],[90,-450],[120,-600]],[[-84608890,33945610],[-840,50],[-840,50],[-1560,70],[-1040,50],[-190,0],[-1050,50],[-320,20],[-70,0],[-460,20],[-200,10],[-170,10],[-670,30],[-560,20],[-1560,60],[-1800,70],[-420,20],[-410,10],[-660,30],[-430,20],[-450,20],[-260,0],[-310,10],[-920,30]],[[-84354970,33824930],[-480,-290],[-250,-160],[-250,-170],[-230,-180],[-50,-50],[-320,-290]],[[-84485840,33973330],[-270,-190],[-50,-40],[-270,-200],[-240,-210],[-80,-100],[-130,-150],[-150,-200],[-70,-90],[-330,-420],[-40,-50],[-90,-120],[-130,-160],[-100,-130],[-290,-390],[-190,-260],[-230,-310],[-90,-120],[-530,-710]],[[-84171560,33822100],[200,-160],[150,-110],[170,-120],[280,-170],[220,-130],[250,-130],[240,-110],[280,-120],[270,-100],[180,-60],[160,-50],[130,-40],[100,-20],[120,-30],[100,-20],[130,-30],[160,-30],[190,-30],[230,-30],[280,-30],[270,-20],[180,-10],[290,-10],[190,0],[250,10],[330,30],[110,10],[130,20],[250,40],[300,60],[250,60],[490,140]],[[-84203700,33834760],[1220,40],[2340,60],[1320,50],[310,10],[310,0],[310,0],[330,-10],[280,-10],[310,-20],[280,-30],[260,-30],[370,-60],[320,-60],[290,-60],[310,-70],[320,-80]],[[-84252430,33821260],[50,-430],[100,-820],[110,-930],[120,-920],[30,-560],[90,-440],[100,-810],[50,-380],[10,-60],[30,-180],[30,-260],[40,-300],[60,-430],[100,-820],[30,-320],[20,-180],[70,-310],[40,-210],[30,-250],[10,-210],[20,-320],[150,-1590],[120,-1210]],[[-84050790,33952890],[-30,80],[-20,70]],[[-84033020,33884580],[-340,260],[-240,210],[-230,240],[-140,160],[-270,350],[-370,530],[-380,550],[-370,530],[-300,430],[-210,300],[-240,310],[-140,160],[-150,150],[-110,100],[-100,80],[-210,160],[-190,120],[-230,130],[-450,220],[-880,410],[-1210,560],[-480,230]],[[-84590970,33397410],[-80,-30],[-150,-50],[-350,-100]],[[-84013380,33969260],[-1470,-900],[-1040,-640],[-780,-470],[-1110,-680],[-1250,-760],[-450,-280]],[[-84740460,34123590],[20,240],[50,420],[80,450],[40,220],[110,450],[120,430],[70,220],[130,420],[130,400],[130,410],[60,200],[120,380],[230,760],[170,550],[410,1340],[240,750],[190,600],[220,720],[240,770],[210,700],[160,550],[120,420],[110,470],[90,660],[40,330],[10,180],[30,290]],[[-84252230,33830390],[-70,-420],[-60,-410],[-50,-380],[-60,-820],[-50,-550],[-20,-260],[-30,-350],[-100,-1250],[-50,-620]],[[-84329710,33672450],[-260,-120],[-500,-210],[-640,-260],[-970,-400],[-890,-390],[-730,-300],[-830,-340],[-990,-420],[-780,-330],[-1230,-510],[-650,-280],[-420,-180],[-390,-160],[-730,-300],[-510,-220],[-240,-100],[-860,-360],[-520,-210],[-550,-230],[-350,-150],[-320,-130],[-330,-140]],[[-83834260,34090080],[1130,360]],[[-84088090,33989220],[30,-40],[100,-60],[160,-100],[90,-70]],[[-84003200,33975540],[310,130],[170,70],[170,60],[140,50],[130,40],[140,40],[150,40],[170,40],[250,50],[630,110],[920,170],[920,170],[720,140],[770,150]],[[-84134750,33959200],[220,-340],[270,-380],[90,-130]],[[-83888820,33973710],[-660,10],[-870,10],[-200,0]],[[-84427160,33982990],[40,-200],[20,-90],[20,-80],[30,-120],[80,-260],[70,-160],[140,-260],[40,-60],[170,-230],[140,-130],[40,-30],[160,-130],[240,-160],[120,-60],[150,-80],[70,-30],[170,-70],[550,-220],[280,-110],[220,-90],[130,-50],[220,-80],[50,-20],[50,-20],[390,-150],[290,-120],[80,-30],[120,-40],[290,-110],[150,-60],[350,-140],[320,-120],[280,-110],[250,-90],[160,-60],[20,-10],[140,-40],[130,-40],[190,-50],[470,-130],[670,-190],[960,-280],[590,-160],[360,-120],[90,-40],[350,-170],[320,-190],[190,-150],[110,-80],[120,-120],[50,-50],[230,-220],[110,-120],[30,-40],[120,-160],[130,-210],[350,-520],[460,-670],[140,-200],[70,-100],[160,-200],[80,-90],[270,-290],[290,-300],[160,-160],[240,-270],[70,-100]],[[-83992200,34059400],[-220,-510],[-190,-420],[-310,-680],[-120,-280],[-100,-220],[-70,-180],[-20,-50],[-90,-200],[-70,-150],[-220,-490],[-160,-360],[-420,-920],[-250,-560]],[[-84421890,33456610],[-80,-130],[-90,-90],[-240,-260],[-170,-160],[-160,-130],[-480,-350],[-130,-90],[-230,-170],[-300,-200],[-80,-50],[-640,-370],[-280,-140],[-310,-150],[-410,-160],[-430,-160],[-150,-50],[-270,-90],[-120,-50],[-710,-210],[-320,-100],[-430,-110],[-740,-210],[-200,-60],[-150,-40],[-20,-10],[-130,-40],[-260,-80],[-290,-110],[-330,-130],[-110,-50],[-170,-60],[-40,-10],[-360,-150],[-560,-230],[-480,-190],[-370,-150],[-340,-140],[-480,-190],[-360,-150],[-390,-120],[-390,-100],[-310,-50],[-140,-30],[-120,-10],[-240,-30],[-350,-40],[-790,-10],[-300,0],[-440,0],[-640,-10],[-130,-10],[-370,-20],[-520,-50],[-1540,-200],[-1800,-250],[-830,-110],[-320,-50],[-520,-70],[-540,-80],[-800,-130],[-470,-80],[-450,-100],[-870,-220],[-370,-90],[-160,-40],[-350,-90],[-310,-70],[-740,-180],[-820,-200],[-780,-170],[-220,-50],[-230,-40],[-50,-10],[-160,-20],[-300,-20],[-120,-10],[-230,-10],[-250,0],[-920,10],[-450,10],[-750,10],[-230,0],[-620,0],[-450,0]],[[-84179080,34007980],[-250,70]],[[-84907580,34373460],[-610,640],[-300,330],[-710,770],[-550,620],[-560,630],[-380,430],[-300,330],[-280,320],[-240,260],[-380,430],[-190,220],[-240,270],[-500,570],[-200,230],[-380,420],[-430,480],[-530,610]],[[-84303520,33785210],[-220,-170],[-230,-180]],[[-84383600,33763500],[470,-430],[290,-250],[330,-280],[400,-340],[220,-180],[440,-380],[310,-280]],[[-84210140,33852240],[-110,-80],[-60,-90],[-50,-70],[-60,-60],[-120,-110],[-110,-100]],[[-84095440,33701900],[490,-80],[380,-60],[540,-80],[390,-70],[270,-50],[250,-50],[240,-50],[320,-70],[200,-50],[460,-110],[550,-140],[280,-80],[540,-160],[230,-70],[200,-70],[150,-40],[540,-190],[200,-70],[150,-60],[200,-70],[110,-40],[90,-40],[150,-50],[350,-130],[360,-150],[290,-130],[240,-100],[250,-110],[160,-80],[240,-110],[260,-130],[190,-90],[280,-140],[460,-240],[1040,-570],[510,-280]],[[-83892790,33973570],[280,0],[1000,-10],[170,0],[880,-10]],[[-84209580,33960420],[80,40],[90,50],[150,80],[130,70],[230,120],[450,240]],[[-84559680,33416310],[-160,-340],[-200,-320],[-100,-160],[-140,-170],[-150,-170],[-140,-150],[-420,-400],[-730,-640],[-670,-580],[-470,-400],[-550,-480],[-620,-540],[-1200,-1040],[-520,-450],[-560,-490],[-410,-360],[-310,-260],[-990,-850],[-140,-130],[-200,-160],[-490,-410]],[[-84195450,33967830],[320,180]],[[-84270020,33558300],[-80,210],[-110,270],[-120,280],[-210,500],[-460,1070],[-410,1040],[-270,700],[-210,580],[-220,630],[-400,1200],[-970,2980],[-620,1950],[-360,1070],[-230,630],[-240,620],[-260,610],[-270,620],[-140,270],[-50,110],[-100,190],[-180,390],[-220,460]],[[-84175000,33703260],[870,50],[780,40],[960,10],[1020,0],[1040,-10],[550,0],[630,-10],[690,-20],[1640,-20]],[[-84279510,33581640],[-110,300],[-60,160],[-40,110],[-50,150],[-120,410],[-60,180],[-90,250],[-120,320],[-160,500],[-40,160],[-50,190],[-160,600],[-80,350],[-240,1170],[-150,680],[-240,1100],[-190,860],[-150,610],[-140,430],[-120,320],[-210,510],[-290,580],[-190,350],[-270,430],[-260,380],[-270,350],[-300,360],[-300,340],[-230,240],[-320,300],[-170,160],[-300,260],[-170,140],[-170,140],[-760,600],[-1330,1060],[-650,510],[-2020,1610],[-690,540],[-310,250],[-210,170],[-170,140],[-100,80],[-120,100],[-170,150],[-100,90],[-80,70],[-130,120],[-120,120],[-140,140],[-100,100],[-160,170],[-30,30],[-100,110],[-60,70],[-40,50],[-60,70],[-110,130],[-120,150],[-120,150],[-110,150],[-110,150],[-120,180],[-130,200],[-100,160],[-90,150],[-110,190],[-50,90],[-70,130],[-30,60],[-70,140],[-90,180],[-90,190],[-90,210],[-70,190],[-50,120],[-40,110],[-70,220],[-50,160],[-50,180],[-40,140],[-30,120],[-40,160],[-30,140],[-30,140],[-40,190],[-20,100],[-30,180],[-40,240],[-70,420],[-60,470]],[[-84403090,33763810],[100,-230],[40,-80],[20,-40]],[[-84371650,33573060],[-10,260],[0,200],[0,200],[0,230],[0,220],[-10,90],[-10,140],[-10,90],[-40,230],[-30,150],[-30,170],[-40,130],[-20,80],[-10,50],[-20,60],[-40,100],[-60,160],[-50,120],[-60,150],[-60,130],[-20,50],[-110,200],[-120,230],[-100,170],[-120,210],[-110,210],[-150,250],[-170,290],[-60,100],[-100,170],[-140,240]],[[-84323230,33730210],[-120,-570],[-160,-680],[-290,-950],[-60,-210],[-100,-410],[-80,-300],[-50,-200]],[[-84293560,34070980],[-170,10]],[[-84320130,33920190],[150,0],[520,0],[790,0],[1150,0],[1600,10],[1100,0]],[[-84270210,34068830],[-790,-10],[-680,0],[-110,0],[-180,-10],[-550,-10],[-240,0],[-620,-20]],[[-84234980,33950170],[150,370]],[[-84214440,33982190],[190,290],[100,140],[60,80],[50,60],[60,60],[50,50],[50,80],[140,220],[640,940],[110,160],[410,590],[110,170],[240,350],[160,240],[200,290],[970,1430],[130,190]],[[-84389900,33771280],[-200,10],[-90,0],[-60,0],[-90,0],[-130,0],[-220,10]],[[-84311860,33817460],[80,-80],[150,-170],[80,-90],[50,-60],[150,-180],[150,-190],[80,-100],[60,-70],[70,-110],[40,-40],[80,-110],[230,-270],[90,-110],[100,-140],[40,-50],[130,-160],[150,-190],[90,-90],[60,-80],[40,-50],[100,-120],[80,-110],[130,-170],[210,-230],[80,-90],[140,-180],[90,-110]],[[-84341990,33492110],[-250,860],[-60,180]],[[-84296950,33919980],[260,-50],[280,-60],[380,-90],[370,-100],[370,-110],[670,-230],[380,-140],[510,-210],[550,-260],[430,-240],[650,-370]],[[-84363640,33517400],[70,-370],[30,-110],[100,-330],[10,-30],[120,-320],[190,-380],[40,-70],[140,-250],[220,-320],[40,-60],[100,-120],[200,-240],[320,-330]],[[-84353830,33933520],[-580,0],[-330,-10],[-280,-10]],[[-84170540,33702720],[-120,-270],[-110,-150],[-50,-70],[-100,-120],[-80,-80],[-30,-40],[-220,-260],[-110,-110],[-150,-160],[-240,-270],[-170,-210],[-310,-440],[-120,-170],[-110,-200],[-90,-170],[-80,-200],[-60,-150],[-50,-150],[-30,-80],[-50,-230],[-10,-40],[-70,-340],[-40,-180],[-50,-240],[-40,-210],[-70,-330],[-60,-250],[-70,-320],[-20,-120],[-70,-330],[-60,-310],[-40,-190],[-120,-600],[-140,-490],[-60,-200],[-90,-300],[-80,-230],[-90,-280],[-60,-200],[-220,-660],[-240,-600],[-250,-740],[-240,-660],[-110,-360],[-60,-170],[-20,-70],[-50,-130],[-70,-270],[-40,-140],[-30,-150],[-30,-160],[-70,-540],[-100,-560],[-40,-250],[-130,-600],[-10,-50],[-40,-310],[0,-450]],[[-83994190,34087690],[-450,290],[-400,260],[-220,150],[-220,140],[-300,180],[-860,550],[-120,80],[-680,490],[-330,220],[-100,70],[-320,230],[-150,100],[-260,170],[-280,190],[-50,30],[-270,180],[-210,130],[-130,90],[-310,200],[-100,70],[-330,200],[-330,180],[-380,150],[-270,100],[-140,40],[-140,40],[-230,60],[-60,20],[-300,60],[-380,60],[-250,20],[-330,20],[-430,20],[-80,10],[-290,20],[-970,50],[-150,10],[-510,30],[-520,30],[-150,10],[-360,30],[-230,30],[-90,10],[-290,60],[-240,60],[-190,50],[-20,10],[-250,80],[-280,100],[-110,40],[-230,100],[-130,60],[-230,110],[-220,120],[-210,130],[-60,40],[-150,100],[-180,120],[-220,150],[-460,320],[-340,240],[-270,180],[-260,180],[-200,130],[-210,130],[-170,110],[-190,130],[-330,220],[-310,220]],[[-83957310,33861650],[-480,140],[-480,150],[-440,140],[-350,100],[-610,170],[-1040,290],[-470,140],[-340,110],[-250,70],[-230,70],[-360,100],[-300,100],[-150,30],[-100,30],[-370,90],[-480,90],[-60,10],[-380,40],[-330,0],[-180,0],[-270,-10],[-330,-30],[-400,-50],[-260,-70],[-110,-20],[-180,-50],[-430,-130],[-210,-70],[-730,-220],[-300,-90],[-1030,-300],[-220,-60],[-770,-230],[-800,-230],[-250,-70],[-500,-150],[-1050,-310],[-380,-110],[-1140,-340],[-350,-100],[-1110,-330],[-1070,-310],[-700,-210],[-1310,-380],[-260,-80],[-490,-150],[-350,-100],[-130,-40],[-390,-110],[-680,-210],[-860,-270],[-570,-180],[-390,-120],[-350,-100],[-80,-30],[-390,-120],[-1300,-390],[-680,-210],[-430,-130],[-620,-180],[-1190,-350],[-650,-180],[-440,-100],[-190,-40],[-240,-40],[-620,-100],[-210,-20],[-210,-20],[-530,-60],[-250,-30],[-780,-90],[-650,-70],[-80,-10],[-320,-30],[-100,-10],[-290,-10],[-450,0]],[[-84602530,33854150],[-650,20],[-170,-10]],[[-84516510,33956980],[-120,390],[-90,260],[-120,310],[-90,210],[-110,230],[-140,270],[-80,140],[-70,120],[-70,110],[-100,150],[-170,250],[-80,110],[-80,100],[-160,200],[-140,160],[-60,70],[-120,130],[-300,320],[-670,700],[-360,370],[-110,110],[-570,590],[-980,1020],[-320,330],[-300,310],[-130,140],[-460,470],[-430,450],[-440,460],[-730,750]],[[-84463940,33894440],[-180,180],[-120,100],[-190,160],[-160,130],[-150,120],[-180,140],[-230,170],[-210,150],[-190,130],[-320,210],[-280,190],[-210,140],[-270,180],[-210,140],[-370,240],[-370,240],[-790,510],[-530,350],[-500,330],[-340,230],[-270,190],[-240,170],[-230,170],[-330,260],[-360,290],[-260,220],[-280,250],[-260,240],[-120,130],[-150,180],[-160,220],[-180,190],[-330,380],[-230,290],[-130,160],[-100,130],[-150,190],[-110,150],[-190,270],[-150,230],[-120,190],[-80,140],[-110,200],[-170,330],[-130,270],[-120,250],[-250,540],[-100,220],[-150,310]],[[-84276080,33573550],[280,-580],[200,-440],[280,-660],[240,-570],[260,-730],[430,-1330],[600,-1860],[360,-1120],[180,-560],[480,-1460],[280,-830],[280,-790],[210,-570],[630,-1580],[740,-1790],[280,-690]],[[-84300790,33629770],[280,-340],[260,-370],[570,-780],[90,-150],[100,-190],[90,-170],[90,-180],[80,-190],[80,-190],[80,-220],[150,-440],[40,-120],[40,-130],[40,-140],[30,-120],[40,-170],[60,-270],[50,-260],[60,-360],[270,-1760],[1050,-6940]],[[-84309740,33747280],[0,-90],[0,-350],[10,-890],[0,-200],[10,-490],[0,-220],[0,-2180],[0,-290],[0,-340],[0,-800],[20,-490],[10,-240],[0,-430],[0,-70],[10,-90],[10,-70]],[[-84340190,33833650],[-400,-350],[-50,-40],[-100,-90],[-190,-170],[-40,-40],[-130,-100],[-80,-70],[-100,-90],[-110,-90],[-60,-60],[-50,-40],[-80,-70],[-120,-110],[-190,-170],[-50,-50],[-20,-20],[-300,-270],[-140,-120],[-100,-90],[-630,-550],[-330,-270],[-170,-150],[-110,-100],[-260,-220],[-230,-210],[-730,-650],[-170,-150],[-230,-210],[-200,-170],[-390,-330],[-130,-120],[-50,-40],[-50,-50],[-70,-60],[-70,-60],[-60,-50],[-150,-130],[-210,-180],[-130,-120],[-130,-120],[-90,-70],[-70,-60],[-90,-80],[-90,-80],[-160,-150],[-60,-50],[-140,-120],[-290,-270],[-170,-150],[-150,-140],[-130,-110],[-100,-100],[-60,-60],[-40,-30],[-160,-140],[-50,-40],[-120,-80],[-100,-50],[-120,-70],[-140,-30],[-120,-30],[-240,-80],[-210,-40],[-270,-40],[-190,-10],[-180,0],[-300,30],[-220,30],[-370,50],[-270,40],[-260,30],[-200,10],[-160,0],[-160,-20],[-370,-80]],[[-83943740,33857530],[-680,210],[-370,110],[-820,250],[-260,80],[-350,100],[-1050,320],[-440,130],[-610,180],[-740,220],[-1000,300],[-450,130],[-240,70],[-710,210],[-320,100],[-260,80],[-420,130],[-650,190],[-560,180],[-560,170],[-400,130],[-170,50],[-90,30],[-410,130],[-250,70],[-200,70],[-210,60],[-160,50],[-470,170],[-250,60],[-50,10],[-420,130]],[[-84486200,33848290],[-130,-350],[-140,-350],[-110,-270],[-190,-460],[-280,-710],[-160,-460],[-60,-180],[-80,-280],[-40,-150],[-90,-370],[-40,-190],[-50,-300],[-30,-210],[-30,-260],[-30,-390],[0,-240],[0,-520],[10,-280],[30,-350],[30,-210],[40,-310],[80,-630],[130,-950]],[[-84487330,33827780],[-170,-270],[-270,-370],[-150,-190],[-260,-300],[-130,-140],[-190,-190],[-560,-520],[-550,-500],[-190,-170],[-340,-320],[-1190,-1090],[-500,-450],[-460,-400]],[[-84433950,33771300],[210,30],[250,40],[50,10],[100,10],[700,140],[280,60],[630,130],[170,40],[380,60],[380,60],[410,40],[410,20],[260,0],[210,-10],[380,-20],[200,-10],[140,-10],[690,-40],[170,-60],[280,-10],[320,10],[150,20],[160,30],[150,30],[350,120],[280,130]],[[-84357960,33928080],[0,-370],[0,-210],[20,-970],[-10,-580],[0,-210],[0,-1780]],[[-84404840,33770550],[70,-140],[40,-100],[30,-110],[10,-80],[10,-110]],[[-84401010,33632310],[60,-400],[150,-1070],[40,-290],[110,-860]],[[-84780550,33320670],[-40,-40],[-420,-450],[-350,-360],[-230,-240],[-330,-340],[-380,-420],[-410,-440],[-430,-470],[-480,-500],[-360,-380],[-470,-500],[-310,-330],[-350,-370],[-370,-390],[-280,-300],[-250,-280],[-330,-370],[-270,-330],[-260,-340],[-240,-320],[-250,-350],[-240,-360],[-280,-460],[-220,-390],[-230,-440],[-240,-510],[-190,-430],[-210,-520],[-290,-780],[-440,-1160],[-320,-870],[-440,-1170],[-460,-1260],[-180,-480],[-290,-770],[-270,-730],[-310,-830],[-470,-1240],[-360,-1000],[-300,-770],[-300,-810],[-440,-1210],[-210,-570],[-260,-700],[-300,-810],[-210,-560],[-240,-650],[-240,-620],[-310,-830],[-180,-490],[-290,-790],[-390,-1040],[-250,-670],[-80,-230],[-260,-690],[-310,-830],[-350,-960],[-550,-1470],[-230,-620],[-150,-420],[-470,-1240],[-250,-680],[-190,-500],[-180,-500],[-210,-550],[-230,-620],[-200,-530],[-170,-480],[-180,-490],[-200,-530],[-180,-480],[-210,-560],[-190,-500],[-210,-560],[-180,-490],[-140,-370],[-190,-520],[-240,-660],[-180,-460],[-210,-580],[-170,-470],[-200,-550],[-290,-720],[-190,-540],[-210,-570],[-210,-540],[-170,-470],[-280,-770],[-140,-380],[-170,-530],[-100,-330],[-60,-240],[-70,-300],[-80,-390],[-90,-530],[-80,-580],[-80,-890],[-60,-920],[-30,-440],[-60,-980],[-30,-650],[-110,-1700],[-100,-1630],[-70,-1100],[-60,-850],[-20,-780],[-40,-670],[-90,-1180],[-60,-870],[-80,-1370],[-100,-1590],[-110,-1570],[-110,-1800],[-100,-1670],[-90,-1030]],[[-84397890,33646860],[450,1250]],[[-84382180,33759630],[-940,10],[-100,0],[-480,0],[-490,10],[-450,10],[-830,10],[-590,10],[-1030,10]],[[-84269530,33899640],[90,-70],[300,-230],[1320,-1000],[600,-460]],[[-84247900,33841860],[-40,-290],[-100,-820],[-110,-790],[-50,-300],[-160,-730],[-90,-360],[-140,-490],[-150,-460],[-160,-430],[-190,-470],[-210,-460],[-210,-420],[-110,-220],[-240,-440],[-250,-410],[-190,-310],[-200,-340],[-260,-410],[-250,-420],[-120,-200],[-230,-410],[-120,-230],[-80,-170],[-120,-250],[-180,-450],[-110,-300],[-100,-320],[-110,-370],[-50,-200]],[[-84396640,33610780],[120,-410],[150,-530],[160,-550],[160,-480],[110,-300],[240,-600],[140,-320],[270,-550],[430,-800],[640,-1130],[800,-1400],[1050,-1840],[550,-950],[540,-910],[390,-620],[280,-420],[260,-380],[490,-710],[1040,-1470],[720,-1010],[1290,-1830],[830,-1170],[100,-140],[260,-370],[260,-380],[70,-110],[220,-380],[70,-120],[40,-70],[50,-90],[70,-130],[50,-100],[70,-150],[60,-130],[140,-350],[110,-270],[70,-170],[120,-270],[80,-190],[60,-120],[80,-170],[110,-190],[110,-200],[130,-180],[90,-110]],[[-84456190,33638620],[-160,-240],[-90,-130],[-130,-230],[-120,-220],[-120,-260],[-50,-130],[-80,-210],[-70,-210],[-60,-210],[-60,-230],[-50,-240],[-20,-120],[-30,-240],[-20,-240],[-10,-190],[0,-210]],[[-84401710,33641050],[-250,10],[-140,10],[-40,0],[-200,0],[-120,0],[-120,-10]],[[-84275630,33875590],[-90,-140],[-350,-450],[-230,-280],[-170,-210],[-210,-250],[-360,-440],[-360,-390],[-460,-420],[-390,-310],[-530,-380],[-540,-350],[-520,-340],[-770,-490],[-690,-450],[-820,-530],[-730,-470],[-450,-300],[-500,-340],[-460,-340],[-540,-420],[-330,-300]],[[-84850620,33381110],[-480,-80],[-1200,-190],[-620,-100],[-2430,-400],[-320,-50],[-830,-130],[-360,-50],[-740,-120],[-1420,-230],[-680,-110],[-3540,-570],[-2060,-330],[-1860,-290],[-570,-100],[-640,-120],[-1360,-220],[-570,-90],[-430,-70],[-370,-90],[-580,-130],[-260,-90],[-340,-130],[-330,-140],[-420,-190],[-230,-150],[-400,-230],[-710,-460],[-1190,-760],[-1280,-810],[-2360,-1490],[-1650,-1060],[-700,-440],[-2600,-1630],[-1310,-830],[-1360,-860],[-550,-350],[-160,-100],[-2530,-1620],[-2930,-1870],[-1460,-940],[-860,-550],[-1590,-1020],[-220,-140],[-2160,-1370],[-1550,-990],[-870,-550],[-350,-200],[-340,-190],[-570,-210],[-310,-140],[-510,-230],[-1130,-520],[-1650,-740],[-360,-160],[-70,-30],[-4320,-1920],[-2060,-930],[-210,-90],[-1920,-860],[-1470,-660],[-900,-400],[-490,-220],[-1060,-470],[-4780,-2130],[-1140,-510],[-1120,-500],[-1120,-500],[-910,-400],[-330,-150],[-780,-350],[-340,-150],[-480,-210],[-320,-140],[-740,-330],[-490,-210],[-240,-100],[-180,-80],[-150,-50],[-210,-80],[-210,-40],[-250,-60],[-120,-20],[-140,-30],[-250,-20],[-210,0],[-420,20],[-290,30],[-360,50],[-400,110],[-1060,370],[-1150,400],[-1060,370],[-370,110],[-280,60],[-310,60],[-210,20],[-630,10],[-350,-10],[-340,-40],[-280,-50],[-420,-100],[-470,-160],[-320,-110],[-390,-130],[-2070,-720],[-510,-180],[-450,-160],[-130,-40],[-420,-150],[-3410,-1200],[-420,-150],[-1710,-600],[-1130,-380],[-740,-240],[-470,-130],[-770,-180],[-1190,-210],[-1950,-250],[-1760,-200],[-1100,-130],[-1640,-140],[-2200,-230],[-320,-30],[-2490,-260],[-1610,-190],[-1840,-220],[-410,-50],[-5790,-680],[-2030,-240]],[[-84632120,33511070],[-560,-900]],[[-84516800,33942160],[380,-130],[160,-50],[520,-190],[280,-200],[70,-50],[100,-40],[180,-60],[530,-200]],[[-84534430,33943350],[-370,30],[-300,20]],[[-84315320,33886050],[-180,-260],[-130,-190],[-30,-50],[-60,-90],[-160,-250],[-390,-590],[-120,-180],[-240,-340],[-160,-230],[-120,-170],[-100,-140],[-130,-170],[-40,-40],[-190,-200],[-290,-270],[-260,-230],[-270,-200],[-380,-250],[-40,-20],[-290,-160],[-30,-20],[-260,-150],[-80,-40],[-100,-50],[-190,-110],[-40,-30],[-60,-30],[-110,-70],[-270,-170],[-210,-160],[-100,-70],[-70,-60],[-160,-150],[-70,-60],[-80,-70],[-180,-170],[-50,-50],[-160,-170],[-100,-120],[-20,-30],[-250,-280],[-90,-100],[-260,-300],[-80,-80],[-240,-270],[-260,-280],[-430,-440],[-400,-350],[-490,-330],[-400,-250],[-400,-240],[-380,-230],[-720,-420],[-1980,-1170],[-310,-180]],[[-84406580,33741360],[310,100],[490,160],[470,170],[600,260],[760,350]],[[-84248830,33715760],[-380,60],[-370,50],[-390,60],[-780,100],[-1680,220]],[[-84403850,33693440],[250,-480],[70,-120],[100,-140],[240,-350],[530,-750],[550,-790],[210,-300],[140,-200],[130,-190],[90,-140],[80,-130],[60,-110],[60,-120],[50,-120],[50,-140],[50,-150],[40,-130],[20,-80],[20,-110],[10,-100],[0,-100],[-10,-80]],[[-84302350,33866560],[-210,-190],[-130,-110],[-80,-70],[-220,-200],[-350,-300],[-210,-190],[-410,-360],[-150,-130],[-100,-90],[-210,-190],[-160,-140],[-310,-280],[-330,-300],[-610,-550],[-250,-220],[-190,-170],[-300,-270],[-210,-190],[-170,-150],[-30,-20],[-190,-170],[-120,-100],[-140,-130],[-130,-120],[-190,-170],[-90,-80],[-210,-180],[-90,-80],[-290,-260],[-250,-230],[-130,-120],[-60,-50],[-80,-70],[-140,-130],[-220,-200],[-360,-310],[-50,-50],[-170,-150],[-230,-200],[-290,-260],[-130,-120],[-290,-260],[-220,-200],[-100,-80],[-130,-120],[-230,-200],[-390,-350]],[[-84624280,33398510],[680,-300],[950,-420]],[[-84778300,33324590],[190,-360],[140,-270],[190,-350],[110,-180],[30,-50],[100,-150],[170,-330],[160,-330],[130,-310]],[[-84395820,33797970],[180,-330],[150,-270],[170,-290],[140,-240],[270,-440],[350,-540],[250,-400],[310,-480],[240,-360],[60,-100],[160,-260],[240,-420],[70,-120],[70,-130],[70,-140],[220,-450]],[[-84403480,33742650],[270,130],[1060,530],[660,330],[380,180],[670,320],[380,170]],[[-84256960,33716500],[-550,-30],[-370,-30],[-400,-40],[-810,-100],[-580,-90],[-520,-90],[-1070,-210],[-1700,-340],[-2130,-410],[-1130,-240],[-510,-120],[-860,-180],[-1040,-190]],[[-84451770,33645600],[500,-180],[270,-80],[200,-90],[290,-110]],[[-84292100,33918120],[250,-170],[210,-140],[240,-180],[220,-170],[360,-280],[160,-140],[160,-140],[130,-120],[300,-280],[340,-340],[200,-190],[210,-210],[310,-310],[730,-730]],[[-84116320,34019000],[-550,640],[-360,410],[-340,300]],[[-84513940,33799810],[-260,120],[-230,100],[-300,150],[-200,90],[-70,30],[-210,90],[-100,40],[-150,70],[-70,30],[-50,20],[-180,80],[-150,60],[-150,60],[-110,30],[-230,70],[-140,40],[-120,30],[-90,30],[-280,90],[-340,100],[-100,40],[-230,90],[-470,250],[-320,190],[-140,80],[-340,200],[-260,150],[-370,230],[-380,220],[-330,190],[-610,370],[-450,220],[-630,260],[-350,120],[-500,120],[-340,70],[-340,40],[-880,120],[-230,20],[-220,30],[-260,50],[-380,80],[-220,50],[-160,40],[-130,40],[-490,170]],[[-84440620,33977990],[590,-90],[50,-10],[570,-50],[180,-10],[570,0],[520,30],[200,30],[270,30],[450,80],[60,10]],[[-84437160,33978010],[70,20],[500,120],[490,160],[540,220],[90,40],[90,40],[290,130],[30,20],[270,140],[390,230],[680,400],[180,110],[810,460],[2050,1230],[510,310],[530,300],[670,380],[350,220],[90,50],[100,60],[270,170],[60,40],[160,110],[50,30],[60,40],[60,50],[70,50],[90,60]],[[-84690110,33445450],[-320,-220],[-290,-190],[-340,-210],[-420,-250],[-410,-230],[-480,-260],[-300,-150],[-260,-130],[-250,-120],[-960,-450],[-2870,-1360],[-1140,-540],[-690,-310]],[[-84751550,33396650],[780,0],[1540,10],[320,0],[210,0],[950,0],[410,-10],[290,0]],[[-84790700,33354940],[-40,570],[-20,230],[-10,90],[-10,90],[-40,380],[-20,260],[-30,270],[-70,760],[-60,570],[-20,270],[-20,200],[-30,180],[-50,170],[-50,140],[-50,120],[-40,80],[-140,250],[-130,230],[-160,270],[-160,270],[-50,90],[-160,270],[-200,330],[-80,130],[-370,610],[-250,340],[-160,190],[-110,130],[-40,40],[-270,250],[-50,50],[-150,150],[-90,80],[-70,70],[-260,250]],[[-84396250,33652420],[-330,-930],[-170,-500],[-250,-720],[-150,-450],[-190,-570],[-190,-550],[-210,-610]],[[-84403990,33641050],[150,0]],[[-84255500,33888900],[830,-630],[370,-290],[250,-190],[550,-430],[150,-120],[180,-160],[160,-140],[270,-260],[210,-210],[190,-200],[300,-340],[280,-360],[110,-140],[150,-210],[90,-130],[70,-100],[170,-260]],[[-84394020,33724590],[-120,-680],[-50,-280],[-70,-230],[-100,-240],[-120,-250],[-110,-210],[-170,-260],[-230,-330],[-100,-150],[-290,-380],[-660,-870],[-740,-970],[-500,-690],[-430,-650]],[[-84164680,33820910],[410,120],[1310,410],[330,100],[530,160],[900,280],[460,140],[610,180],[1110,380],[480,150],[810,220],[820,200],[270,60],[290,60]],[[-84391220,33781540],[10,-520],[-10,-450],[-10,-860]],[[-84365650,33538650],[130,-300],[150,-370],[130,-330]],[[-84326390,33668260],[130,-240],[50,-90],[100,-170],[150,-260],[170,-330],[120,-220],[50,-100],[50,-100],[80,-170],[60,-130],[60,-140],[80,-210],[80,-230],[80,-270],[40,-140],[40,-150],[40,-170],[40,-220],[30,-210],[30,-220],[20,-220],[10,-150],[10,-200],[0,-150],[-10,-310],[-20,-270],[-30,-300],[-20,-190],[-40,-380],[-40,-330],[-50,-410],[-20,-260],[-110,-990],[-130,-1060],[-40,-450],[-20,-330],[-10,-300],[0,-330],[10,-260],[10,-170],[20,-180],[30,-300],[80,-480],[90,-480],[70,-280],[110,-380],[90,-260],[110,-290],[170,-420],[110,-230],[140,-280],[130,-250],[160,-290],[160,-260],[310,-450],[150,-200],[270,-350],[230,-270],[330,-360],[180,-180],[280,-280],[310,-300],[570,-580],[670,-650],[1080,-1070],[680,-660],[1000,-990],[960,-940],[2280,-2260],[1440,-1420],[2680,-2640],[1540,-1520],[560,-550],[370,-370]],[[-84409080,33995590],[270,320],[280,410],[310,490],[270,420],[170,270],[440,690],[360,570],[120,190],[150,230],[290,360],[210,220],[320,270],[150,110],[190,130],[380,210],[390,180],[150,50],[260,90],[430,110],[420,80],[350,60],[700,100],[510,70],[310,50],[370,50],[1480,210],[800,110],[260,40],[540,70],[430,50],[440,70],[100,10],[530,100],[680,170],[60,20],[360,100],[720,210],[560,200],[430,190],[180,70],[200,90],[480,230],[480,270],[220,120],[710,470],[470,300]],[[-84348810,33914660],[270,80],[310,100],[370,130]],[[-84266760,33714540],[720,160],[2930,580],[980,190],[1830,370],[830,160],[910,120],[320,30],[260,30],[570,50],[500,40],[320,10]],[[-84388740,33912650],[460,-60],[860,-110],[350,-40],[200,-20],[630,-60],[310,-30],[490,-40],[110,-10],[500,-30],[400,-20],[690,-30],[400,-10],[1220,-20],[580,-10],[720,-10],[1750,-10],[700,-10],[580,-10],[240,-10],[260,-20],[520,-40],[490,-50],[480,-60],[710,-100],[700,-130],[340,-60],[400,-70],[780,-130],[1010,-190]],[[-84457260,33635310],[20,-290],[10,-170],[20,-170],[20,-140],[30,-180],[50,-250],[50,-210],[50,-220],[60,-230],[160,-610],[140,-530],[180,-650],[170,-620],[160,-640],[60,-310],[50,-300],[40,-300],[10,-190],[0,-190],[0,-190],[0,-110],[-10,-200],[-10,-120],[-20,-160],[-30,-190],[-30,-160],[-30,-150],[-40,-170],[-30,-110],[-40,-140]],[[-84332800,33919570],[1020,210],[670,110],[580,90],[440,60],[280,30],[360,30],[320,20],[610,20],[670,20],[1240,0],[190,0],[220,0],[930,0],[1050,10],[2080,10],[2010,10]],[[-84449950,33698330],[440,-100],[470,-100],[230,-40],[350,-50],[270,-30],[150,-10],[170,-10],[270,-10],[390,10],[290,20],[200,20],[230,30],[200,30],[160,30],[240,50],[210,50],[330,90]],[[-84308030,33637010],[790,-780],[660,-640],[1070,-1050],[1400,-1390],[1330,-1300],[700,-680],[730,-710],[310,-330],[250,-360]],[[-84750690,33396850],[-890,0],[-510,0],[-430,0],[-250,0],[-880,0],[-290,0],[-60,0],[-240,0],[-130,0],[-480,0],[-230,0],[-490,10],[-1000,-20],[-180,0],[-190,-10],[-190,-20],[-170,-10],[-170,-20],[-260,-30],[-100,-20],[-360,-50],[-400,-80],[-60,-10],[-370,-90],[-30,-10],[-180,-50],[-220,-70],[-330,-110],[-470,-170],[-270,-120],[-290,-120]],[[-84773570,33328110],[300,410],[340,490],[240,350],[200,300],[290,430],[510,740],[590,860],[270,410],[350,520],[380,550],[420,620],[450,670],[330,490],[310,460],[530,770],[630,940],[490,720],[410,600],[320,470],[490,710],[460,690],[280,410],[230,340],[250,370],[460,680],[480,700],[270,400],[340,500],[370,540],[140,200],[170,260],[220,330],[280,450],[130,230],[110,210],[110,230],[90,200],[110,260],[80,200],[110,290],[60,180],[60,200],[70,240],[50,190],[40,170],[50,210],[40,200],[40,250],[30,240],[30,310],[30,410],[20,290],[10,200],[30,640],[40,770],[110,2340],[30,620],[0,170],[10,200]],[[-84578020,33952150],[-500,-20]],[[-84400650,33629690],[50,-510],[110,-1410],[70,-750],[90,-780],[90,-670],[70,-500],[50,-460],[140,-1010],[110,-660],[80,-450],[80,-480]],[[-84348310,33684730],[90,-200],[80,-170],[40,-90],[190,-390],[140,-290],[90,-200],[20,-30],[200,-420],[250,-520],[260,-520],[230,-470],[70,-140],[160,-340],[40,-80],[210,-440],[240,-490],[70,-130],[70,-140],[310,-630],[280,-560],[300,-640],[180,-360],[130,-260],[220,-440],[180,-360],[460,-950],[250,-450],[80,-140],[170,-290],[80,-150],[80,-100],[420,-570],[420,-510],[40,-50],[340,-400],[140,-170],[110,-150],[110,-150],[130,-190],[100,-170],[140,-230],[50,-100],[40,-70],[20,-40],[50,-130],[70,-180],[50,-110],[60,-230],[80,-370],[30,-170],[50,-370],[10,-160],[80,-670],[30,-260],[60,-510]],[[-84488130,33623220],[-100,690],[-40,280],[-40,290],[-30,210],[-30,210],[-30,200],[-20,160],[-30,220],[-30,220],[-50,350],[-80,550],[-100,680],[-80,560],[-50,350]],[[-84349250,33687680],[190,-840],[120,-410],[190,-580],[170,-470],[120,-320],[150,-330]],[[-84338660,33480620],[-160,510],[-120,340]],[[-84327930,33875320],[-350,-200],[-210,-120],[-170,-100],[-780,-460],[-110,-70],[-270,-170],[-420,-300],[-110,-80],[-110,-90],[-50,-40],[-180,-140],[-200,-170],[-100,-90],[-350,-350],[-420,-470],[-190,-230],[-110,-130],[-30,-30],[-220,-280],[-130,-170],[-160,-200],[-270,-330],[-360,-460],[-120,-160],[-190,-230],[-230,-300],[-110,-140],[-150,-210],[-240,-330],[-60,-90],[-320,-450],[-100,-140],[-360,-510],[-80,-100],[-90,-130],[-60,-90],[-70,-90],[-40,-50],[-220,-300],[-90,-120],[-120,-170],[-150,-210],[-40,-50],[-110,-150],[-120,-160],[-150,-220],[-70,-100],[-20,-30],[-50,-80],[-10,-20],[-110,-170],[-80,-120],[-60,-120],[-10,-20],[-70,-130],[-140,-270],[-160,-330],[-270,-540],[-400,-810],[-140,-260],[-90,-170],[-110,-210],[-150,-280],[-170,-310],[-60,-80],[-130,-190],[-270,-330],[-120,-140],[-30,-40],[-30,-40],[-100,-120],[-210,-260],[-50,-70],[-160,-220],[-90,-140]],[[-84398320,33645620],[430,1240]],[[-84309740,33747280],[0,350],[0,60],[10,630],[0,70],[0,60],[0,200],[0,80],[10,1280],[0,430],[0,640]],[[-84230230,34054600],[-130,200],[-50,70],[-30,40],[-220,350],[-200,260],[-200,260],[-130,190],[-110,170],[-110,160]],[[-84343230,34036520],[-290,200]],[[-84190130,34017370],[150,410],[30,90],[50,140]],[[-84426590,33911280],[-430,-370],[-550,-480],[-1190,-1050],[-720,-650],[-310,-280]],[[-84561390,34032870],[-90,430],[-110,530],[-200,980],[-330,1640],[-200,950],[-60,290],[-40,180],[-20,120],[-30,150],[-70,350],[-70,350],[-150,730],[-230,1100],[-150,720],[-120,590],[-90,480],[-70,530],[-20,180],[-20,280],[0,230]],[[-84516800,33942160],[-180,60],[-150,50],[-190,40],[-210,40],[-100,0],[-120,10],[-80,10],[-300,20],[-280,-10],[-340,-20],[-550,-30],[-170,-10],[-170,-10],[-250,-10],[-130,0],[-490,-60],[-390,-60],[-220,-40],[-510,-140],[-450,-160],[-480,-230],[-160,-70],[-430,-230],[-290,-150],[-60,-30],[-320,-120],[-280,-90],[-310,-70],[-410,-40],[-330,0],[-320,30],[-180,40],[-370,80],[-90,20],[-130,30],[-790,220],[-820,240],[-630,180],[-610,180],[-740,220],[-340,100],[-230,60],[-680,200],[-150,40],[-220,60],[-330,100],[-420,120],[-320,90],[-220,60],[-110,30],[-130,40],[-370,110],[-150,40],[-170,50],[-140,40],[-210,70],[-210,50],[-200,40]],[[-84363560,33531010],[-30,190],[-30,190],[-100,550],[-70,330],[-60,270]],[[-84496300,33690270],[-310,0],[-770,10],[-440,0],[-1860,30],[-270,0],[-230,0],[-290,0],[-470,0],[-800,10],[-280,10],[-90,0],[-600,10],[-860,0]],[[-84129180,33822980],[310,10],[460,-10],[210,0],[420,-10],[300,-20],[160,-10],[290,-20]],[[-84389010,33935810],[-360,-70]],[[-84349980,33578480],[1600,-350],[1080,-230],[970,-210],[930,-200],[1250,-270],[1360,-290],[740,-160],[460,-100],[240,-50],[210,-50],[290,-60],[100,-20],[420,-90],[570,-130],[490,-120],[520,-140],[380,-110],[420,-130],[390,-130],[390,-140],[390,-150],[400,-170],[460,-200],[410,-190],[440,-220],[350,-180],[350,-190],[330,-190],[340,-200],[430,-270],[510,-330],[420,-280],[570,-390]],[[-84329720,33827570],[200,-110],[170,-70],[80,-30],[90,-30],[200,-60],[160,-40],[40,-10],[70,-10],[120,-30],[140,-30],[60,-10],[490,-70],[180,-20],[60,-10],[120,-20],[320,-40],[170,-20],[360,-40],[270,-30],[270,-30],[280,-40],[130,-20],[410,-90],[130,-40],[80,-30],[150,-60],[90,-40],[90,-40],[140,-70],[230,-100],[390,-190],[230,-110],[290,-140],[130,-60],[510,-240],[370,-180],[360,-170],[140,-70],[660,-330],[440,-220],[450,-260],[540,-370],[170,-130],[370,-270],[700,-500],[340,-230],[240,-120],[110,-50],[140,-60],[190,-70],[130,-40],[180,-50],[200,-50],[220,-50],[170,-40],[370,-100],[120,-40],[240,-80],[80,-30],[90,-40],[140,-70],[210,-110],[100,-60],[220,-140],[150,-110],[150,-110],[130,-110],[80,-70],[140,-140],[120,-130],[110,-130],[100,-130],[70,-100],[100,-160],[100,-200],[60,-130],[60,-130],[160,-400],[200,-490],[110,-210],[60,-90],[60,-80],[60,-80],[70,-70],[70,-70],[70,-70],[90,-80],[100,-80],[40,-40],[230,-200],[30,-30],[380,-320]],[[-84487880,33797940],[110,-410],[70,-350]],[[-84603310,33854010],[460,0],[570,30],[280,20],[140,20],[50,10],[330,60],[270,70],[210,50],[80,30],[400,130],[740,260],[740,260],[330,110],[410,80],[190,30],[410,40]],[[-84383560,33588010],[170,-170],[100,-110],[110,-110],[140,-150],[180,-160],[130,-120],[130,-100],[120,-90],[180,-130],[170,-120],[280,-180],[320,-180],[440,-210],[380,-150],[400,-140],[310,-100],[680,-180],[990,-280],[2640,-740],[860,-240],[1000,-280],[1620,-460]],[[-84403470,33915870],[-220,30],[-300,40],[-270,30],[-560,40],[-260,10],[-290,0],[-130,0],[-1160,10],[-190,0],[-1890,10],[-2590,20]],[[-84442250,33616160],[240,10],[270,10],[250,20],[180,20],[220,30],[200,30],[310,60],[210,50],[500,120],[1250,340],[190,50],[1100,310],[880,240],[410,120],[330,100],[310,100],[270,90],[360,120],[340,120],[650,270],[470,210],[220,100],[560,260],[290,140]],[[-84213500,33850940],[-560,-150],[-30,-10],[-110,-30],[-280,-80],[-410,-110],[-110,-30],[-90,-20],[-150,-40],[-180,-50],[-60,-20],[-90,-20],[-140,-40],[-60,-10],[-80,-20],[-140,-40],[-20,-10],[-90,-30],[-120,-30],[-150,-40],[-170,-40],[-220,-40],[-50,-10],[-70,-10],[-60,-10],[-170,-20],[-100,-10],[-210,-10],[-70,-10],[-200,10],[-140,0],[-90,0],[-160,10],[-210,10]],[[-84266890,33886530],[-110,-140],[-130,-160],[-610,-750],[-470,-590],[-580,-720],[-360,-450],[-480,-560],[-340,-420],[-280,-360],[-680,-850]],[[-84577340,33699220],[-60,-10],[-220,-30],[-210,-20],[-400,-50],[-80,-10],[-340,-30],[-90,-10],[-80,-10],[-180,-10],[-210,-20],[-110,-10],[-280,-30],[-410,-40],[-490,-70],[-470,-90],[-440,-90],[-530,-120],[-120,-40],[-220,-80],[-100,-40],[-260,-110],[-300,-120],[-260,-110],[-110,-40],[-140,-50],[-260,-120],[-620,-300],[-320,-160],[-240,-160],[-360,-240],[-210,-150],[-540,-370],[-660,-530],[-470,-410],[-530,-460],[-330,-280],[-40,-30],[-180,-150],[-570,-460],[-410,-330],[-430,-350],[-680,-560],[-500,-410],[-1540,-1260],[-340,-280],[-170,-140],[-50,-40],[-360,-280],[-350,-280],[-480,-360],[-310,-180],[-120,-60],[-540,-270],[-150,-60],[-770,-320],[-90,-40],[-1030,-430],[-550,-210],[-320,-130],[-460,-140],[-290,-60],[-290,-20],[-650,-20],[-660,80],[-400,80],[-870,230],[-1650,430],[-3150,780],[-3010,830],[-390,100],[-410,110],[-750,210],[-520,150],[-540,160],[-280,90],[-200,60]],[[-84364250,33533500],[80,-480],[40,-220],[100,-520]],[[-84255340,33889060],[-530,340],[-430,330],[-430,330],[-860,640],[-90,70],[-90,70],[-200,160],[-200,160],[-180,120],[-260,190],[-290,230],[-120,100],[-200,150],[-440,340],[-350,270],[-740,570],[-1080,830],[-1090,840],[-680,550]],[[-84558500,33708840],[-90,-90],[-60,-70],[-90,-70],[-90,-60],[-130,-60],[-130,-50],[-180,-60],[-110,-70],[-190,-80],[-330,-170],[-260,-170],[-180,-160],[-150,-140],[-100,-120],[-100,-120],[-120,-180],[-160,-220],[-110,-160],[-200,-270],[-40,-60],[-180,-260],[-180,-250],[-140,-200],[-180,-260],[-30,-50],[-240,-320],[-200,-270],[-120,-160],[-80,-100],[-130,-170],[-30,-30],[-450,-570],[-160,-200],[-250,-310],[-270,-330],[-240,-260],[-290,-320],[-70,-80],[-540,-380],[-280,-150],[-240,-100],[-190,-70],[-290,-50],[-190,-30],[-260,-30],[-170,10],[-250,20],[-540,60],[-780,80],[-280,30],[-80,10],[-130,20],[-290,20],[-360,20],[-520,-10],[-160,0],[-340,-30],[-350,-30],[-490,-80],[-630,-150],[-480,-170],[-250,-110],[-370,-160],[-280,-130],[-980,-470],[-120,-60],[-810,-420],[-290,-160],[-260,-140],[-120,-50],[-310,-140],[-90,-20]],[[-84267050,33898030],[-310,240],[-270,210],[-390,290],[-470,370],[-790,610],[-850,650],[-680,520],[-530,410],[-270,210],[-200,150],[-120,90],[-160,120],[-150,110],[-170,120],[-150,100],[-150,100],[-130,80],[-170,100],[-210,130],[-560,290],[-200,120],[-270,170],[-440,250],[-230,130],[-1720,960]],[[-84363340,33816050],[330,420],[250,310],[290,390],[480,680],[470,710],[430,650],[560,850],[420,610]],[[-84630270,33867390],[1170,-330],[1060,-330],[410,-130],[870,-240],[70,-20],[990,-280],[160,-40],[470,-130],[60,-20],[170,-60],[90,-40],[330,-160],[320,-190],[280,-210],[160,-120],[140,-140],[250,-230],[50,-50],[490,-520],[320,-350],[170,-190],[260,-290],[170,-180],[170,-180],[290,-310],[40,-40],[250,-270],[230,-250],[480,-530],[150,-170],[560,-620],[790,-870],[310,-340],[250,-270],[280,-300],[720,-790],[310,-340],[390,-420],[180,-200],[220,-230],[430,-470],[720,-790],[410,-460],[110,-110],[250,-240],[210,-180],[130,-90],[260,-160],[50,-20],[90,-50],[310,-130],[330,-110],[360,-90],[360,-50],[570,-20],[150,-10],[230,0],[340,-10],[1010,-10],[570,0],[940,-10],[1450,0],[300,0],[610,10],[250,0],[710,0],[330,0],[290,0],[120,0]],[[-84356950,33822850],[210,50],[140,30],[220,40],[230,40],[360,50],[740,90],[980,140],[510,80],[980,170]],[[-84460150,33619300],[520,-150],[350,-110],[640,-190],[1410,-440],[280,-80],[850,-220],[270,-60],[820,-160],[470,-80],[360,-70],[610,-100],[140,-20],[830,-110]],[[-84339960,33667960],[1030,440],[360,150],[430,180],[1150,480],[1160,490],[600,250],[210,90],[280,120],[440,180],[740,310],[780,330],[470,190],[170,70],[450,190],[390,170],[170,70],[140,60],[150,60],[1010,420],[610,260],[850,360],[560,230],[1280,540],[470,200],[1530,640],[1310,540],[620,260],[350,150],[340,150],[510,240],[530,270],[300,160],[420,240],[310,180],[230,140],[250,150],[240,160],[260,180],[270,190],[220,160]],[[-84363850,33532540],[-20,120],[-60,310],[-50,250],[-30,150],[-40,210],[-70,400],[-70,370],[-160,840],[-100,510],[-80,410],[-50,200],[-140,470],[-110,360],[-180,540]],[[-84491980,33786300],[-350,160],[-640,350],[-170,100],[-390,240],[-120,70],[-80,50]],[[-84344760,33665950],[580,250],[620,260],[1170,490],[1340,560],[610,250]],[[-84369320,33546880],[-50,190],[-50,230],[-20,70],[-20,100],[-40,200],[-50,290],[-30,220],[-20,160],[-10,120],[-30,190],[-30,250],[-30,230],[-50,350]],[[-84363380,33520930],[30,490],[50,1040]],[[-84338940,33481470],[-180,610],[-50,150],[-70,280],[-120,380],[-30,110],[-150,520],[-330,1160],[-70,240],[-60,200],[-60,210],[-100,370],[-130,460]],[[-84452550,33644320],[70,50],[170,120],[50,40],[60,50],[70,70],[160,150],[50,40],[100,90],[220,190],[180,170],[150,130],[100,110],[120,120],[330,390],[320,660],[90,240],[70,230],[60,310],[40,310]],[[-84271330,33928070],[460,210],[790,360],[650,270],[410,170],[1000,430],[1230,530],[660,280],[650,280],[230,100],[360,160],[80,30],[380,170],[240,100],[2520,1080],[1800,780],[860,380]],[[-84197170,33835110],[-600,20],[-300,0],[-300,0],[-300,-10],[-290,0],[-1260,-50],[-1170,-30],[-350,-10],[-2080,-50],[-540,-20],[-740,20]],[[-84406370,33945070],[-90,160],[-100,260],[-30,90],[-30,110],[-20,50],[-90,180],[-80,170],[-90,120],[-160,190],[-190,180],[-220,170],[-190,100],[-200,110],[-290,100],[-310,80],[-310,70],[-140,30],[-160,40],[-270,120],[-250,150],[-230,220],[-190,180],[-170,230],[-160,240],[-230,350],[-290,420],[-140,200],[-150,330],[-60,180],[-80,400],[-30,380],[-30,420],[-20,250],[-20,350],[-30,380],[-100,700],[-20,200],[-30,220],[-60,490],[-70,1120],[-10,130],[0,320],[0,380],[0,390]],[[-84391030,33794370],[-110,190],[-90,140],[-100,130],[-90,100],[-100,100],[-100,80],[-160,100]],[[-84315100,33561990],[-1870,1060],[-950,570],[-650,390],[-1460,920],[-110,70],[-270,170],[-340,220],[-460,300],[-610,410],[-1170,780],[-1140,770],[-1680,1110]],[[-84412500,33678230],[530,1650],[130,430],[330,1020],[180,470],[50,110],[50,110],[130,250],[120,190],[70,90],[130,160],[90,100],[140,140],[230,200],[130,100],[150,100],[120,70],[130,70],[170,80]],[[-84246470,33851150],[40,460],[40,340],[30,250],[20,250],[10,140],[20,510],[0,420],[0,290],[-20,420]],[[-84477390,33620410],[400,20],[410,20],[1050,10],[930,10],[840,-20],[230,-10],[2340,-10],[570,-20],[480,-20]],[[-84326060,33670460],[0,130],[10,110],[10,120],[20,120],[20,130],[20,110],[40,180],[30,120]],[[-83689580,34396160],[-420,-240],[-220,-130],[-970,-570],[-420,-240]],[[-83789080,34319380],[-30,-430],[30,-440],[30,-330],[20,-170],[90,-510],[40,-270],[80,-500],[70,-430],[10,-130],[50,-440],[80,-510],[120,-780],[100,-740],[40,-260],[50,-340],[100,-640],[50,-450],[20,-270],[0,-270],[-10,-280],[-60,-440]],[[-84619860,33816120],[120,30],[250,70],[150,40],[420,110],[250,70],[810,220],[620,170],[640,170],[80,20]],[[-84295720,33606810],[40,-170],[100,-720],[90,-460],[20,-90],[100,-400],[170,-430],[150,-420],[190,-470],[170,-360],[190,-360],[240,-420],[160,-250],[110,-160],[130,-190],[70,-100],[60,-80],[60,-80],[100,-130],[110,-140],[90,-110],[120,-140],[70,-80],[70,-80],[70,-80],[80,-90],[90,-90],[130,-130],[110,-110],[120,-120],[120,-110],[110,-100],[90,-80],[120,-110],[220,-190],[520,-420],[340,-250],[770,-600],[820,-670],[1190,-980],[470,-380],[800,-630],[630,-500],[850,-680],[370,-310],[170,-150],[240,-220],[350,-360],[90,-100],[80,-90],[60,-70],[150,-170],[100,-120],[70,-90],[100,-120],[90,-120],[150,-200],[270,-390],[220,-360],[210,-360],[220,-440],[120,-280],[80,-200],[140,-360],[90,-280],[120,-410],[50,-190],[50,-210],[50,-210],[200,-930],[50,-250],[170,-780],[170,-770],[190,-870],[110,-470],[80,-330],[120,-450],[160,-550],[160,-510],[120,-420],[50,-160],[170,-490],[20,-60],[20,-60],[230,-630]],[[-84358760,33743590],[-460,-40],[-300,-20],[-290,-20],[-410,-20],[-900,-10],[-1110,0],[-230,0],[-390,0],[-4840,30],[-210,0],[-200,0],[-150,0],[-140,0],[-510,-20],[-580,0],[-420,20],[-890,-20],[-470,0],[-670,0],[-330,10]],[[-84370030,33549780],[30,-230],[50,-390],[70,-500],[10,-90],[50,-390],[40,-250],[50,-290]],[[-84349520,33704770],[0,90],[0,650],[0,700],[0,790],[-10,1300],[0,240],[0,190],[0,280],[0,250],[0,2060],[0,180],[0,340],[10,1300],[10,720],[10,370],[10,450],[0,260],[10,550]],[[-84348060,33684580],[-190,440]],[[-84453500,33646510],[-190,100],[-590,300],[-450,230],[-140,70],[-320,160],[-210,100],[-430,210],[-260,130],[-170,80],[-30,10],[-320,170],[-250,120],[-430,210],[-320,150],[-780,370],[-400,150],[-120,40],[-360,100],[-180,40],[-360,60],[-370,30],[-380,10],[-940,10],[-770,0],[-1260,10],[-540,0],[-980,0],[-250,0],[-1300,20],[-940,20],[-310,10],[-580,50],[-180,30],[-70,10],[-150,30],[-140,30],[-650,190],[-980,320],[-560,210]],[[-84137300,34205820],[-30,400],[-10,60],[-10,120],[-10,60],[-30,410]],[[-84097560,34129960],[-140,220],[-120,170],[-150,280],[-100,180],[-120,240],[-100,220],[-100,250],[-100,280],[-120,370],[-210,700],[-110,340],[-180,570],[-140,470],[-80,250],[-80,240],[-120,270],[-130,270],[-130,230],[-190,300],[-240,330],[-240,290],[-180,200],[-120,120],[-180,160],[-110,100],[-390,310],[-490,380],[-60,40],[-380,290],[-240,190],[-120,100],[-240,220],[-220,210],[-210,230],[-160,190],[-170,210],[-180,250],[-160,260],[-160,270],[-180,380],[-130,320],[-100,300],[-50,210],[-30,100],[-70,350],[-40,260],[-30,290],[0,160],[0,210],[10,280],[0,120],[50,550],[40,490],[40,440],[50,510],[70,830],[70,810],[30,480],[20,460],[10,440],[-20,400],[-40,580],[-80,620],[-80,420],[-50,230],[-100,430],[-120,410],[-100,310],[-160,470],[-100,260],[-160,350],[-230,510],[-280,530],[-320,540],[-300,460],[-470,640],[-210,260],[-280,330],[-240,270],[-470,490],[-260,270],[-390,380],[-140,140],[-310,290],[-240,220],[-210,190],[-190,160],[-490,410],[-530,430],[-310,240],[-200,150],[-190,130],[-320,230],[-190,130],[-370,250],[-240,150],[-250,160],[-30,20],[-350,220],[-300,180],[-280,160],[-150,70],[-320,170],[-360,180],[-360,210],[-110,70],[-350,220],[-200,130],[-410,250],[-460,290],[-100,60],[-380,250],[-300,210],[-240,180],[-120,80],[-210,150],[-530,370],[-160,120],[-60,40],[-420,300],[-160,130],[-40,40],[-200,160],[-340,280],[-80,80],[-220,250],[-550,700],[-80,110],[-260,340],[-200,240],[-250,320],[-430,570],[-290,360],[-170,230],[-420,540],[-360,470],[-190,250],[-500,660],[-450,550],[-490,640],[-20,30],[-350,420],[-100,120],[-190,220],[-180,220],[-200,220],[-350,390],[-100,120],[-180,200],[-180,200],[-80,100],[-260,290],[-20,20],[-380,440],[-310,350],[-180,200],[-300,310],[-150,160],[-250,260],[-100,100],[-150,150],[-400,410],[-70,70],[-170,170],[-290,280],[-290,260],[-150,120],[-280,270],[-200,190],[-230,200],[-170,150],[-270,240],[-370,320],[-160,140],[-40,30],[-370,330],[-20,20],[-330,250],[-290,220],[-200,160],[-290,230],[-450,360],[-250,200],[-120,90],[-90,70],[-600,480],[-260,200],[-70,60],[-140,110],[-190,160],[-180,150],[-260,210],[-320,260]],[[-84311860,33817460],[-220,240]],[[-84511420,33690620],[-450,60],[-150,10],[-230,20],[-160,20],[-470,40],[-140,10],[-160,20],[-190,40],[-240,50],[-270,90],[-250,90],[-240,100],[-230,120],[-200,110],[-510,280],[-180,100],[-190,110],[-220,130],[-330,200],[-80,50],[-430,240],[-90,50],[-270,150],[-120,70],[-250,140],[-310,170],[-140,80],[-160,70],[-340,140],[-160,70],[-210,90],[-340,110],[-800,260],[-250,80],[-350,110],[-1160,380],[-70,20],[-1040,340],[-850,290],[-470,130],[-550,100],[-770,100],[-440,60],[-100,10],[-310,30],[-610,0],[-880,10],[-60,0],[-820,0],[-580,10],[-110,10],[-670,50],[-700,100],[-630,70],[-690,90],[-550,60],[-320,40],[-480,60],[-410,40],[-330,10],[-180,10],[-220,-20],[-140,-20],[-110,-10],[-40,-10],[-250,-30]],[[-84313180,33681490],[1340,1000],[660,500],[1210,890],[880,660],[650,490],[1370,1020]],[[-84490690,33789910],[-320,-410],[-290,-360],[-330,-400],[-800,-970],[-330,-400],[-380,-460],[-820,-1000],[-50,-60],[-80,-90],[-340,-410],[-210,-260],[-170,-230],[-170,-240],[-130,-190],[-150,-240],[-130,-230],[-140,-260],[-270,-500]],[[-84363430,33517800],[-40,380],[-10,160],[0,300],[0,40],[10,420],[20,410],[0,160],[10,180],[10,250],[30,430],[20,400],[30,490],[50,1040],[20,470],[20,400],[10,260],[20,330],[20,580],[20,400],[40,810],[10,200],[30,550],[10,250],[10,490],[0,90],[0,130],[-10,340],[-20,470],[-10,160],[-10,190],[-10,80],[-80,520],[-100,540],[-90,490],[-70,400],[-40,210],[-30,190]],[[-83691610,34394980],[-260,-150],[-300,-180],[-260,-150],[-370,-220],[-860,-500],[-920,-540],[-1180,-690],[-390,-220],[-580,-340],[-870,-510],[-630,-370],[-1260,-730],[-520,-310],[-770,-450],[-790,-460],[-230,-140],[-1010,-590],[-500,-290],[-1010,-590],[-370,-220],[-890,-520],[-580,-340],[-420,-270],[-480,-350],[-450,-350],[-430,-370],[-230,-230],[-340,-340],[-270,-290],[-270,-280],[-350,-370],[-130,-120],[-80,-90],[-90,-90],[-270,-270],[-270,-280],[-520,-550],[-130,-130],[-300,-320],[-390,-400],[-560,-560],[-280,-230],[-440,-340],[-270,-200],[-360,-220],[-430,-260],[-390,-190],[-460,-220],[-1820,-810],[-1260,-560],[-1000,-440],[-1310,-570],[-630,-290],[-520,-230],[-420,-220],[-130,-60],[-340,-190],[-440,-240],[-500,-300],[-450,-310],[-170,-110],[-870,-560],[-1580,-1060],[-1320,-880],[-140,-90],[-720,-480],[-970,-650],[-1260,-820],[-1020,-670],[-1060,-650],[-800,-460],[-800,-430],[-530,-280],[-1060,-530],[-570,-270],[-1480,-730],[-570,-280],[-1140,-580],[-500,-270],[-450,-270],[-770,-490],[-470,-330],[-290,-220],[-640,-500],[-670,-580],[-680,-610],[-1330,-1190],[-1120,-1000],[-1670,-1490],[-1160,-1050],[-280,-250],[-110,-100],[-1000,-890],[-170,-160],[-760,-680],[-410,-370],[-380,-340],[-410,-370],[-700,-650],[-940,-840],[-600,-500],[-600,-500],[-120,-90],[-560,-400],[-680,-450],[-450,-270],[-370,-210],[-130,-80],[-640,-340],[-290,-140],[-380,-180],[-250,-110],[-580,-250],[-590,-230],[-2320,-890],[-1770,-660],[-170,-60],[-1020,-400],[-340,-150],[-520,-220],[-290,-140],[-560,-300],[-550,-320],[-750,-520],[-690,-540],[-440,-390],[-100,-90],[-360,-350],[-350,-360],[-340,-290],[-510,-510],[-100,-100],[-800,-800],[-270,-300],[-770,-830],[-280,-290],[-640,-650],[-620,-630],[-120,-120],[-970,-970],[-190,-190],[-680,-700],[-450,-460],[-500,-510],[-730,-740],[-630,-650],[-620,-670],[-190,-200],[-480,-530],[-490,-600],[-290,-350],[-30,-40],[-440,-570],[-230,-290],[-290,-370],[-750,-960],[-450,-560],[-280,-360],[-280,-360],[-390,-510],[-360,-490],[-270,-370],[-270,-440],[-200,-350],[-220,-390],[-220,-420],[-180,-370],[-190,-420],[-380,-870],[-230,-520],[-230,-510],[-230,-520],[-310,-710],[-210,-450],[-250,-560],[-210,-490],[-140,-430],[-30,-130],[-60,-240],[-40,-200]],[[-84631900,33511060],[490,780]],[[-84306420,33790310],[90,280],[80,200],[20,50],[70,190],[80,220],[160,450],[80,220],[50,170],[20,70],[40,170],[10,80],[70,420],[30,220],[30,250],[10,80],[30,210],[30,510],[0,90],[0,50],[-10,210],[-10,170],[-30,380],[-30,490],[-50,700],[-20,240],[-10,110],[-10,100],[-10,110],[-10,70],[-30,120],[-30,100],[-40,100],[-40,90],[-50,90],[-90,170],[-130,160],[-100,100],[-250,210],[-220,190],[-120,110],[-130,110],[-200,190],[-120,110],[-520,470],[-50,50],[-120,130],[-150,170],[-150,180],[-210,270],[-440,590],[-510,670],[-100,130],[-50,70],[-190,240],[-230,310],[-30,40],[-190,270],[-40,60],[-70,130],[-80,140],[-60,130],[-60,140],[-20,50],[-80,200],[-40,200],[-10,60],[-20,200],[-20,140],[0,40],[-10,130],[0,150],[0,150],[10,50],[10,160],[50,430],[40,380],[40,380],[60,400],[20,150],[10,110],[20,80],[20,100],[20,90],[30,140],[30,130],[70,220],[10,40],[210,640],[60,150],[180,430],[40,90],[100,240],[100,220],[50,100],[70,160],[110,260],[100,220],[70,150],[80,190],[70,160],[80,170],[60,140],[200,460],[80,150],[130,340],[30,70],[100,220],[120,230],[100,230],[170,370]],[[-84582010,33543980],[300,130],[1370,590],[1470,640],[1340,590],[220,90],[230,100],[1680,730],[1010,440],[1910,820],[980,430],[310,130]],[[-84307810,33812770],[250,490],[150,300],[120,230],[110,230],[50,100],[200,380],[620,1170],[840,1570],[350,650],[70,110],[150,220],[530,680],[80,110],[70,90],[130,210],[60,110],[30,100],[20,130],[10,190],[10,250]],[[-84168520,34160260],[240,240],[220,230],[290,300],[510,510],[1770,1800],[890,910],[370,380],[1570,1620],[1020,1040],[2190,2240],[1190,1210],[690,700],[520,490],[540,490],[300,240],[250,210],[640,480],[460,320],[740,480],[870,490],[660,340],[660,310],[570,250],[1500,640],[1350,580],[1480,640],[3230,1390],[320,140],[230,110],[180,90],[190,90],[200,100],[250,150]],[[-83821640,34262510],[-30,-270],[-10,-160],[-10,-260],[0,-110],[-30,-430],[-40,-650],[-60,-700],[-50,-350],[-70,-360],[-100,-450],[-190,-530],[-190,-450],[-190,-350],[-130,-230],[-60,-120],[-140,-200],[-160,-250],[-200,-270],[-100,-140],[-10,-20],[-140,-210],[-270,-360],[-370,-520],[-190,-260],[-280,-370],[-310,-440],[-350,-480],[-330,-400],[-190,-210],[-410,-410],[-450,-380],[-520,-390],[-450,-310],[-390,-270],[-350,-230],[-480,-330],[-560,-390],[-420,-280],[-440,-300],[-560,-380],[-470,-320],[-470,-330],[-440,-300],[-490,-340],[-470,-310],[-470,-320],[-530,-370],[-300,-210],[-550,-380],[-70,-40],[-280,-190],[-430,-290],[-310,-230],[-60,-50],[-460,-370],[-180,-170],[-220,-190],[-210,-220],[-210,-240],[-200,-240],[-330,-430],[-490,-590],[-630,-800],[-320,-430],[-490,-590],[-430,-520],[-410,-490],[-400,-520],[-400,-500],[-220,-270],[-460,-510],[-340,-350],[-410,-410],[-440,-400],[-460,-390],[-550,-450],[-390,-280],[-480,-330],[-870,-530],[-610,-330],[-1150,-640]],[[-83810550,34279060],[-360,-360],[-180,-170],[-230,-250],[-110,-120],[-140,-150],[-550,-570],[-330,-380],[-340,-470],[-160,-240],[-440,-730],[-330,-540],[-440,-750],[-310,-470],[-420,-750],[-140,-240],[-420,-700],[-290,-450],[-340,-450],[-230,-250],[-170,-190],[-100,-110],[-450,-420],[-440,-410],[-290,-250],[-130,-120],[-270,-270],[-250,-250],[-530,-500],[-130,-130],[-320,-280]],[[-84419320,33664780],[450,220],[330,160],[270,140],[160,90],[210,140],[110,70],[190,140],[370,290],[270,250],[170,170],[120,130],[310,400],[140,200],[190,320],[140,270]],[[-84303960,33820090],[10,180],[-10,100],[-30,150],[-40,130],[-20,50],[-20,40],[-50,100],[-50,80],[-70,70],[-70,60],[-80,60],[-70,60],[-90,60],[-90,50],[-90,40],[-220,90],[-360,160],[-80,40],[-100,60],[-90,60],[-90,60],[-80,70],[-70,70],[-70,80],[-70,80],[-60,80],[-50,80],[-50,90],[-40,90],[-40,90],[-230,550],[-660,1580],[-260,770],[-150,460],[-140,490],[-230,760],[-200,660],[-120,350],[-160,430],[-100,300],[-110,370],[-60,170],[-10,20],[-80,190],[-10,30],[-120,250],[-250,420],[-240,400],[-110,170],[-300,490],[-90,170],[-40,80],[-20,50],[-50,200],[-50,280],[-40,250],[-40,440],[-40,330],[-10,100],[-20,110],[-30,100],[-30,90],[-40,100],[-50,90],[-40,80],[-40,60],[-210,270],[-160,240],[-130,250],[-100,210],[-50,140],[-60,150],[-120,330],[-60,150],[-70,200],[-90,250],[-40,110],[-60,160],[-30,80],[-20,50],[-60,210],[-60,170],[-10,40],[-100,300],[-20,50],[-70,220],[-160,420],[-50,150],[-30,70],[-20,60],[-30,70],[-150,400],[-40,100],[-60,150],[-40,90],[-40,90],[-50,110],[-40,90]],[[-84290280,34053000],[710,190],[920,270],[680,190],[930,260],[700,200],[450,120],[180,50],[140,40],[920,280],[300,110],[360,140],[560,230],[500,230],[410,210],[360,190],[380,210],[480,310],[170,110],[1000,660]],[[-84313660,33841430],[-70,150],[-80,170],[-90,190],[-20,40],[-180,370],[-100,190],[-70,150],[-90,170],[-170,340],[-100,230],[-40,90],[-170,360],[-40,110],[-30,90],[-30,100],[-30,120],[-20,50],[-50,190],[-20,90],[-20,100],[-20,100],[-20,130],[-30,130],[-30,180],[-60,330],[-50,370],[-50,400],[-40,360],[-30,230],[-20,180],[-30,410],[-20,300],[-20,320],[-10,410],[0,70],[10,500],[0,30],[0,50],[10,280],[0,230],[0,40],[0,160],[0,220],[60,340],[130,500],[150,400],[20,50],[160,310],[110,210],[150,260],[80,150],[290,570],[90,190],[100,200],[210,370],[150,260],[110,120],[130,150],[110,110],[370,380],[210,210],[160,180],[80,140],[100,270],[60,160],[30,70],[80,230],[130,380],[50,150],[100,290],[30,100],[30,100],[50,260],[30,120],[10,260],[20,400]],[[-84407450,33785430],[0,120],[10,280],[0,230],[0,170]],[[-84297240,33616280],[200,-1120],[420,-2570],[150,-900],[330,-2020],[60,-370],[40,-260],[40,-250],[150,-920],[100,-610],[10,-110],[20,-340]],[[-83916340,34176630],[-260,-290],[-200,-240],[-770,-900],[-80,-100],[-240,-290],[-80,-100],[-80,-90],[-90,-110],[-140,-160],[-80,-90],[-210,-240],[-630,-710],[-60,-70],[-450,-530],[-470,-590],[-500,-650],[-240,-310],[-120,-170],[-310,-430],[-330,-480],[-300,-470],[-170,-260],[-390,-600],[-410,-680],[-250,-420],[-300,-480],[-140,-250],[-160,-230],[-290,-490],[-350,-600],[-550,-890],[-700,-1140],[-330,-540],[-470,-790],[-460,-750],[-310,-510],[-270,-440],[-260,-430],[-190,-330],[-660,-1060],[-340,-560],[-360,-530],[-340,-430],[-400,-500],[-420,-480],[-450,-470],[-480,-460],[-510,-450],[-570,-480],[-490,-370],[-570,-460],[-810,-640],[-740,-560],[-530,-420],[-530,-410],[-540,-420],[-510,-400],[-530,-400],[-520,-410],[-350,-300],[-810,-640],[-590,-450],[-540,-430],[-1000,-760],[-740,-580],[-690,-510],[-530,-410],[-810,-670],[-490,-390],[-130,-100],[-710,-550],[-400,-310],[-750,-590],[-260,-200],[-230,-190],[-100,-80],[-370,-290]],[[-84133050,34191980],[310,370],[200,230],[610,700],[240,260],[340,380],[350,410],[540,580],[1100,1250],[850,950],[760,840],[310,350],[940,1070],[440,540],[350,500],[270,440],[220,410],[200,380],[170,420],[150,380],[160,480],[150,550],[180,660],[140,470]],[[-84744670,33730920],[700,120],[650,110],[510,90],[430,80],[270,50],[410,80],[270,60],[260,60],[470,110],[400,100],[340,90],[300,80],[280,80],[400,120],[440,140],[610,210],[490,180],[460,180],[360,150],[330,140],[300,130],[220,100],[390,180],[230,110],[390,190],[310,160],[470,250],[290,160],[370,210]],[[-84837670,33719410],[1080,-120],[3700,-410],[3030,-340],[2270,-250]],[[-84139930,34185090],[-240,210],[-110,110],[-210,250],[-220,270],[-170,270],[-140,240],[-40,90],[-70,180]],[[-84170980,34125850],[40,-260],[20,-300],[0,-50],[0,-170],[-20,-150],[-90,-280],[-40,-130]],[[-84141410,34187910],[-260,-110]],[[-84279800,33581110],[120,-240],[170,-340],[30,-70],[40,-90],[70,-150],[60,-140],[80,-180],[100,-220],[60,-130],[110,-230],[160,-330],[220,-440],[400,-790],[130,-250],[50,-100],[90,-170],[150,-270],[280,-500],[270,-550],[660,-1370],[100,-200],[40,-80],[30,-60],[70,-150],[70,-150],[160,-360]],[[-84350970,34006170],[-150,130],[-120,100],[-100,70],[-70,40],[-120,60],[-110,50],[-150,70],[-190,90],[-120,60],[-260,150],[-260,160],[-450,330],[-370,200],[-200,110],[-290,170],[-390,210],[-160,80],[-110,60],[-70,40],[-760,400],[-210,100],[-260,50],[-220,20],[-220,-20],[-600,-100],[-140,-20],[-140,-20],[-460,-60],[-200,-30],[-240,-40],[-500,-60],[-290,-40],[-140,-10],[-270,-40],[-200,-10],[-190,30],[-220,100],[-190,140],[-30,30],[-170,120],[-160,150],[-200,160],[-170,150],[-140,120],[-80,80],[-60,70],[-150,180],[-70,90],[-220,280],[-210,270],[-100,130],[-130,170],[-200,270],[-170,220],[-140,200],[-150,230],[-130,360],[-30,250],[-30,440],[-10,260],[-10,520],[-10,230],[-10,350]],[[-84309110,33814110],[-90,110],[-140,180],[-80,90],[-210,230],[-130,170],[-80,110],[-100,120],[-40,50],[-60,80],[-90,90],[-150,190],[-130,160],[-40,50],[-100,140],[-90,110],[-230,270],[-80,110],[-40,40],[-70,110],[-60,70],[-80,100],[-150,190],[-150,180],[-50,60],[-80,90],[-150,170],[-80,80]],[[-84079200,34271160],[340,420],[60,90],[170,230],[370,540],[100,160],[140,260],[180,360],[190,440],[50,140],[120,290],[120,370],[100,340],[120,500],[130,600],[130,810],[50,290],[70,450],[110,670],[130,850],[160,980],[100,620],[40,260],[220,1320]],[[-84065790,34311700],[-90,-170],[-120,-250],[-580,-1160],[-80,-200],[-230,-420],[-120,-200],[-150,-230],[-340,-530],[-280,-380],[-280,-390],[-180,-220],[-40,-50],[-60,-80],[-230,-270],[-360,-410],[-760,-880],[-1010,-1160],[-710,-790],[-320,-360],[-160,-210],[-50,-70],[-240,-300],[-200,-290],[-350,-580],[-160,-330],[-130,-260],[-210,-540],[-140,-490],[-90,-560],[-80,-490],[-80,-440],[-340,-2130],[-110,-680],[-240,-1480],[-30,-170],[-70,-450],[-180,-1150],[-100,-630],[-70,-450],[-10,-90],[-100,-620],[-900,-5670],[-260,-1650],[-80,-500],[-190,-1200]],[[-84349480,33715490],[-10,350],[0,130],[0,160],[0,120],[0,210],[0,200],[0,140],[-10,210],[0,50],[0,170],[0,150],[10,350],[0,70],[0,90],[0,80],[0,100],[0,100],[0,170],[0,140],[0,110],[0,120],[0,190],[0,150],[0,90],[0,140],[0,140],[0,300],[0,150],[0,110],[10,280],[0,180],[0,140],[10,750],[0,70],[10,180],[0,230],[10,520],[0,280],[10,310],[-10,200],[0,100],[0,160],[0,150],[0,140],[0,170],[0,50],[0,110]],[[-84091420,34256090],[160,410],[230,630],[180,440],[30,100],[110,290],[180,360],[110,210],[370,780],[120,200],[150,250],[70,120],[120,190],[550,760],[330,450],[310,380],[40,40],[310,340],[300,320],[120,140],[110,110],[210,210],[130,130]],[[-84076000,34282150],[80,490],[180,1160],[910,5770],[220,1430],[20,120],[50,310],[50,320],[100,670],[80,480],[120,740],[170,1030],[420,2590],[100,620],[240,1530],[70,420],[70,410],[40,210],[50,160],[150,500],[120,320],[130,280],[140,310],[40,60],[170,240],[290,490],[260,340],[60,80],[190,210],[160,180],[330,380],[500,560],[470,550],[220,250],[710,800],[480,540],[210,250],[80,90],[430,500],[330,440],[310,470],[200,310],[170,280],[20,20],[100,160],[100,160],[180,350],[160,320],[250,450],[320,650],[170,350],[280,640]],[[-84173230,34159020],[40,-290],[40,-370],[10,-450],[0,-220],[-10,-90],[-20,-200],[-10,-80],[-40,-250],[-50,-240],[-50,-190],[-20,-70],[-40,-130],[-80,-220]],[[-83993140,34414620],[-80,-380],[-150,-620],[-110,-380],[-30,-120],[-200,-510],[-200,-490],[-170,-300],[-190,-330],[-250,-350],[-290,-400],[-270,-290],[-360,-390],[-430,-390],[-440,-340],[-280,-190],[-430,-290],[-60,-50],[-220,-150],[-430,-280],[-510,-350],[-970,-650],[-420,-280],[-680,-450],[-50,-30],[-470,-320],[-970,-650],[-580,-380],[-320,-210],[-590,-400],[-600,-400],[-250,-180],[-200,-130],[-590,-390],[-380,-260],[-1060,-700],[-2570,-1720],[-380,-250],[-1200,-790],[-470,-310],[-270,-180],[-770,-520]],[[-84218370,33707680],[10,90],[30,330],[30,240],[40,140],[10,50],[30,80],[60,170],[30,100],[50,140],[70,240],[30,80],[30,90],[70,230],[50,150],[30,100],[40,140],[70,230],[50,190],[50,210]],[[-84343400,34037250],[40,210],[20,160],[40,240],[20,110],[30,110],[40,140],[30,100]],[[-84175810,33687160],[0,450],[40,310],[10,50],[130,600],[40,250],[100,560],[70,540],[30,160],[30,150],[40,140],[70,270],[50,130],[20,70],[60,170],[110,360],[240,660],[250,740],[240,600],[220,660],[60,200],[90,280],[80,230],[90,300],[60,200],[140,490],[120,600],[40,190],[60,310],[70,330],[20,120],[70,320],[60,250],[70,330],[40,210],[50,240],[40,180],[70,340],[10,40],[50,230],[30,80],[50,150],[60,150],[80,200],[90,170],[110,200],[120,170],[310,440],[170,210],[240,270],[150,160],[110,110],[220,260],[30,40],[80,80],[100,120],[50,70],[110,150],[120,270]],[[-84711690,33752550],[380,130],[370,120],[350,110],[340,110],[790,220],[340,90],[450,100],[490,100],[910,160],[900,120],[850,110],[1310,150],[230,30],[650,80],[430,60],[280,40],[190,30],[400,70],[270,50],[200,40],[280,60],[300,70],[590,150],[330,90],[480,140],[630,190],[1010,300],[1330,400],[1170,360],[1060,320],[2880,870],[1700,510],[2310,690],[9260,2780],[2710,810],[4390,1320],[4480,1340],[2760,830],[1380,410],[1130,320],[890,240],[420,110],[560,140],[530,130],[630,150],[340,80]],[[-84154650,34222300],[-250,450],[-210,290]],[[-84097760,34129880],[80,-100]],[[-84091690,34256050],[-150,-390],[-80,-210],[-160,-410],[-200,-510],[-140,-370],[-130,-350],[-220,-590],[-440,-1150],[-620,-1640],[-120,-290],[-340,-860],[-60,-180],[-60,-160],[-80,-230],[-100,-290],[-130,-390],[-80,-220],[-50,-120],[-80,-150],[-100,-220]],[[-84338600,33918940],[30,130],[-10,110],[-40,140],[-40,130],[-50,190],[-40,140],[-20,70],[-70,280]],[[-84827590,33718290],[410,-50],[330,-40],[1720,-200],[1310,-140],[980,-80],[700,-40],[400,-10],[700,0],[380,10],[340,10],[510,30],[560,40],[470,50],[680,80],[530,70],[2410,300],[1300,160],[1310,170],[1590,200],[1070,150],[240,30],[290,40],[610,90],[570,90],[1170,200],[1380,230],[1200,210],[1960,340],[460,80],[430,70],[610,100],[520,80],[610,90],[490,70],[760,100],[620,80],[430,50],[430,50],[910,100],[480,50],[740,70],[730,60],[630,50],[1200,90],[2190,160],[2300,170],[980,70],[1330,100],[1600,110],[1240,90],[740,60],[550,50],[530,60],[780,120],[840,160],[420,90],[590,140],[590,160],[370,110],[280,90],[230,80],[390,130],[930,330],[830,300],[800,280],[2170,780],[1280,460],[1150,410],[1430,510],[1040,370]],[[-84311900,33858050],[390,350],[230,200],[130,120],[100,80],[220,200],[290,260],[130,120],[290,260],[230,200],[170,150],[50,50],[360,310],[220,200],[140,130],[80,70],[60,50],[130,120],[250,230],[290,260],[90,80],[210,180],[90,80],[190,170],[130,120],[140,130],[120,100],[190,170],[30,20],[170,150],[210,190],[300,270],[190,170],[250,220],[610,550],[330,300],[310,280],[160,140],[210,190],[100,90],[150,130],[410,360],[210,190],[350,300],[220,200],[80,70],[130,110],[210,190]],[[-84170630,34235750],[310,-420],[60,-80],[220,-330],[230,-350],[240,-480],[70,-150],[140,-280],[180,-450],[60,-170],[280,-790],[570,-1710],[50,-160],[230,-680],[140,-390],[180,-350],[100,-160],[170,-190],[150,-170],[110,-100],[240,-180],[70,-40],[170,-100],[250,-150],[390,-160],[20,-10],[190,-50],[500,-90],[170,-20],[80,-10],[810,-110],[860,-110],[640,-80],[70,-10],[420,-80],[540,-90],[400,-140],[790,-300],[240,-90],[480,-230],[280,-140],[610,-300],[260,-130],[920,-470],[520,-280],[280,-180],[180,-120],[230,-170],[370,-270],[190,-180],[190,-180],[150,-170],[180,-200],[110,-150],[230,-310]],[[-84176200,34116340],[-80,-210],[-60,-150],[-20,-80],[-20,-50],[-50,-170],[-70,-220],[-80,-400],[-20,-120],[-20,-190],[-10,-120],[-10,-240],[0,-230],[0,-160],[-10,-180],[-10,-390],[-20,-870],[-10,-260],[-10,-310],[-10,-190],[-10,-680],[-30,-820],[-10,-210],[-20,-560],[-10,-280],[0,-160],[-10,-630],[-20,-590],[-20,-900],[0,-50],[-10,-230],[-20,-510],[-20,-640],[-10,-330],[-20,-1130],[-30,-500],[-10,-180],[-20,-270],[-20,-180],[-30,-360],[-60,-640],[-120,-1380],[-150,-1640],[-30,-330],[-10,-110],[-10,-160],[-50,-700],[0,-310],[30,-240],[50,-210],[90,-310],[50,-120],[80,-170],[40,-70],[40,-70],[40,-70],[40,-60],[70,-90],[160,-210]],[[-83912350,34181410],[-800,-1000],[-1320,-1540],[-770,-930],[-370,-440],[-730,-870]],[[-84105530,34224190],[-110,-150],[-160,-200],[-190,-220],[-290,-300],[-240,-240],[-140,-140],[-220,-200],[-280,-240],[-300,-240],[-340,-250],[-480,-340],[-1390,-970],[-270,-190],[-1680,-1170],[-2200,-1540],[-3180,-2220],[-2190,-1520],[-410,-290],[-190,-140],[-200,-150],[-210,-170],[-220,-180],[-210,-170],[-130,-110],[-200,-180]],[[-83847970,34234420],[-260,-190],[-470,-310],[-550,-330],[-430,-270],[-260,-160],[-560,-310],[-450,-260],[-490,-300],[-590,-340],[-270,-150],[-280,-130],[-330,-150],[-210,-80],[-220,-70],[-200,-70],[-340,-100],[-320,-100],[-290,-80],[-360,-80],[-660,-130],[-670,-110],[-600,-100],[-290,-50],[-380,-70],[-300,-60],[-310,-70],[-220,-50],[-170,-50],[-350,-130],[-380,-170],[-290,-150],[-310,-180],[-300,-190],[-260,-180],[-460,-320],[-410,-300],[-490,-320],[-140,-110],[-340,-230],[-600,-400],[-710,-480],[-610,-420],[-510,-350],[-950,-650],[-290,-190],[-1240,-860],[-1650,-1130],[-270,-190],[-240,-160],[-800,-560],[-600,-410],[-440,-290],[-450,-310],[-930,-630],[-370,-240],[-260,-160],[-260,-160],[-280,-170],[-250,-150],[-440,-260],[-260,-150],[-450,-260]],[[-84757060,33728810],[630,110],[730,120],[3790,630],[3180,550],[2600,450],[1120,190],[340,60]],[[-84895180,33723690],[680,-130],[1000,-190],[520,-100],[1810,-340],[860,-150],[780,-130],[910,-140],[980,-140],[910,-120],[810,-100],[1250,-140],[640,-60],[910,-80],[1040,-80],[1170,-80],[910,-60],[440,-20],[610,-20],[320,0],[1750,-50],[1730,-20],[2540,-20],[1270,-10],[1460,-10],[2240,-40],[630,-20],[540,-20],[430,-20],[1100,-50],[620,-30],[800,-40],[820,-40],[830,-40],[490,-20],[1230,-30],[860,-10],[1130,30],[930,40],[1220,50],[2290,90],[2140,90],[480,-10],[900,-20],[740,-30],[440,-30],[940,-90],[630,-70],[790,-110],[1080,-190],[600,-120],[700,-160],[780,-180],[1220,-270],[910,-200],[610,-120],[370,-70],[570,-100],[450,-60],[580,-70],[470,-50],[150,-20],[500,-60]],[[-84535100,33943400],[-480,40],[-280,-10],[-230,0],[-180,-10],[-120,0],[-380,-10],[-230,-10],[-140,-10],[-130,0],[-1260,-50],[-190,-10],[-320,-10],[-180,-10],[-530,-20],[-350,-20],[-180,-10],[-130,0],[-130,10],[-240,10],[-240,10],[-520,80],[-600,150],[-390,150],[-270,110],[-120,50],[-240,130],[-360,190],[-440,290],[-400,330],[-410,400],[-320,380],[-120,170],[-130,240],[-90,190],[-320,670],[-120,230],[-90,140],[-150,180],[-190,170],[-240,130],[-130,50],[-260,50],[-240,20],[-300,-20],[-370,-50],[-120,-10],[-140,-20],[-420,-50]],[[-84166910,33703450],[-1690,30],[-1680,20],[-990,0],[-920,0],[-930,0]],[[-84703040,33940440],[330,110]],[[-84314820,33920200],[920,0],[1410,10],[1600,10],[1790,0],[3730,0],[210,0],[160,0],[4480,10],[410,0],[880,-20],[460,-20],[410,-30],[310,-30],[480,-60],[220,-30],[130,-20],[270,-40]],[[-84057260,34328590],[-120,-310],[-260,-610],[-530,-1020],[-50,-100],[-180,-330],[-610,-1090],[-500,-900],[-140,-260],[-170,-310],[-720,-1340],[-260,-470],[-270,-480],[-160,-300],[-780,-1480],[-160,-340],[-790,-1630],[-430,-880],[-410,-860],[-630,-1320],[-230,-470],[-80,-170],[-130,-270],[-170,-360],[-590,-1260]],[[-84137300,34205820],[20,-290],[10,-150],[20,-280],[10,-230],[50,-300],[20,-70],[40,-100],[40,-130],[110,-220],[50,-70],[50,-60],[100,-110],[80,-80],[90,-80],[70,-50],[70,-50],[60,-40],[70,-40],[110,-60],[60,-30],[380,-180],[220,-110],[100,-60],[80,-60],[80,-70],[70,-70],[40,-40],[40,-40],[60,-70],[50,-70],[90,-130],[110,-210],[100,-220],[120,-310],[80,-200],[140,-360],[60,-160],[90,-280],[30,-120],[10,-50],[20,-190],[-10,-270],[-10,-90],[-20,-190],[-30,-240],[-50,-230],[0,-20],[-30,-130],[-30,-110],[-20,-90],[-20,-70],[-30,-100],[-60,-160],[-30,-60],[-80,-190],[-100,-200],[-30,-60],[-10,-20],[-50,-90],[-110,-190],[-150,-260],[-140,-230],[-70,-120],[-30,-60],[-70,-120],[-110,-180],[-30,-60],[-50,-80],[-30,-60],[-70,-120],[-70,-180],[-60,-140],[-30,-150],[-10,-120],[-10,-50],[0,-160],[0,-20],[20,-170],[50,-350],[20,-180],[20,-180],[10,-70],[10,-70],[20,-160],[40,-310],[10,-80],[50,-380],[10,-70],[10,-60],[20,-100],[10,-100],[20,-130],[30,-200],[-20,-160],[-10,-140],[-20,-150],[-60,-120],[-20,-50],[-50,-110],[-160,-280],[-50,-90],[-160,-300],[-30,-50],[-210,-300],[-230,-280],[-70,-90],[-180,-180],[-140,-140],[-130,-120],[-110,-110],[-70,-60],[-40,-40],[-130,-130],[-340,-340],[-110,-110],[-100,-90],[-40,-40],[-280,-240],[-120,-110],[-390,-320],[-370,-290],[-30,-20],[-170,-80],[-220,-100],[-190,-70],[-230,-80],[-470,-140],[-250,-70],[-60,-20],[-180,-60],[-470,-160]],[[-83935080,33934570],[-340,-170],[-640,-290],[-860,-390],[-990,-420],[-720,-290],[-1410,-520],[-800,-310],[-1500,-550],[-1220,-470],[-750,-280],[-500,-190],[-1020,-380]],[[-84658150,33767450],[-440,-110],[-250,-60],[-240,-60],[-630,-150],[-960,-250],[-920,-250],[-970,-270],[-1490,-440],[-1170,-350],[-500,-140],[-730,-230],[-890,-270],[-850,-260],[-2890,-860],[-4430,-1330],[-1350,-410],[-1030,-300],[-1470,-440],[-860,-260],[-970,-290],[-1850,-560],[-1940,-580],[-1790,-540],[-1150,-340],[-2540,-760],[-1720,-520],[-1070,-320],[-2050,-620],[-1180,-350],[-970,-300],[-1630,-490],[-1020,-300],[-830,-220],[-650,-150],[-690,-130],[-540,-90],[-480,-70],[-1070,-130],[-970,-110],[-290,-40],[-660,-80],[-930,-130],[-380,-50],[-400,-60],[-740,-150],[-320,-70],[-290,-70],[-370,-90],[-380,-110],[-320,-90],[-280,-90],[-250,-80],[-420,-140]],[[-83987580,34034940],[-140,450],[-230,700]],[[-84723780,33934660],[80,20],[290,80],[170,50],[4610,1330],[1790,510],[790,230],[860,240],[1440,410],[710,200],[620,180],[140,40],[210,60],[290,90],[580,160],[1020,280],[840,240],[430,130],[280,80],[650,180],[490,130],[600,150],[880,200],[720,170],[950,230],[330,100],[290,90],[680,200]],[[-84144080,33823780],[810,-40],[340,-20],[740,-40],[780,-50],[650,-20],[140,-10],[260,-10],[260,-20],[530,-50],[260,-40],[260,-30],[260,-40],[250,-50],[270,-60],[400,-120],[540,-160],[510,-160],[470,-140],[390,-120],[140,-30],[130,-30]],[[-84427040,33983580],[420,330],[120,100],[200,160],[210,150],[30,20],[260,170],[80,50],[160,90],[120,70],[90,50],[180,90],[140,70],[60,30],[190,90],[390,170],[460,180],[320,130],[520,200],[90,40],[220,90],[260,100],[140,50],[390,170],[140,70],[320,150],[270,150],[210,120],[460,300],[180,130],[160,110],[420,330],[370,330],[150,160],[190,190],[340,400],[430,540],[220,270],[290,360],[300,370],[470,580],[60,80],[170,200],[220,280],[160,200],[140,170],[480,540],[200,180],[400,310],[290,190],[160,90],[310,160],[330,150],[340,130],[140,40],[330,90],[60,20],[330,80],[440,100],[180,40],[110,30],[480,120],[50,20],[350,100],[380,150],[370,180],[170,100],[330,200],[450,340],[160,130],[110,100],[290,330]],[[-84271400,33928210],[-430,-190],[-550,-230],[-740,-320],[-1080,-470],[-620,-270],[-820,-350],[-900,-390],[-190,-80],[-190,-80]],[[-84569410,34008740],[540,310],[910,520],[290,160],[120,60],[140,80],[950,540],[300,170],[80,50]],[[-84260200,34076360],[-90,150],[-40,110],[-50,110],[-40,160],[-20,350],[-10,200],[-30,440],[-10,320],[-20,370],[-20,400],[-20,340],[10,210],[20,150],[40,130],[10,40],[50,130],[80,170],[140,180],[200,210],[370,350],[190,190],[110,130],[30,40],[80,120],[80,150],[50,120],[40,130],[20,110],[20,90],[60,540],[40,310],[50,240],[50,160],[10,30],[60,130],[120,230],[90,140],[70,100],[330,450],[250,360],[220,350],[30,50],[100,190],[140,320],[70,120],[90,180],[230,470],[80,150],[120,280],[70,140],[30,70],[50,170],[30,170],[10,270],[-50,320],[-60,250],[-130,550]],[[-84011930,34398670],[1070,690],[490,320],[1090,730],[2570,1720],[290,190],[310,210],[210,140],[180,120],[570,380],[530,360],[880,580],[1520,1020],[730,490],[260,170],[970,650],[880,590],[1310,870],[120,80],[340,230],[750,510],[290,190],[230,160],[510,390],[390,310],[450,470],[550,640],[230,330],[250,400],[160,260],[160,350],[150,330],[180,500],[50,180],[80,320],[30,130],[140,530],[90,380]],[[-83992920,34414590],[330,1460],[410,1810],[20,80],[170,750],[290,1260],[570,2500],[130,570],[60,240]],[[-84467210,34258530],[0,-210],[-10,-330],[-10,-440],[-10,-390],[-30,-630],[-20,-620],[-30,-1140],[-20,-590],[-10,-240],[-20,-440],[-20,-490],[-40,-1180],[-30,-1000],[-10,-350],[-20,-280],[0,-170],[-20,-450],[-30,-1100],[-10,-210],[-40,-800]],[[-84170140,34004450],[-120,-10],[-550,-80]],[[-84118440,34022480],[220,60],[330,110],[250,70],[320,90],[410,110],[700,190],[820,200],[360,110],[430,170],[370,190],[270,150],[110,60],[340,260],[330,270],[280,270],[310,310],[200,200],[690,670],[830,790],[880,860],[260,280],[320,410],[180,260],[160,280],[290,600],[160,350],[90,210],[110,230],[160,340],[70,150],[110,250],[120,260],[70,120],[140,250],[160,260],[180,270],[300,420],[230,290],[230,260],[250,270],[100,90],[170,170],[330,280],[260,220],[300,230],[170,130],[140,100],[170,120],[140,100],[330,220],[100,60],[380,250],[590,390],[210,140],[230,160],[220,150],[110,80],[250,170],[560,370],[310,210],[300,210],[150,120],[140,110],[40,30],[160,160],[140,150],[90,90],[210,230],[50,70],[200,240],[190,280],[60,100],[320,580],[90,150],[40,70],[30,60],[110,180],[390,690],[80,140],[560,990],[150,300],[430,720],[310,540],[350,600],[280,470],[250,390],[590,830],[220,280],[130,160],[200,250],[230,260],[400,450],[50,60],[480,500],[460,440],[140,150],[140,140],[150,160],[130,140],[70,60],[200,170],[140,130]],[[-84905960,33725590],[-530,-20],[-340,-20],[-110,-10],[-360,-30],[-160,-10],[-440,-40],[-620,-70],[-700,-100],[-860,-150],[-820,-180]],[[-84221350,33969820],[160,360],[100,220],[110,250],[100,230],[90,200],[110,240],[30,80],[80,190],[190,440],[150,330],[170,380],[120,290],[90,210],[220,470],[70,150],[70,160],[80,180],[120,260],[160,330],[200,420],[150,300],[100,180],[80,150],[160,280],[200,320],[80,130],[30,60],[130,230],[110,180],[100,180],[280,420]],[[-84661670,33952460],[340,130],[430,170],[370,120],[380,120],[210,60],[250,70],[480,110],[220,50],[190,40],[350,60],[480,90],[580,90],[170,20],[340,40],[110,10],[90,10],[300,30],[1020,70],[180,10],[130,0],[320,10],[40,0],[190,0],[370,0],[640,-30]],[[-84340510,33859080],[-260,-340],[-350,-320]],[[-84624080,33946090],[710,-10],[500,-10],[290,-10],[430,-10],[130,0],[390,-10],[570,-10],[420,-10],[160,-10],[1200,-50],[670,-30],[370,-10],[540,-20],[1400,-50],[840,-40],[660,-30],[220,-10],[1530,-70],[1810,-90],[640,-30],[340,-20],[1360,-90]],[[-84496190,33789910],[-210,310],[-260,380],[-190,260],[-300,330],[-80,100],[-230,270],[-110,120],[-70,70],[-210,220],[-90,90],[-90,90],[-140,140],[-400,330],[-300,240],[-510,300],[-380,220],[-40,20],[-450,220],[-90,40],[-110,50],[-350,140],[-210,70],[-160,50],[-360,110],[-360,80],[-240,50],[-300,40],[-330,30],[-110,10],[-720,40],[-500,20],[-50,0],[-570,40],[-210,30],[-230,40],[-350,80],[-290,70],[-400,150],[-330,130],[-260,130],[-190,90],[-150,80],[-420,200],[-250,110],[-300,140],[-560,270],[-200,100],[-400,190],[-260,140],[-130,70],[-120,70],[-230,130],[-290,210],[-140,110],[-410,350],[-170,150],[-210,220],[-430,510],[-280,310],[-200,210],[-200,200],[-190,150],[-260,170],[-110,50],[-140,100],[-510,270],[-410,190]],[[-84402790,33754610],[0,370],[0,190],[0,270],[10,460],[0,410],[20,560],[-10,650],[0,200],[0,360],[10,220],[0,60],[0,150],[0,50],[0,360],[0,170],[0,140],[0,440],[0,360],[10,310],[10,300],[10,540],[0,640],[0,50],[0,160],[0,180],[0,200],[0,120],[-20,220],[0,40],[-30,170]],[[-84046580,34353770],[230,540],[250,580],[160,380],[130,340],[30,70],[350,810],[80,160],[120,240],[50,80],[190,310],[290,380],[300,350],[390,320],[210,160],[420,300],[190,110],[300,170],[370,210],[690,440],[390,250],[250,170],[150,100],[480,290],[230,150],[180,110],[280,170],[520,320],[170,100],[50,30],[220,140],[180,110],[190,120]],[[-84537280,34080690],[70,230],[50,140],[50,130],[440,1160],[410,1080],[500,1300],[280,730],[90,240],[160,420],[380,980],[200,530],[170,440],[160,420],[240,630],[450,1190],[480,1240]],[[-84232410,33756070],[40,-590],[100,-790],[320,-2050],[80,-580],[60,-420],[140,-980],[190,-1260]],[[-84578020,33952150],[200,-10],[140,0],[240,-10],[150,-10],[30,0],[270,-20],[370,-30],[60,0],[600,-50],[110,-10],[260,-10],[160,-10],[120,-10],[180,-10],[140,-10],[450,-30],[60,0],[270,-10],[270,0],[120,0],[190,0],[250,0],[130,0],[270,-10],[390,-10],[40,0],[180,0],[170,0],[220,0],[280,0],[100,0],[130,0],[250,-10],[150,-10],[130,0],[210,0],[70,0],[430,-10],[490,-10],[510,-10],[140,0],[1610,0],[310,0],[610,0],[750,0],[1150,0],[460,-10],[440,-10],[520,10],[360,-10],[1140,-30],[590,-20],[610,-10],[90,0],[420,-20],[870,-30],[700,-30],[430,0],[170,10],[150,30],[190,60],[600,230],[260,100],[190,60],[310,70],[260,10],[80,0],[60,0],[250,0],[290,0],[650,0],[360,0],[40,0],[550,0],[120,0],[160,0],[70,0],[160,0],[60,0],[180,10],[110,0],[320,0],[370,10]],[[-84318140,33677990],[-570,-410],[-300,-210],[-170,-120],[-180,-120],[-330,-210],[-330,-200],[-430,-250],[-400,-220],[-450,-230],[-280,-140],[-350,-160],[-390,-170],[-670,-290],[-500,-210],[-2670,-1110],[-420,-180],[-500,-210],[-430,-180],[-480,-200],[-410,-170]],[[-84492290,33822870],[-180,-180],[-160,-150],[-230,-210],[-100,-90],[-80,-80],[-160,-160],[-250,-280],[-180,-210],[-140,-180],[-300,-420],[-200,-300],[-160,-270],[-350,-570],[-350,-590],[-190,-310],[-270,-420],[-210,-340],[-170,-290],[-380,-640],[-230,-370],[-320,-550],[-160,-310],[-100,-220],[-110,-270],[-70,-220],[-110,-350],[-60,-280],[-40,-260],[-40,-300],[-10,-270],[-10,-270],[10,-220],[20,-250],[40,-260],[30,-210],[60,-260],[60,-210],[70,-220],[90,-250],[90,-210],[90,-220],[170,-310],[300,-490],[250,-340],[110,-150],[190,-260],[330,-420],[210,-300],[180,-260],[170,-210],[260,-350],[300,-410],[590,-810],[290,-380],[180,-250],[120,-160],[250,-330],[290,-390],[170,-220],[160,-220],[560,-760],[1100,-1480],[1070,-1450],[250,-340],[270,-360],[200,-270],[190,-260],[110,-160],[150,-250],[180,-300],[100,-190],[130,-270],[80,-170],[90,-230],[70,-170],[100,-340]],[[-84407480,33779660],[0,200],[0,170],[0,90],[0,140],[0,90],[0,140],[-10,200]],[[-84407490,33781550],[0,220],[0,390],[0,340],[10,510],[0,130],[0,150],[0,80],[10,650],[10,470],[0,70],[10,420],[0,70],[0,250],[0,130]],[[-83929980,33853390],[-520,170],[-690,240],[-310,100],[-330,90],[-420,120],[-360,100],[-840,230],[-410,120],[-350,110],[-480,150],[-620,180],[-560,170],[-760,230],[-1720,530],[-800,240],[-830,240],[-630,190],[-240,70],[-900,260],[-220,70],[-820,250],[-560,160],[-390,120]],[[-84137630,33948380],[1000,470],[230,110],[290,140],[650,330],[1070,500],[390,170]],[[-84896080,33724140],[-630,120],[-2090,400],[-1140,220],[-750,140],[-680,130],[-1170,200],[-410,50],[-370,40],[-1340,70],[-140,10],[-1160,70]],[[-84089550,33976460],[120,230],[100,170]],[[-84776210,33742850],[310,60],[100,20],[450,90],[50,10],[370,80],[240,50],[580,120],[690,140],[240,40],[510,100],[370,80],[380,70],[390,80],[270,50],[1220,240],[620,90],[620,50],[1130,80],[440,30],[300,20],[420,30],[200,10],[330,40],[310,30],[260,40],[100,20],[360,100],[190,60],[220,80],[100,40],[700,290],[550,220],[130,50],[410,160],[610,250],[530,210],[660,270],[310,130],[190,80],[420,170],[50,20],[670,260],[80,30],[500,210],[250,100],[620,260],[130,50],[130,50],[510,210],[640,270],[290,120],[470,190],[550,220],[310,120],[90,40],[220,90],[140,60],[100,40],[160,70],[360,140],[70,30],[460,180],[240,90],[290,120],[600,250],[820,350],[990,390],[990,410],[360,150],[1370,540]],[[-84488040,34221240],[-340,-300],[-200,-180],[-130,-130],[-320,-350],[-130,-170],[-150,-200],[-30,-50],[-120,-230],[-30,-50],[-40,-80],[-30,-80],[-70,-180],[-60,-160],[-30,-100],[-90,-320],[-40,-170],[-150,-540],[-170,-580],[-200,-700]],[[-84343110,34038510],[60,150],[10,30],[60,160],[70,180],[10,20],[80,210],[60,120],[40,80],[110,250],[150,360],[100,250],[90,220],[80,190],[40,90],[50,120],[50,100],[40,100],[40,100],[160,350],[160,370],[30,60],[60,140],[150,340],[40,100],[120,290]],[[-84312600,33839290],[-80,170],[-230,480],[-60,120],[-130,290],[-120,210],[-120,240],[-80,190],[-130,230],[-110,210]],[[-84612490,33691240],[-390,120],[-200,60],[-170,60],[-170,60]],[[-84311900,33858050],[-280,-270],[-170,-150],[-160,-140],[-100,-90]],[[-84343870,34035970],[90,150],[50,110],[80,140],[100,190],[30,160],[90,410],[30,120]],[[-84473720,33776300],[-370,170],[-100,50],[-160,70],[-60,30],[-80,30],[-120,60],[-90,40],[-80,30],[-130,60],[-150,60],[-90,40],[-210,90],[-350,150],[-190,80],[-80,30],[-150,60],[-350,140],[-270,110],[-620,320],[-280,180],[-150,100],[-100,70],[-170,120],[-210,160],[-100,70],[-80,60],[-360,300],[-70,50],[-450,310],[-220,140],[-80,50],[-90,60],[-160,110],[-200,130],[-80,50],[-220,140],[-200,130],[-190,110],[-490,310],[-490,300],[-230,120],[-190,110],[-300,140],[-140,60],[-490,140],[-350,80],[-590,130],[-870,170],[-170,40],[-230,50],[-70,10],[-490,140],[-280,110],[-200,140],[-180,130],[-110,110],[-200,210],[-210,200],[-310,300],[-240,280],[-450,520],[-50,60],[-250,290],[-80,100],[-230,230],[-200,180],[-70,50],[-100,70],[-100,70],[-80,50],[-160,100],[-340,220],[-260,130],[-100,50],[-60,30],[-220,110],[-190,70],[-230,70],[-210,60],[-80,20],[-40,10],[-130,30],[-200,60],[-80,20],[-210,70],[-60,20],[-50,20],[-140,50]],[[-84371070,33843980],[350,180],[100,50],[260,140],[170,90],[170,100],[170,90],[110,60],[140,80],[90,70],[270,150],[250,130],[190,220],[60,90],[80,110],[60,150],[70,170],[80,240],[60,210],[120,230],[120,220],[60,80],[170,200],[250,320],[290,280],[320,320],[140,150],[110,120],[120,120],[260,250],[90,70],[160,110],[160,90],[100,30],[190,50],[310,60],[200,-10],[230,-30],[250,-10],[80,10],[30,0],[90,10],[240,40],[160,60],[140,60],[130,40],[560,210],[380,190],[50,30],[140,100],[90,100],[240,240],[340,370]],[[-84360450,34253780],[660,260],[210,80],[420,150],[290,90],[300,70],[380,60],[100,10],[320,20],[430,10],[430,-30],[420,-30],[200,-10],[230,-20],[410,-30],[1540,-120],[2470,-170],[620,-50],[340,-20],[340,-20],[340,10],[340,30],[120,10],[220,30],[390,80],[280,80],[480,150],[340,110],[250,70],[250,50],[270,40],[230,10],[150,10],[390,-10],[390,-30],[570,-20],[370,10],[280,40],[230,60],[210,70],[20,10],[230,100],[250,120],[400,210],[270,140],[190,90],[200,80],[190,60],[280,60],[230,30],[530,10],[680,-40],[1300,-80],[450,-30],[590,-30],[50,0],[800,-30],[830,-50],[390,-20],[900,-50],[50,0],[450,-10],[520,10],[380,20],[270,30],[370,40],[110,20],[100,10],[250,40],[340,70],[110,20],[270,60],[190,50],[320,90],[150,40],[330,120],[390,130],[160,60],[80,30],[550,190],[100,40],[230,80],[160,60],[940,340],[540,180],[660,230],[510,180],[150,50],[240,80],[330,90],[300,60],[290,40],[260,20],[150,0],[180,-10],[110,0],[430,-40]],[[-84124010,33955000],[1160,560],[360,180]],[[-84030590,34106130],[-250,160],[-300,200],[-390,280],[-170,110],[-380,250],[-1000,700],[-1000,670],[-80,50],[-250,170],[-340,220],[-450,280],[-330,210],[-540,340],[-470,310],[-340,210],[-240,150],[-400,210],[-270,110],[-240,100],[-220,80],[-310,90],[-80,20],[-340,80],[-280,60],[-280,50],[-290,40],[-220,20],[-260,10],[-680,10],[-870,20],[-170,0],[-370,10],[-420,10],[-110,0],[-800,30],[-730,20],[-700,20],[-540,10],[-350,10],[-380,10],[-760,30],[-620,20],[-630,20],[-570,10],[-570,20],[-230,10],[-450,20],[-470,10],[-450,10],[-190,0],[-540,20],[-440,20],[-460,30],[-670,40],[-570,40],[-260,20],[-430,30],[-820,50],[-840,50],[-430,20],[-490,20],[-280,10],[-880,30],[-910,40],[-2020,70],[-750,20],[-800,30],[-910,20],[-120,0],[-1890,40],[-730,20],[-970,0],[-380,0],[-980,-10],[-810,10],[-130,10],[-310,30],[-310,40],[-300,60],[-380,110],[-190,60],[-220,90],[-230,100],[-250,140],[-390,230],[-220,140],[-270,220],[-200,180],[-80,90],[-100,90],[-240,280],[-190,220],[-100,110],[-230,280],[-280,310],[-440,570],[-20,30],[-180,250],[-190,320],[-110,160],[-20,30],[-100,140],[-240,360],[-180,270]],[[-84210650,33851730],[330,90],[140,40],[40,380]],[[-84362890,34014070],[-10,230]],[[-84208720,33856470],[160,130],[60,40],[70,50],[160,90],[170,80]],[[-84653500,33953870],[-780,30],[-570,0],[-440,-10],[-300,-20],[-370,-20],[-450,-30],[-320,-40],[-460,-50],[-850,-120],[-730,-130],[-140,-30],[-330,-80],[-480,-120],[-500,-150],[-260,-70],[-390,-140],[-150,-50],[-640,-260]],[[-84362900,34014300],[10,-230]],[[-84143300,33703460],[-710,-50],[-220,-20],[-260,-20],[-240,-20],[-570,-40],[-530,-30],[-490,-20],[-920,0],[-480,0],[-1430,10],[-440,10],[-920,10],[-650,10],[-670,0],[-820,10],[-930,10],[-1190,10],[-830,10],[-680,0],[-920,10],[-1000,10],[-1580,20],[-1530,10],[-1390,20],[-1600,10],[-990,20],[-390,0],[-560,0],[-270,0],[-400,10]],[[-84277950,33712630],[-260,-30],[-220,-20],[-240,-20],[-830,-60],[-1140,-40],[-1450,-30],[-3170,-80],[-490,-10],[-1130,-30],[-880,-20],[-580,-10],[-570,20],[-550,40],[-580,60],[-550,90],[-560,100],[-410,100],[-410,100],[-350,110],[-440,130],[-520,180],[-510,210],[-1020,460],[-520,220],[-780,340],[-260,110],[-260,110],[-540,210],[-270,90],[-290,70],[-540,110],[-520,60],[-250,20],[-510,20],[-1020,10],[-790,10]],[[-84408180,33739280],[0,270],[10,340],[20,1000],[0,180],[0,170],[0,170],[0,210],[0,80],[0,450]],[[-84406520,33776280],[140,190],[150,220],[60,170],[50,190],[30,250],[-50,330],[-170,360],[-160,220],[-210,220]],[[-84305680,33715300],[-970,20],[-570,-10],[-300,10],[-290,20],[-290,30],[-300,50],[-280,50],[-280,70],[-270,80],[-280,90],[-550,210],[-390,190]],[[-84348250,33685020],[-40,90],[-180,480],[-280,810],[-140,530],[-30,120],[-50,200],[-90,460]],[[-84246330,33854230],[-10,160],[-20,180],[-30,270],[-20,160],[-40,290],[-90,540],[-130,660],[-180,770],[-290,1220],[-180,740],[-110,470],[-220,910],[-110,480],[-180,760],[-70,280],[-160,660],[-60,260],[-60,230],[-70,320],[-180,780],[-70,280],[-60,230],[-200,870],[-200,870],[-150,740],[-70,430],[-70,420],[-40,300],[-60,450],[-70,600],[-70,1010],[-20,440],[-20,650],[0,440],[0,990],[0,110],[0,1800],[0,870],[0,870],[0,310],[0,580],[-10,440],[-10,340],[0,160],[-10,370]],[[-84408110,33744640],[290,300],[780,830],[500,500],[200,220],[170,170],[410,460],[140,200],[390,570],[70,90],[100,140],[80,110],[160,230],[300,430]],[[-84411330,33916060],[-340,0],[-1070,0],[-1480,10],[-320,0],[-540,-10],[-300,-10],[-170,-10],[-180,-10],[-190,-10],[-260,-20],[-300,-30],[-360,-40],[-360,-50],[-570,-90],[-270,-50],[-420,-90],[-400,-90],[-390,-100],[-360,-100],[-440,-130],[-480,-160],[-330,-120],[-520,-210],[-480,-200],[-310,-140],[-410,-210],[-490,-260],[-410,-230],[-230,-150],[-350,-230],[-270,-180],[-250,-180],[-210,-160],[-200,-150],[-450,-360],[-140,-120],[-330,-280],[-540,-490],[-140,-120]],[[-84364940,33654750],[340,440],[100,130],[130,170],[150,190],[190,250],[160,210],[160,200],[200,250],[200,240],[150,170],[300,330],[160,160],[170,160],[120,110],[190,170],[160,150],[230,190],[190,150],[180,130],[220,160],[320,220],[270,170],[230,140],[230,140],[240,130],[390,200],[200,100],[280,130],[310,140],[310,130],[540,230],[370,150],[330,140],[320,130],[650,270],[520,220],[2650,1110],[610,260],[310,130],[320,130],[1830,770],[570,240],[1360,570],[880,370],[400,170],[480,200],[550,230],[720,300],[290,120]],[[-84208150,33913130],[-20,60],[-90,300],[-100,300],[-100,300],[-290,900],[-40,70],[-60,80],[-50,50],[-60,60],[-90,310],[-70,220],[-50,180],[-140,480],[-60,200],[-80,260],[-90,290],[-110,330],[-20,60],[-80,260]],[[-84675420,33660400],[10,-50],[30,-60],[60,-50],[90,-40],[80,0],[70,10],[50,20],[40,30],[40,40],[20,40],[20,60],[0,40],[-10,30],[-20,30],[-30,40]],[[-83993780,33856070],[-430,10],[-220,30],[-250,30],[-330,40],[-260,30],[-560,60],[-520,60],[-310,40],[-230,30],[-600,80],[-70,10],[-110,10],[-220,20],[-110,10],[-380,10],[-270,-10],[-200,0],[-430,-60],[-80,-20],[-120,-20],[-220,-40],[-90,-20],[-20,-10],[-210,-50],[-430,-110],[-580,-150],[-400,-110],[-860,-230],[-530,-130],[-420,-120],[-260,-60],[-380,-100],[-30,-10],[-220,-60],[-420,-110],[-150,-40],[-180,-40],[-430,-110],[-230,-60],[-120,-30],[-240,-60],[-110,-20],[-100,-20],[-210,-30],[-280,-20],[-340,-10],[-140,10],[-170,10],[-20,0],[-250,40],[-80,10],[-120,20],[-220,50],[-500,110],[-370,80],[-880,210],[-120,30],[-310,70],[-600,120],[-240,60],[-210,50],[-160,30],[-190,40],[-120,30],[-90,20],[-380,60],[-180,30],[-270,50],[-270,60],[-850,190],[-200,40],[-40,10],[-290,60],[-530,140]],[[-84259010,33933400],[360,160],[220,100],[1170,560],[960,500],[860,480],[230,130],[360,210]],[[-84340440,33667760],[240,100],[240,100]],[[-84379200,33806380],[360,170],[170,100],[160,100],[360,240],[160,110],[520,430],[1040,900],[630,520],[420,350],[520,380],[170,120],[180,110],[200,110],[190,90],[130,60],[280,120],[220,80],[210,70],[440,120],[440,110]],[[-84330890,33834080],[720,290],[250,110],[510,230],[540,260],[340,160],[620,270],[500,240],[260,120],[910,480],[890,460],[1150,570],[1170,600],[940,490],[810,410],[280,140],[300,130],[590,230],[330,110],[270,80],[340,90],[560,130],[280,50],[230,30],[170,30]],[[-84308810,33841480],[110,70],[80,50],[100,70],[130,90],[120,80],[180,130],[380,310],[200,200],[190,190],[170,200],[180,230],[160,220],[140,200],[410,710],[400,690],[240,420],[150,260],[280,480],[250,440],[420,760],[160,270],[250,440],[250,430],[290,450],[150,210],[110,140],[340,400],[240,240],[210,200],[210,190],[430,370],[440,380],[960,810],[690,570],[910,730],[1710,1360],[1020,810],[590,500],[270,260],[270,270],[380,450],[290,380],[310,480],[340,640],[510,950],[630,1180],[230,420],[260,410],[190,250]],[[-84557460,33852870],[-750,440],[-110,70],[-1260,770],[-1100,650],[-200,120],[-540,330],[-570,340],[-370,220],[-390,210],[-410,160],[-220,70],[-210,60],[-220,50],[-430,70],[-660,60],[-890,50],[-1510,90],[-820,40],[-660,10],[-1080,-20],[-1480,-20],[-1030,0],[-180,0],[-640,-10],[-1000,-20],[-980,-10],[-410,0],[-370,0],[-470,-10],[-400,-10],[-310,0],[-640,-10]],[[-84506960,34183490],[-50,-490],[-30,-230],[-40,-200],[-50,-210],[-130,-740],[-70,-320],[-100,-310],[-90,-250],[-100,-230],[-120,-230],[-130,-230],[-140,-220],[-150,-200],[-110,-140],[-210,-230],[-200,-200],[-410,-380],[-500,-440],[-690,-610],[-310,-270],[-220,-200],[-280,-270],[-140,-140],[-200,-220],[-210,-240],[-170,-210],[-150,-200],[-200,-290],[-170,-270],[-140,-250],[-90,-170],[-70,-130],[-60,-130],[-110,-240],[-110,-270],[-80,-230],[-80,-260],[-50,-170],[-40,-170],[-60,-260],[-40,-210],[-50,-340],[-30,-350],[-10,-270],[10,-260],[10,-160],[20,-270],[50,-400],[50,-290],[40,-210],[130,-630],[120,-660],[220,-1140],[170,-860],[190,-1000],[130,-670],[130,-680],[290,-1500],[120,-630],[120,-670],[90,-660],[20,-210],[20,-260],[30,-650],[0,-460],[-20,-550],[-20,-300],[-10,-130],[-60,-560],[-50,-310],[-90,-510],[-90,-420],[-170,-650],[-140,-470],[-80,-230],[-120,-330],[-150,-380],[-150,-350],[-210,-450],[-200,-410],[-420,-790],[-240,-460],[-230,-440],[-340,-640],[-440,-830],[-150,-280],[-70,-130],[-80,-150]],[[-84248570,33939200],[2220,1290]],[[-84240390,33943970],[310,180],[410,230],[280,140],[260,120],[260,110],[830,330]],[[-84746300,33730860],[-850,-140],[-1680,-280],[-2810,-480],[-1980,-340],[-2170,-380],[-1700,-290]],[[-84029170,34045760],[60,210],[170,690],[200,760],[160,490],[100,270],[120,250],[100,220],[290,530],[230,380],[520,900],[270,460],[390,630],[380,590],[310,460],[220,320],[210,290],[310,420],[390,510],[1410,1770],[860,1090],[380,480],[190,230],[260,310],[250,280],[260,270],[310,320],[240,230],[260,250],[340,300],[270,230],[320,260],[290,220],[380,280],[1360,960],[1130,810],[1250,880],[1680,1190],[2210,1560],[1030,730],[290,210],[240,180],[340,270],[370,310],[280,250],[190,180],[170,160],[280,280],[310,310],[240,260],[660,750],[490,560],[1100,1290],[3300,3830],[1320,1520],[460,540],[580,670],[120,140],[200,240],[210,240],[250,280],[220,270],[420,480],[280,320],[360,420],[400,460],[400,470],[320,400],[170,230],[180,250],[230,320],[260,340],[270,410],[180,310]],[[-84174250,33457690],[350,-110],[150,-50],[130,-50],[330,-150],[200,-90]],[[-84280130,34057000],[520,340],[120,80],[410,260],[1150,750],[280,200],[240,200],[200,170],[180,180],[180,190],[180,200],[160,190],[150,190],[140,200],[100,140],[200,290],[260,490],[280,560],[470,900],[610,1200],[570,1120],[180,360]],[[-84450410,33645250],[-280,120],[-220,70],[-260,90],[-510,180]],[[-84471160,33650290],[-150,50],[-120,40],[-570,190],[-280,100],[-330,120],[-1000,340],[-660,230],[-50,20],[-230,80],[-250,80],[-210,60],[-130,30],[-80,20],[-230,50],[-300,60],[-210,30],[-410,50],[-490,0],[-570,-10],[-280,10],[-400,10],[-930,20],[-290,0],[-250,0],[-460,0],[-430,0],[-270,10],[-260,0],[-980,-20],[-540,20],[-560,50],[-800,80],[-340,60],[-580,100],[-680,110],[-290,50],[-540,100],[-210,30],[-990,180],[-100,20],[-650,130]],[[-84502330,33766120],[-240,0],[-270,-20],[-800,-60],[-1680,-120],[-1970,-140],[-2010,-150],[-1530,-110],[-1330,-100],[-1290,-90],[-2060,-150],[-1180,-80],[-530,-40],[-500,-30],[-660,-20],[-260,0],[-480,10],[-520,10],[-400,20],[-280,20],[-1170,90]],[[-84354100,33744520],[-250,-70],[-220,-60],[-400,-110],[-290,-70],[-330,-80],[-260,-60],[-490,-110],[-570,-110],[-530,-90],[-250,-40],[-280,-40],[-240,-30],[-550,-60]],[[-84450150,33751330],[-620,-130],[-380,-80],[-370,-80],[-330,-70],[-260,-50],[-290,-50],[-190,-30],[-240,-30],[-210,-20],[-170,-10],[-220,-10],[-160,0],[-230,0],[-220,10],[-180,10],[-230,20],[-150,20],[-200,30],[-170,30],[-110,20],[-160,30],[-140,30],[-170,40],[-240,60],[-250,70],[-270,80],[-480,140],[-2530,760],[-1580,470],[-1070,320],[-430,130],[-470,140],[-130,40],[-230,80],[-400,150],[-230,90],[-260,120],[-230,110],[-270,140],[-190,100],[-170,100],[-150,90],[-150,90],[-120,80],[-120,80],[-120,80],[-170,120],[-150,120],[-220,180],[-170,140],[-220,180],[-200,170],[-260,220]],[[-84217510,33977640],[260,400],[90,140],[100,140],[60,80],[190,280],[440,640],[160,240],[610,880],[670,980],[90,130],[170,240],[230,400]],[[-83972550,33919620],[-270,-70],[-410,-100],[-190,-50],[-320,-110],[-430,-190],[-150,-70],[-420,-190],[-250,-110],[-660,-300],[-210,-90],[-530,-200],[-410,-100],[-320,-30],[-290,-10],[-310,0],[-480,70],[-380,100],[-340,110],[-560,210],[-460,190],[-960,370],[-370,140],[-360,120],[-310,100],[-280,60],[-330,20],[-290,10],[-330,0],[-360,-50],[-260,-50],[-40,-10],[-220,-60],[-390,-150],[-310,-130]],[[-84324490,34257830],[100,-30],[300,-80],[410,-150],[270,-110],[490,-190],[490,-190],[510,-200],[1210,-480],[780,-300],[1410,-580],[1210,-550],[930,-430],[400,-180],[240,-120],[670,-330],[750,-380],[470,-240],[480,-250],[340,-180],[330,-180],[420,-230],[240,-150],[310,-220],[300,-260],[90,-80],[290,-260],[540,-490],[1010,-910],[610,-540],[500,-430],[380,-340],[230,-190],[220,-160],[160,-110],[50,-30],[210,-110],[20,-10],[250,-110],[90,-30],[50,-20],[250,-90],[70,-20],[350,-110],[70,-20],[70,-20],[560,-150],[60,-20],[30,-10],[420,-110],[450,-120],[1390,-390],[430,-110],[570,-170],[390,-130],[420,-180],[370,-190],[350,-190],[390,-240],[120,-80],[320,-270],[920,-810],[200,-180],[400,-350],[280,-250],[140,-130],[390,-340],[570,-490],[400,-350],[460,-380],[20,-20],[220,-160],[290,-210],[80,-60],[340,-240],[180,-130],[190,-140],[90,-70],[390,-270],[290,-210],[500,-370],[450,-320],[500,-330],[130,-80],[180,-120],[230,-140],[90,-40],[200,-100],[90,-40],[140,-50],[250,-80],[200,-60],[200,-50],[590,-120],[350,-60],[260,-40],[330,-50],[110,-10],[330,-50]],[[-84618030,34222870],[200,-40],[240,-50],[230,-50],[220,-50],[170,-40],[100,-30],[240,-70],[260,-90],[240,-90],[190,-90],[220,-110],[200,-110],[210,-120],[170,-110],[50,-30],[240,-150],[260,-170],[300,-200],[310,-210],[630,-420],[1860,-1240],[590,-400],[80,-60],[810,-530],[690,-460],[370,-230],[380,-210],[380,-170],[400,-150],[390,-120],[390,-90],[180,-30],[370,-70],[370,-40],[550,-50],[460,-20],[960,-30],[330,-10],[850,-40],[370,-40],[500,-60],[460,-90],[210,-50],[220,-50],[420,-120],[320,-110],[390,-180],[170,-90],[240,-150],[230,-140],[180,-120],[490,-380],[340,-300],[680,-610],[1230,-1130],[1370,-1230],[270,-250],[610,-560],[210,-200],[50,-50],[220,-180],[30,-30],[200,-150],[320,-190],[280,-130],[280,-110],[300,-70],[180,-30],[110,-20],[180,-20],[290,-20],[330,0],[360,20],[350,70],[290,90],[70,20],[280,130],[690,450],[330,200],[270,180],[200,130],[30,20],[490,320],[470,270],[310,150],[310,130],[380,130],[410,130],[400,90],[320,80],[130,40],[540,150],[330,160],[460,300],[220,170],[180,200],[220,310],[190,340],[110,390],[80,430],[80,440],[60,240],[140,320],[160,260],[300,370],[230,220],[300,210],[260,160],[240,110],[400,120],[410,110],[410,50],[240,10],[380,-20],[430,-40],[340,-20],[460,10],[420,40],[400,60],[410,80],[380,80],[380,70],[210,20],[200,10],[370,-20],[440,-60],[390,-100],[530,-200],[710,-330],[60,-30],[410,-180],[210,-90],[460,-190],[210,-90],[470,-210],[630,-270],[540,-220],[920,-300],[100,-30],[430,-110],[470,-100],[610,-100],[620,-50],[400,0],[500,10],[590,60],[1010,160],[1010,150],[690,100],[320,40],[460,20],[410,-30],[410,-90],[270,-60],[280,-100],[450,-200],[320,-160],[370,-180],[70,-30],[90,-50],[350,-170],[510,-280],[450,-270],[450,-320],[590,-470],[340,-240],[350,-210],[370,-160],[460,-110],[390,-60],[310,-20],[390,0],[510,30],[620,30],[830,40],[400,20],[760,50],[640,80],[330,50],[460,100],[60,10],[320,90],[660,190],[830,270],[750,250],[760,250],[80,30],[570,200],[220,70],[1300,450],[440,150],[550,180],[650,220],[1050,360],[380,110],[220,70],[390,130],[400,70],[380,50],[280,20],[70,0],[330,0],[300,-10],[160,-10],[460,-60],[380,-80],[320,-100],[380,-110],[190,-70],[350,-130],[50,-20],[320,-130],[230,-80],[210,-80],[220,-80],[70,-30],[500,-190],[170,-60],[240,-90],[140,-50],[380,-150],[820,-310],[320,-110],[290,-100],[310,-130],[200,-80],[210,-90],[110,-40],[250,-90],[50,-20],[670,-250],[210,-80],[100,-40],[220,-80],[40,-10],[280,-110],[600,-230],[90,-30],[390,-140],[360,-140],[240,-90],[320,-120],[460,-110],[300,-60],[80,-10],[290,-50],[320,-20],[110,0],[360,0],[480,40],[310,40],[130,20],[160,30],[100,30],[200,60],[330,130],[460,180],[120,50],[250,100],[540,210],[150,60],[270,120],[230,90],[100,40],[380,160],[270,110],[280,120],[210,90],[150,60],[1400,600],[640,290],[60,30],[270,150],[410,230],[370,200],[210,120],[50,30],[170,100],[100,50],[230,130],[220,120],[210,120],[520,290],[340,190],[290,160],[240,130],[60,30],[110,60],[110,60],[220,120],[830,440],[230,120],[390,210],[240,130],[160,100],[200,120],[1270,670],[210,120],[700,390],[280,160],[300,160],[280,150],[220,110],[200,110],[450,230],[220,110],[210,110],[150,80],[190,90],[240,120],[60,30],[80,40],[240,110],[290,50],[160,-30],[110,-80],[230,250],[160,130],[140,110],[30,20],[360,260],[480,200],[250,100],[250,110],[1020,430],[250,110],[200,90],[280,130],[730,330],[540,240],[240,110]],[[-84349310,33692180],[0,340],[0,550],[0,160],[-10,650],[-10,290],[0,70],[0,100],[-50,70],[-70,90],[-10,100],[-30,380],[-60,500],[-10,60],[-30,260],[-30,240],[-30,390],[0,60],[0,150],[0,260],[10,270],[90,1510],[30,870],[0,1110],[10,290],[0,220],[0,280],[0,410],[0,110],[0,60],[0,70],[0,40],[-10,960],[0,590],[0,210]],[[-84360110,33820670],[220,310]],[[-84428210,33660970],[530,310]],[[-84206110,33907400],[50,120],[-10,100],[-30,210],[-10,90],[-10,70],[-60,290],[-10,70],[-60,270],[-40,140],[-30,90],[-40,100],[-130,340]],[[-84091900,34049380],[120,110],[340,310],[210,200],[180,160],[410,360],[110,100],[180,160],[410,340],[50,40],[380,300],[120,90],[210,150],[170,130],[330,240],[320,230],[480,350],[580,400],[170,130],[180,130],[210,150],[510,360],[280,200],[200,140],[240,170],[510,360],[170,120],[270,190],[470,340],[210,160],[970,690],[460,320],[910,650],[250,180],[330,240],[140,100],[90,60],[150,110],[200,150],[530,390],[140,100],[60,50],[450,360],[310,250],[220,180],[470,400],[410,360],[180,160],[820,750],[1110,1040],[150,130],[60,60],[230,210],[40,30],[460,430]],[[-83984710,34078920],[-140,150],[-300,300],[-450,440],[-160,150],[-160,130],[-180,150],[-250,230],[-180,190],[-110,120],[-180,230],[-270,360],[-100,150],[-150,270],[-120,220],[-60,120],[-210,400],[-140,290],[-200,360],[-130,260],[-140,260],[-130,170],[-50,60],[-200,230],[-220,210],[-260,190],[-300,180],[-100,70],[-240,130],[-230,130],[-180,110],[-170,90],[-140,70],[-400,220],[-470,280],[-220,130],[-150,110],[-280,190],[-590,400]],[[-84122360,33941200],[-250,360],[-270,390],[-30,40],[-30,40],[-90,140],[-50,70],[-80,120],[-150,240],[-50,60],[-20,20],[-90,130],[-130,180],[-140,210],[-70,100],[-100,140],[-240,360],[-420,600],[-460,660],[-150,210],[-30,50],[-350,500],[-190,280],[-80,110],[-70,100],[-210,300],[-40,60],[-230,330],[-170,250],[-130,180],[-560,820],[-20,30],[-220,320],[-230,350],[-510,770],[-20,160],[-30,70],[-60,100],[-40,50],[-240,370],[-120,170],[-270,380],[-170,250],[-70,90],[-60,80]],[[-84429230,34296850],[1020,690],[660,440],[770,520],[1250,830],[630,420],[470,310],[410,280],[390,270],[300,200],[210,140],[280,190],[240,170],[230,160],[210,150],[150,110],[240,180],[280,210],[160,120],[180,140],[300,240],[350,280],[290,240],[180,150],[290,250],[160,140],[600,530],[260,230],[220,200]],[[-84357350,33822750],[400,100]],[[-83953640,33984600],[-530,-30],[-1430,-60],[-580,0],[-890,-40],[-650,-40],[-990,-80],[-650,-70],[-900,-100],[-740,-110],[-620,-90],[-300,-50],[-460,-80],[-710,-130],[-470,-90],[-580,-110],[-600,-110],[-350,-70],[-60,-10],[-210,-40],[-320,-60],[-330,-70],[-260,-50],[-80,-20],[-140,-30],[-180,-30],[-140,-30],[-270,-50],[-550,-100],[-740,-140],[-220,-40],[-1410,-270],[-810,-160],[-590,-120],[-70,-10],[-790,-150],[-90,-20],[-390,-70],[-270,-50],[-480,-90],[-370,-70],[-720,-150],[-300,-60],[-170,-30],[-1930,-370],[-290,-50],[-150,-30],[-950,-180],[-650,-130]],[[-84488090,33622920],[-40,300]],[[-84407490,33780690],[10,-200],[0,-140],[0,-90],[0,-140],[0,-90],[0,-170],[0,-200]],[[-84468930,33756920],[160,-110],[190,-130],[220,-150],[170,-120],[160,-120],[210,-170],[110,-90],[150,-120],[380,-320],[270,-230],[150,-130],[250,-210],[260,-210],[220,-170],[260,-190],[170,-120],[170,-110],[170,-110],[180,-110],[150,-90],[180,-100],[190,-100],[160,-80],[250,-120],[180,-80],[170,-70],[200,-80],[310,-110],[260,-90],[740,-230],[2820,-840],[2670,-790],[390,-120],[280,-80],[440,-120],[250,-60],[230,-50],[190,-40],[220,-40],[220,-30],[190,-20],[300,-20],[290,-10],[360,0],[270,10],[260,20],[200,20],[300,40],[240,40],[230,40],[300,60],[700,150],[1080,240]],[[-84409180,33696580],[-670,20],[-710,20],[-400,20],[-180,10],[-170,10]],[[-84460290,33698410],[-550,-270],[-320,-150],[-180,-80],[-190,-80],[-150,-60],[-110,-40],[-150,-50],[-130,-40],[-100,-30],[-150,-40],[-90,-20],[-160,-30],[-110,-20],[-180,-30],[-150,-20],[-130,-10],[-160,-10],[-200,-10],[-130,0],[-210,10],[-140,10],[-210,20],[-170,20],[-140,20],[-110,20],[-140,30],[-120,30],[-390,100],[-540,160],[-530,150],[-240,60],[-260,60],[-150,30],[-160,30],[-150,20],[-140,20],[-90,10],[-110,10],[-180,10],[-460,0],[-280,-10],[-240,-10],[-320,-20],[-1310,-70],[-1590,-90],[-1120,-60],[-550,-30],[-420,-20],[-760,-30],[-740,-10],[-900,0],[-270,10],[-590,10],[-370,10],[-310,10],[-2100,50],[-590,0],[-250,-10],[-140,-10],[-100,-10],[-80,-10],[-140,-20],[-180,-30],[-150,-30],[-140,-30],[-150,-40],[-140,-40],[-130,-40],[-170,-60],[-110,-40],[-80,-30],[-140,-60],[-150,-70],[-110,-50],[-130,-70],[-150,-90],[-160,-100],[-180,-120],[-230,-160],[-530,-400],[-860,-620],[-920,-700],[-370,-280],[-390,-300],[-1290,-990],[-1100,-840],[-640,-500],[-130,-100],[-510,-370]],[[-84300640,33380320],[-120,160],[-100,120],[-190,250],[-220,270]],[[-84392040,34373010],[-60,350]],[[-84747550,33926210],[710,310],[290,120],[750,300],[690,280],[740,300],[630,260],[170,70],[400,170],[700,290],[860,350],[330,140],[780,330],[570,230],[1050,440],[570,230],[1690,690],[950,390],[130,60],[770,320],[560,190],[700,210],[460,130],[230,70],[190,50],[270,80],[100,30],[1060,300],[930,270],[230,60],[1520,440],[730,210],[120,30],[30,10],[940,270],[1570,440]],[[-83983860,34074960],[20,230],[10,110],[40,430],[10,380],[20,210],[0,260],[-10,150],[-20,300],[-60,290],[-70,250],[-90,260],[-40,90],[-50,110],[-80,160],[-110,180],[-270,380],[-150,170]],[[-84130660,33953200],[-130,200],[-170,250],[-280,430],[-190,290],[-280,400],[-70,100],[-320,460],[-290,410],[-90,130],[-70,90],[-50,80],[-120,170],[-10,20],[-170,230],[-110,160],[-180,280],[-80,110],[-240,360],[-120,180],[-130,190],[-50,80],[-110,160],[-60,90],[-190,280]],[[-84170810,34004360],[-150,-10],[-380,-20],[-130,-10],[-230,10],[-250,10],[-330,30],[-440,100],[-290,90],[-250,100],[-280,120],[-100,40],[-120,70],[-70,50],[-130,90],[-30,20],[-260,190],[-110,110],[-80,90],[-50,50],[-190,190],[-60,70],[-160,150],[-480,420],[-280,190],[-210,150],[-170,90],[-190,90],[-740,320],[-40,20],[-230,90],[-460,190],[-140,110],[-260,80],[-290,100],[-320,110],[-370,120]],[[-84485990,33607160],[40,-340],[20,-130],[10,-150],[10,-170],[0,-140],[-20,-360],[-30,-240],[-40,-240],[-30,-110],[-20,-80],[-40,-150],[-40,-140],[-70,-200],[-50,-120],[-50,-140],[-50,-110],[-70,-140],[-60,-110],[-70,-120],[-60,-100],[-80,-120],[-90,-130],[-120,-160],[-50,-60],[-100,-120],[-150,-170],[-150,-160],[-170,-160],[-150,-130],[-900,-730],[-920,-740],[-1060,-880],[-1180,-990],[-390,-310],[-1460,-1180],[-660,-540],[-510,-420],[-570,-460],[-420,-330],[-380,-290],[-450,-340],[-290,-210],[-410,-290],[-170,-120],[-250,-170],[-610,-410],[-310,-200],[-480,-300],[-340,-210],[-1770,-1060],[-970,-580],[-1550,-930],[-740,-440],[-1090,-660],[-650,-390],[-420,-250],[-1850,-1110],[-570,-340]],[[-84445350,33698310],[370,130],[430,170],[640,280],[480,200],[420,180],[220,100],[120,50],[150,60],[200,70],[150,50],[120,40],[140,40],[180,40],[160,30],[180,30],[220,30],[230,20],[190,10],[150,0],[160,0],[160,-10],[270,-20],[180,-20],[290,-50],[210,-40],[160,-40],[140,-40],[130,-40],[90,-30],[140,-50],[120,-50],[140,-60],[130,-60],[130,-60],[160,-80],[800,-380],[290,-140],[150,-70],[130,-60],[170,-70],[180,-60],[180,-60],[140,-40],[190,-50],[170,-40],[250,-50],[250,-40],[170,-20],[240,-20],[220,-10],[470,-10],[810,-10],[580,0],[320,0]],[[-84366990,33910570],[-670,90],[-710,120],[-720,130],[-830,150],[-1210,220],[-460,80],[-340,60],[-610,110],[-870,160],[-490,90]],[[-84301520,33381130],[200,-290],[90,-120],[260,-320],[130,-170],[470,-600],[510,-750],[650,-990],[570,-1030],[110,-200],[330,-650],[40,-90],[180,-410],[160,-360],[130,-390],[210,-580],[70,-210],[170,-460],[170,-540],[190,-740],[160,-680],[110,-590],[70,-460],[60,-470]],[[-84487700,33797180],[60,-420],[20,-230],[20,-270],[10,-300],[-20,-320],[-20,-250],[-30,-250],[-40,-230],[-60,-300],[-80,-320],[-60,-220],[-100,-300],[-70,-180],[-110,-260],[-90,-190],[-150,-290],[-130,-230],[-130,-210],[-130,-190],[-140,-200],[-180,-240],[-160,-200],[-420,-510],[-710,-860],[-270,-300]],[[-84248160,33462710],[-380,70]],[[-84388640,33912810],[-860,110],[-590,80],[-1230,160],[-1270,170],[-1850,240],[-1190,150],[-380,50],[-290,40],[-210,30],[-250,40],[-290,50],[-330,70],[-300,70],[-250,60],[-230,60],[-220,60],[-210,60],[-190,60],[-270,90],[-520,190],[-940,340],[-180,70],[-550,200],[-620,220],[-160,50],[-170,50],[-210,60],[-230,60],[-270,60],[-240,50],[-330,60]],[[-84157590,33983130],[-130,190],[-470,680],[-300,430],[-130,200],[-140,200],[-110,160],[-40,60],[-170,220],[-290,410],[-120,180],[-150,210],[-300,420],[-400,580],[-260,390],[-110,170],[-220,390],[-110,320],[-50,210],[-50,240],[-10,300],[20,260],[0,70],[60,290],[10,80],[50,130],[20,70],[50,150],[110,330],[40,170],[30,210],[0,200],[-30,250],[-60,150],[-70,180],[-170,300],[-130,190],[-190,260],[-310,420],[-130,190],[-110,150],[-160,300],[-150,300],[-70,200],[-60,160],[-70,340],[-50,530],[-10,170],[10,250],[30,210],[120,440],[40,120],[180,580],[100,280],[40,140],[10,40],[60,190],[40,140],[230,800],[150,540],[40,160],[10,70],[20,140],[20,120],[10,110],[0,150],[-10,160],[-20,270],[-60,250],[-130,250],[-140,290],[-100,190],[-100,140],[-20,30],[-40,50],[-160,200],[-60,70],[-60,60],[-90,100],[-80,90],[-260,180],[-220,160],[-340,190],[-280,130],[-260,130],[-440,210],[-740,340],[-70,30],[-850,400],[-730,340],[-490,220],[-320,120],[-80,30],[-350,90],[-320,60],[-570,80],[-200,20],[-130,0],[-250,10],[-290,-10],[-460,-50]],[[-84142340,33966220],[-100,190],[-100,100],[-140,140],[-220,200],[-310,290],[-250,230],[-240,230],[-40,30],[-40,40],[-50,40],[-330,290],[-320,290],[-230,220],[-260,230],[-540,460],[-70,60],[-230,200],[-430,350],[-190,150],[-640,520],[-380,310],[-470,360],[-700,520],[-180,140],[-760,580],[-650,510],[-480,380],[-270,240],[-290,260],[-190,200],[-190,190],[-500,580],[-290,350],[-350,500],[-120,170],[-470,750],[-400,620],[-420,670],[-160,270],[-110,170],[-330,530]],[[-84231770,33544240],[-410,40],[-90,0],[-680,30],[-160,0],[-250,10],[-180,0],[-820,10],[-710,10],[-220,10],[-710,10],[-200,0],[-200,10],[-310,10],[-200,0],[-250,0],[-270,0],[-290,0],[-440,0],[-880,-10],[-760,-10],[-90,0],[-70,0],[-400,-10],[-60,0],[-250,10],[-320,10],[-170,10],[-70,0],[-240,20],[-140,20],[-130,10],[-100,10],[-170,30],[-240,30],[-140,30],[-340,60],[-240,40],[-150,30],[-790,180],[-340,80],[-530,110],[-390,80],[-220,50],[-250,50],[-640,140],[-440,100],[-430,90],[-130,30],[-210,50],[-440,110],[-350,100],[-480,140],[-270,110],[-100,40],[-260,130],[-160,70],[-350,210],[-310,190],[-100,70],[-680,450],[-210,140],[-190,130],[-170,110],[-350,230],[-270,180],[-390,260],[-90,60],[-720,490],[-210,140],[-330,230],[-260,180],[-430,290],[-90,70],[-150,100],[-320,220],[-270,180],[-180,120],[-230,150],[-80,60],[-120,80],[-100,70],[-160,110],[-110,70],[-100,70],[-130,90],[-230,150],[-170,110],[-190,130],[-260,180],[-140,100],[-220,170],[-60,50],[-170,140],[-50,50],[-130,140],[-110,100],[-160,190],[-40,50],[-90,120],[-90,140],[-180,340]],[[-84437330,33653870],[190,180],[150,150],[570,580],[590,590],[300,260],[200,180],[200,170],[120,100],[230,210],[500,460],[100,100],[110,110],[240,200],[200,160]],[[-84407450,33785430],[0,-130],[0,-250],[0,-70],[-10,-420],[0,-70],[-10,-470],[-10,-650],[0,-80],[0,-150],[0,-130],[-10,-510],[0,-340],[0,-390],[0,-220]],[[-84364570,33955340],[-20,-50],[-40,-90],[-30,-70],[-100,-200],[-20,-40],[-70,-110],[-50,-70],[-80,-90],[-80,-100],[-50,-50],[-280,-250],[-110,-100],[-120,-100],[-130,-110],[-80,-60],[-70,-60],[-140,-120],[-40,-30],[-180,-140],[-90,-70],[-170,-180],[-120,-130],[-140,-180],[-90,-120],[-120,-170],[-60,-80],[-100,-140],[-30,-60],[-80,-130],[-30,-60],[-70,-110],[-80,-110],[-110,-160],[-100,-150],[-180,-260],[-30,-40],[-200,-240],[-110,-120],[-80,-80],[-320,-320],[-200,-170],[-190,-150],[-310,-230],[-180,-130],[-130,-90],[-170,-100],[-50,-30],[-130,-110],[-190,-200],[-140,-180],[-150,-210],[-120,-240],[-90,-250],[-10,-40],[-40,-210],[-50,-260],[-10,-80],[-20,-150],[-20,-110],[-20,-150],[-30,-190],[-30,-240],[-30,-160],[-40,-160],[-30,-110],[-90,-350],[-20,-60],[-100,-270],[-80,-210],[-100,-250],[-60,-160],[-100,-200],[-20,-50],[-140,-300],[-150,-290],[-100,-190],[-80,-160],[-70,-150],[-150,-310],[-100,-190],[-260,-360],[-240,-310],[-20,-20],[-270,-340],[-160,-170],[-170,-180],[-140,-140],[-340,-330],[-30,-30],[-330,-320],[-80,-80],[-210,-210],[-260,-270],[-130,-130],[-150,-150],[-210,-210],[-270,-280],[-190,-190],[-140,-150],[-120,-120],[-90,-90],[-180,-180],[-210,-210],[-230,-220],[-230,-220],[-100,-110],[-150,-160],[-140,-150],[-60,-70],[-200,-200],[-160,-170],[-200,-210]],[[-84232330,33464490],[430,10],[100,10],[160,0],[160,10],[160,0],[150,0],[280,10],[50,0],[590,0],[130,0],[810,10],[130,0],[1070,10],[620,0],[670,20],[550,0],[820,0],[680,0],[600,-10],[220,-10],[390,-10],[420,-10],[420,-20],[440,-10],[310,-10],[160,-10],[60,0],[90,0],[140,-10],[80,0],[500,-10],[220,0],[50,0],[410,-10],[50,0],[90,0],[430,-10],[820,-10],[390,-10],[650,-20],[80,0],[20,0],[250,0],[60,0],[150,0],[310,0],[340,-30],[430,-100],[350,-110],[50,-20],[120,-40],[480,-160],[210,-60],[180,-50],[180,-40],[160,-40],[210,-60],[160,-40],[90,-30],[240,-60],[170,-40],[280,-70],[140,-40],[930,-240]],[[-84290830,33460130],[-100,-220]],[[-84449970,33698510],[-930,200],[-860,200],[-1620,360],[-410,90],[-540,100],[-470,70],[-350,30],[-260,10],[-280,10],[-270,0],[-240,-10],[-320,-20],[-290,-30],[-250,-40],[-260,-40],[-220,-40],[-180,-40],[-220,-50],[-190,-50],[-210,-60],[-350,-110],[-370,-150],[-220,-90],[-230,-100],[-150,-60],[-310,-110]],[[-83984490,33989760],[-170,250],[-70,110],[-50,80],[-120,170],[-170,250],[-230,350],[-310,490],[-10,120],[-70,120],[-90,150],[-160,290],[-160,280],[-90,150],[-180,270],[-100,130],[-140,180],[-80,90],[-350,370],[-400,360],[-830,730],[-260,230],[-400,360],[-250,250],[-70,80],[-170,180],[-150,220],[-140,220],[-70,150],[-30,60],[-100,220],[-60,160],[-70,230],[-50,230],[-30,200],[-30,310],[0,230],[10,230],[40,220],[60,240],[70,260],[140,410],[170,560],[150,480],[190,580],[60,170],[280,930],[270,840],[140,490],[80,250],[180,580],[270,860],[80,280]],[[-83987950,34036090],[-520,1600],[-30,90],[-90,290],[-210,540],[-170,320],[-220,310],[-480,640],[-80,100],[-170,230],[-130,170],[-380,520],[-120,160],[-410,540],[-260,360],[-220,370],[-180,390],[-140,380],[-160,560],[-80,330],[-30,110],[-40,150],[-30,130],[-90,340],[-90,380],[-50,190],[-30,90],[-280,1070],[-210,830],[-120,450],[-30,100],[-20,80],[-10,50],[-50,180],[-110,460],[-60,240],[-210,810],[-50,200],[-50,190],[-300,1140],[-50,200],[-20,100],[-80,330],[-10,30],[-60,230],[-80,280],[-70,260],[-80,380],[-30,250],[-20,130],[0,190],[20,190],[10,40],[60,360],[60,190],[180,400],[50,120]],[[-84359870,33825110],[90,-440],[30,-260],[0,-260],[0,-110],[-20,-150],[-30,-250],[-50,-240],[-80,-260],[-60,-180],[-40,-90],[-190,-390],[-560,-1100],[-150,-290],[-220,-440]],[[-84381770,33772500],[-460,-30],[-270,-10],[-440,-30],[-360,-10]],[[-84177400,34047780],[220,300],[30,40],[250,350],[170,240],[280,440],[80,120],[200,330],[280,530],[220,420],[70,120],[220,480],[20,50],[180,440],[40,90],[90,250],[80,230],[50,130],[50,140],[10,40],[160,560],[140,600],[120,620],[90,570],[10,90],[90,500],[30,160],[80,520],[30,180],[90,460],[130,510],[120,400],[90,290],[90,270],[200,550],[30,70],[30,80],[170,400],[180,390],[250,480],[240,440],[40,70],[130,230],[340,640],[320,580],[310,570],[300,540],[20,30],[300,520],[50,70],[120,180],[50,70],[160,230],[40,60],[140,190],[30,40],[40,50],[50,50],[60,70],[80,90],[60,70],[60,80],[60,80],[70,90],[210,270],[170,220],[50,70],[200,270],[160,250],[100,180],[110,200],[20,40],[160,320],[40,80],[50,100],[80,180],[160,380]],[[-84033720,33938330],[-130,100]],[[-84018980,33965630],[600,360],[1270,770],[700,430],[800,490],[660,400],[620,380],[510,310],[560,340],[870,530]],[[-84078400,34120210],[340,-370],[210,-230],[180,-220],[150,-180],[370,-490]],[[-84314970,34034790],[-450,-620],[-320,-440],[-190,-260],[-1630,-2240],[-820,-1120],[-1270,-1740],[-400,-550],[-610,-840],[-650,-900],[-950,-1330]],[[-84376280,33743240],[470,0],[520,0],[620,0],[700,20],[650,0],[1020,0]],[[-84415490,33741400],[1470,-50]],[[-84483080,33759760],[390,-80],[960,-120],[820,-100],[2410,-360],[670,-90],[1830,-270],[2170,-310],[190,-30],[280,-40],[260,-40],[260,-40],[270,-40]],[[-84352580,33823540],[190,40],[410,90]],[[-84417350,33773050],[-60,0],[-170,0],[-270,-10],[-30,0],[-320,20],[-320,40],[-380,50],[-350,20],[-100,10],[-400,10],[-410,0],[-370,0],[-340,10],[-280,0],[-230,0],[-450,20],[-290,10],[-90,30],[-100,10],[-180,0],[-30,0],[-240,0],[-100,0],[-440,0],[-310,-30],[-320,-50],[-200,-40]],[[-84226440,33501690],[-2570,2740],[-1480,1570],[-230,240],[-250,270],[-540,560],[-230,210],[-530,490],[-460,400],[-510,420],[-350,270],[-940,700],[-870,650],[-1240,910]],[[-84493730,33787270],[-210,160],[-280,240],[-110,90],[-80,70],[-310,330],[-130,130],[-320,370],[-200,240],[-310,390],[-510,620]],[[-83972880,33919390],[160,30],[220,50],[170,30],[350,80]],[[-83925170,33943260],[100,290],[260,640],[390,910],[530,1230],[340,810],[610,1420],[280,570]],[[-84390100,33771020],[0,270],[30,1090]],[[-84400860,33689980],[-530,680],[-670,880]],[[-84395410,33662840],[-240,670],[-120,330],[-210,530],[-180,460],[-170,440],[-220,590],[-250,700],[-300,800],[-170,480],[-90,270],[-80,250],[-60,240],[-50,250],[-40,250],[-30,220],[-20,140],[20,350],[0,480],[10,420],[90,1700],[20,470],[10,320],[10,480],[20,460],[0,410],[-10,430],[-40,510],[-40,350],[-50,430],[-80,520],[-70,420],[-80,490]],[[-84274330,33545270],[-540,200],[-980,370],[-380,150],[-1270,510],[-960,380],[-4540,1800]],[[-84361880,33850620],[370,390],[110,120],[220,240],[190,220],[70,70],[40,40],[30,50],[10,20],[10,20],[210,390],[130,290],[100,210],[50,110],[90,190],[50,110],[20,50],[30,60],[130,170],[120,120],[140,80],[180,100]],[[-84146380,33447000],[430,-10],[220,0],[300,-10],[600,-20],[170,0],[180,-10],[290,-10],[110,0],[190,0],[250,10],[190,0],[120,0],[330,0],[60,0],[190,0],[350,10],[190,0],[170,0],[710,-10],[240,0],[400,-10],[130,0],[490,0],[220,-10],[80,0],[100,0],[170,0],[520,-10],[180,0]],[[-84631410,33511840],[490,760],[560,880],[520,840],[290,450],[320,510],[130,210],[130,200],[300,460],[190,270],[160,210],[530,660],[380,440],[400,420],[380,380],[390,360],[370,330],[290,240],[410,320],[680,500],[1220,820],[850,550],[1140,740],[1080,700],[490,320],[580,380],[500,330],[420,280],[510,330],[510,330],[500,310],[560,320],[1040,580],[720,380],[690,350],[580,280],[500,230],[790,350],[850,370],[900,400],[1140,500],[1400,630],[1200,580],[980,510],[990,560],[630,370],[1150,670],[800,470],[1580,930],[1090,640],[1010,590],[1080,660],[1040,610],[1060,610],[1500,890],[1930,1130],[1440,840],[1180,700],[1460,850],[580,330],[650,350],[440,230],[420,210],[300,150],[350,170],[330,150],[370,170],[300,130],[590,260],[340,150],[720,310]],[[-84196930,33895840],[-80,160],[-110,180],[-90,120],[-100,100],[-140,120],[-130,90],[-150,70]],[[-83993980,34054860],[430,930],[100,230],[150,340],[40,100],[120,270],[30,60],[40,90],[100,240],[90,190],[320,720],[150,370],[100,240],[40,100],[290,580],[240,440]],[[-84075850,34117150],[-260,430],[-60,90],[-40,60],[-100,150],[-110,170],[-40,50],[-40,50],[-180,270],[-320,450]],[[-84154780,33978780],[-120,190],[-110,180],[-130,210],[-230,370],[-300,450],[-690,1080],[-340,540],[-350,560],[-150,180],[-140,190],[-250,400]],[[-84055670,33955410],[-310,70],[-330,110],[-170,70]],[[-84571190,33548670],[890,390],[620,270],[230,100],[810,350],[440,190],[1210,520],[2870,1250],[1430,620],[990,420],[1060,460],[1070,470],[880,380],[2810,1220],[2140,930],[1790,780],[390,170],[1790,770],[320,140],[4290,1860],[2230,970],[1510,650],[810,360],[420,190],[370,170],[420,210],[400,210],[150,80],[120,70],[260,150],[220,130],[430,270],[250,160],[290,200],[310,220],[370,260]],[[-84402990,33743090],[-80,-40],[-280,-140],[-220,-110],[-430,-210]],[[-84381140,33761360],[230,-220],[100,-100],[80,-80]],[[-84375890,33743510],[-2120,-30],[-640,0]],[[-84404520,33748890],[-300,-430],[-160,-230],[-80,-110],[-100,-140],[-70,-90],[-390,-570],[-140,-200],[-410,-460],[-170,-170],[-200,-220],[-500,-500],[-780,-830],[-290,-300]],[[-84066640,34013580],[-430,-550],[-260,-340],[-280,-360],[-230,-300],[-220,-290],[-180,-250],[-220,-310],[-170,-240],[-150,-220],[-140,-210],[-280,-420],[-410,-650],[-480,-820],[-570,-1000],[-300,-530],[-500,-870],[-180,-370],[-290,-520],[-320,-580],[-520,-900],[-460,-840],[-290,-520],[-340,-550],[-120,-190],[-180,-270],[-60,-90],[-80,-110],[-180,-250],[-140,-200],[-160,-200],[-170,-220],[-260,-330],[-230,-290],[-230,-250],[-430,-540],[-640,-810],[-500,-640],[-360,-480]],[[-84204650,33913600],[-270,-170],[-520,-300],[-470,-230],[-460,-200],[-280,-110],[-240,-90],[-500,-160],[-440,-110],[-150,-30],[-610,-110],[-1100,-150],[-1430,-190],[-1320,-180],[-1830,-250],[-800,-100]],[[-84154260,33940310],[-180,-130],[-180,-120],[-1400,-1060],[-200,-150],[-870,-620],[-900,-660],[-1420,-1040],[-130,-90],[-510,-390],[-310,-230],[-260,-190],[-260,-190],[-320,-230],[-340,-250],[-240,-170],[-550,-340],[-510,-300],[-300,-160],[-210,-110],[-90,-40],[-100,-50],[-190,-80],[-310,-140],[-250,-100],[-350,-140],[-640,-250]],[[-84350600,34005410],[20,-150],[20,-220],[0,-40],[20,-450],[40,-760],[10,-220],[0,-60],[0,-50],[10,-200],[10,-220],[0,-130],[10,-160],[10,-240],[10,-150],[0,-140],[0,-90],[10,-360],[10,-250],[-20,-660],[-10,-200],[-10,-300],[0,-190],[-30,-420],[-20,-250],[-20,-310],[-40,-460],[-10,-70],[-40,-340],[-30,-230],[-40,-310],[-20,-190],[-20,-180],[-30,-200],[-20,-140],[-100,-610],[-50,-270],[-70,-410],[-10,-60],[-20,-130],[-60,-350],[-90,-520],[-40,-240],[-60,-350],[-30,-200],[-40,-230],[-130,-720],[-40,-250],[0,-30],[-10,-70],[-10,-100],[-10,-50],[-20,-110],[-70,-350],[-40,-300],[-10,-70],[-40,-260],[-20,-220],[-10,-120],[0,-100],[0,-100],[10,-400],[0,-60],[10,-310],[20,-170],[20,-160],[30,-140],[30,-160],[50,-190],[30,-150],[20,-60],[130,-400],[90,-190],[90,-200],[100,-230],[50,-240],[0,-20],[30,-130],[10,-30],[40,-110],[10,-30],[40,-100],[40,-80],[20,-60],[10,-60],[20,-80],[50,-240],[40,-170],[10,-80],[100,-630],[10,-110],[20,-140],[40,-300],[10,-100],[30,-250],[10,-100],[30,-270],[20,-140],[30,-260],[20,-190],[20,-290],[10,-270],[20,-280],[20,-120],[10,-230],[20,-240],[40,-500],[0,-200],[20,-290],[20,-270]],[[-84349480,33715490],[-10,-550],[0,-260],[-10,-450],[-10,-370],[-10,-720],[-10,-1300],[0,-340],[0,-180],[0,-2060],[0,-250],[0,-280],[0,-190],[0,-240],[10,-1300],[0,-790],[0,-700],[0,-650],[0,-90]],[[-84392580,33729670],[210,610],[100,320],[70,230],[40,150],[20,90],[30,140],[30,190],[30,200],[40,280],[30,310],[20,340],[-20,240]],[[-84409700,33803810],[-120,40],[-780,300]],[[-84807010,33235960],[100,520],[70,520],[30,220],[30,300],[40,550],[30,570],[40,570],[20,290],[40,640],[40,670],[40,570],[50,710]],[[-84779870,33321050],[810,880],[430,440],[450,440],[540,570],[140,140],[360,390],[300,320],[350,370],[890,1020],[310,360],[330,370],[240,280],[300,370],[230,300],[170,220],[450,590]],[[-84169940,33931290],[-810,-340],[-170,-70],[-650,-260],[-110,-50],[-710,-310],[-550,-240],[-540,-260],[-540,-260],[-550,-260],[-540,-260],[-440,-210],[-620,-290],[-770,-360],[-770,-380],[-1050,-490],[-1070,-520],[-560,-270],[-420,-200],[-430,-200],[-220,-110],[-350,-160],[-860,-410],[-860,-420],[-2040,-980]],[[-84046030,34031950],[-370,-290],[-1940,-1510],[-120,-90],[-900,-710],[-350,-270],[-1090,-870],[-640,-520],[-240,-180],[-490,-370],[-570,-440]],[[-84535070,33696030],[250,30],[40,10],[110,10],[140,20],[220,20],[180,-10],[330,-10],[410,-40],[480,-60],[320,-40],[550,-60],[690,-90],[630,-70],[700,-100],[670,-50],[110,-10],[580,-10],[820,0],[60,0],[880,-10],[610,0],[310,-30],[100,-10],[440,-60],[770,-100],[550,-100],[470,-130],[850,-290],[1040,-340],[70,-20],[1160,-380],[350,-110],[250,-80],[800,-260],[340,-110],[210,-90],[160,-70],[340,-140],[160,-70],[140,-80],[310,-170],[250,-140],[120,-70],[270,-150],[90,-50],[430,-240],[80,-50],[330,-200],[220,-130],[190,-110],[180,-100],[510,-280],[200,-110],[230,-120],[240,-100],[250,-90],[270,-90],[240,-50],[190,-40],[160,-20],[140,-10],[470,-40],[160,-20],[230,-20],[150,-10],[450,-60]],[[-84363580,34014300],[-650,30],[-170,50],[-400,0],[-200,10],[-60,0],[-880,30],[-540,-30],[-370,-50],[-60,-10],[-260,-60],[-690,-170],[-510,-150],[-1020,-350],[-720,-280],[-680,-260],[-680,-250],[-120,-50],[-480,-180],[-600,-220],[-390,-140],[-160,-50],[-240,-80],[-750,-260]],[[-84177020,33423600],[580,-460],[240,-190],[110,-90],[280,-230],[360,-280],[540,-430],[590,-460],[600,-480],[440,-350],[1120,-880],[390,-310],[1040,-830],[1300,-1030],[710,-560],[770,-610],[880,-710],[390,-310],[430,-350],[590,-470],[350,-270]],[[-84416710,33807690],[-240,220],[-260,230],[-170,180],[-140,140],[-150,180],[-250,310],[-180,220],[-160,220],[-200,280],[-200,300],[-130,220],[-180,320],[-370,650],[-270,500],[-370,680],[-250,490],[-250,530],[-200,440],[-240,560],[-200,480],[-200,500],[-180,490],[-110,310],[-100,300],[-50,150],[-20,60],[-230,730],[-60,200],[-90,340],[-150,590],[-70,260],[-80,380],[-60,310],[-130,610],[-60,330],[-140,710],[-90,500],[-160,800],[-90,410],[-90,380],[-130,510],[-130,440],[-70,210],[-50,150],[-110,340],[-60,180],[-230,720],[-40,130],[-30,100],[-510,1540],[-430,1280],[-220,600],[-250,600],[-250,560]],[[-84291240,33459390],[130,210],[180,310]],[[-83903070,33974300],[-360,80],[-410,110],[-750,230],[-1300,410],[-610,190],[-300,80],[-210,30],[-140,0],[-130,-20],[-180,-40],[-150,-60],[-150,-80],[-130,-100],[-90,-80],[-110,-150],[-50,-100],[-40,-90],[-30,-150],[-10,-90],[-10,-260],[0,-190],[0,-90],[0,-180],[0,-110],[10,-980],[0,-1130],[0,-1380],[0,-340],[-40,-600]],[[-83913540,33958690],[1120,730],[550,390],[370,280],[340,290],[480,440],[360,380],[70,80],[110,130],[280,330],[320,440],[100,150],[190,300],[150,270],[130,230],[170,360],[170,370],[320,820]],[[-84241700,33951460],[160,-260]],[[-84697830,33441300],[1630,770],[1620,770],[600,280],[850,400],[390,190],[380,180],[460,240],[500,280],[380,230],[370,230],[420,280],[490,350],[340,240],[380,280],[190,150]],[[-84208370,33913130],[210,-230],[100,-110],[70,-100],[30,-80],[30,-70],[40,-110],[60,-200],[90,-210],[70,-190],[60,-180],[10,-100],[-10,-140],[-20,-70],[10,-120]],[[-84441990,33772820],[420,-200],[220,-100],[150,-70],[80,-40],[500,-230],[100,-50],[210,-100],[110,-50],[260,-130],[210,-70],[300,-60],[540,-50],[150,-20],[480,-60],[120,-10],[110,-10],[410,-40],[390,-50],[980,-110],[250,-20],[560,-60],[470,-20],[440,0],[130,10],[280,10],[170,10]],[[-84496190,33789910],[510,-620],[310,-390],[200,-240],[320,-370],[130,-130],[310,-330],[80,-70],[110,-90],[280,-240],[210,-160]],[[-84290930,33459910],[100,220]],[[-84379870,33839420],[410,290]],[[-84218540,33486130],[180,-660],[160,-600],[170,-620],[110,-400],[150,-550],[170,-610],[100,-370],[60,-220],[100,-360],[100,-360],[120,-450],[100,-370],[70,-240],[100,-370],[280,-1020],[120,-440],[240,-900],[80,-310],[150,-500],[130,-490]],[[-84429680,33696730],[30,140],[30,150],[20,310],[30,150],[0,30],[0,20],[40,190],[40,250],[20,140],[80,480],[10,80],[40,420],[30,300]],[[-84138800,33446920],[20,280],[0,90],[10,360]],[[-84378580,33840200],[50,20],[60,20],[70,20],[60,10],[80,10],[170,20],[160,20],[230,0],[150,20],[130,10],[60,10],[160,30],[200,50],[160,70],[380,150],[310,150],[70,30],[60,30],[400,200],[290,140],[70,30],[190,110],[260,150],[140,80],[190,120],[80,50],[160,110],[100,60],[470,320],[80,50],[170,130],[140,100],[110,90],[140,100],[70,50],[110,80],[260,210],[100,70],[170,120],[80,60],[170,100],[200,130],[410,240],[50,30]],[[-84379310,33758940],[80,-170],[90,-210]],[[-84491980,33786300],[140,-50],[50,-20],[60,-20],[210,-70],[80,-20],[200,-60],[130,-30],[40,-10],[80,-20],[210,-60],[230,-70],[190,-70],[220,-110],[60,-30],[100,-50],[260,-130],[340,-220],[160,-100],[80,-50],[100,-70],[100,-70],[70,-50],[200,-180],[230,-230],[80,-100],[250,-290],[50,-60],[450,-520],[240,-280],[310,-300],[210,-200],[200,-210],[110,-110],[180,-130],[200,-140],[280,-110],[490,-140],[70,-10],[230,-50],[170,-40],[870,-170],[590,-130],[350,-80],[490,-140],[140,-60],[300,-140],[190,-110],[230,-120],[490,-300],[490,-310],[190,-110],[200,-130],[220,-140],[80,-50],[200,-130],[160,-110],[90,-60],[80,-50],[220,-140],[450,-310],[70,-50],[360,-300],[80,-60],[100,-70],[210,-160],[170,-120],[100,-70],[150,-100],[280,-180],[620,-320],[270,-110],[350,-140],[150,-60],[80,-30],[190,-80],[350,-150],[210,-90],[90,-40],[150,-60],[130,-60],[80,-30],[90,-40],[120,-60],[80,-30],[60,-30],[160,-70],[100,-50],[370,-170]],[[-84325710,34022160],[-800,170],[-320,90],[-210,60],[-450,120],[-150,50],[-190,70],[-370,170],[-70,30],[-150,80],[-180,90],[-80,50],[-200,140],[-280,200],[-370,260],[-450,360],[-520,420],[-1020,830],[-800,640],[-480,380],[-380,300],[-360,290],[-60,50],[-310,240],[-210,160],[-330,270],[-120,100],[-620,490],[-590,470],[-70,60],[-250,190],[-200,150],[-80,60],[-50,40],[-210,170],[-260,210],[-30,30],[-130,100],[-50,40],[-250,200],[-140,110],[-60,50],[-30,30],[-80,60],[-110,90],[-110,80],[-360,290],[-50,40],[-190,150],[-40,30],[-140,120],[-270,210],[-370,300],[-60,40],[-30,30],[-210,170],[-90,70],[-170,140],[-350,290],[-360,280],[-50,40],[-70,60],[-160,120],[-220,220],[-120,120],[-170,190],[-90,100],[-70,90],[-60,100],[-110,180],[-130,210],[-40,90],[-40,100],[-80,200],[-30,60],[-120,370],[-40,100],[-20,60],[-100,280],[-60,150],[-30,90],[-120,210],[-60,90],[-20,30],[-50,80],[-100,130],[-240,240],[-250,240]],[[-84290930,33459910],[-180,-310],[-130,-210]],[[-84192350,33459330],[-240,-10]],[[-84234920,33509080],[450,-350],[490,-380],[390,-330],[250,-210],[370,-330],[340,-320],[340,-330],[380,-380],[470,-490],[220,-240],[580,-630],[800,-840],[530,-570],[490,-510],[800,-860],[620,-660],[340,-360],[230,-250],[230,-260],[260,-260],[460,-480],[110,-120],[290,-310]],[[-84354140,33974830],[310,130]],[[-84174250,33457690],[-140,40],[-520,170],[-100,30],[-40,10],[-380,100],[-270,70],[-380,90],[-350,90],[-350,70],[-220,40],[-140,30],[-680,130],[-130,20],[-390,80],[-350,70],[-510,110],[-120,20],[-390,80],[-410,50],[-810,90],[-480,30],[-100,10],[-1070,70],[-370,30],[-260,10],[-1640,90],[-170,10],[-1290,60],[-1160,10],[-460,0],[-1660,0],[-500,0],[-1170,-30],[-260,-10],[-460,-20],[-370,-10]],[[-84159230,34021590],[-110,-80],[-60,-50],[-130,-120],[-110,-100],[-190,-200],[-140,-170],[-180,-220],[-160,-200],[-130,-150],[-200,-230]],[[-84790990,33382750],[460,-100],[50,-10],[250,-30],[120,-10],[70,-10],[220,-60],[80,-30],[150,0],[190,0],[240,0],[460,50],[350,60],[510,120],[390,140],[420,180],[150,70],[780,380],[210,100],[100,50],[110,50],[130,60],[290,140],[200,90],[250,120],[260,130],[120,60],[410,190],[620,300],[230,110],[560,270],[340,160],[1470,700],[80,40],[470,220],[60,30],[930,450],[860,410],[250,120],[220,110],[320,150],[560,270],[560,260],[290,140],[30,10],[250,120],[200,100],[240,120],[410,200],[280,130],[120,60],[230,100],[100,50],[430,210],[170,80],[170,90],[1100,510],[310,150],[230,110],[220,100],[630,300],[240,120],[440,210],[380,180],[350,170],[300,140],[60,30],[300,140],[640,300],[1070,520],[390,190],[100,50],[390,190],[660,320],[240,120],[330,160],[220,100],[350,160],[800,380],[450,220],[590,300],[180,90],[230,110],[50,20],[640,300],[150,70]],[[-84349200,33747600],[-10,-240],[0,-90],[0,-100]],[[-84471250,33650180],[600,-200],[650,-220],[440,-150],[620,-170],[490,-80],[660,-70],[320,-10],[490,-10],[380,0],[1540,-10],[250,0],[760,-10],[400,0],[1390,-10],[710,0],[860,-10],[150,-10],[360,-20],[360,-40],[340,-40],[360,-80],[340,-110],[340,-120],[330,-160],[500,-230],[600,-290],[850,-430],[890,-470],[190,-100],[400,-200],[370,-200],[220,-110],[240,-120],[110,-60],[220,-120]],[[-84396090,33652890],[-80,-210],[-80,-260]],[[-84451680,33645710],[-710,270],[-400,180],[-500,250],[-210,100]],[[-84232330,33464490],[-590,-70],[-60,-10],[-240,-30],[-620,-40],[-180,-20],[-1460,-150],[-960,-100],[-760,-70],[-730,-90],[-340,-40],[-720,-90],[-1240,-150],[-540,-70],[-950,-120],[-510,-70],[-720,-90],[-600,-100],[-1010,-130],[-560,-80],[-160,-20],[-650,-100],[-520,-80],[-980,-120],[-160,-20],[-180,20],[-240,30],[-150,30]],[[-84407490,33780690],[10,280],[0,230],[-10,350]],[[-84212240,33463170],[560,-160],[590,-120],[590,-110],[180,-20],[230,-30],[670,-80],[720,-80],[470,-40]],[[-84632500,33510100],[350,560],[250,400]],[[-84130660,33953200],[120,-160],[50,-110],[120,-170],[120,-60],[130,-100],[90,-80],[60,-100],[60,-90],[10,-20],[20,-30],[70,-100],[40,-70],[40,-70],[20,-50],[10,-40],[20,-170],[20,-120],[30,-80],[30,-80]],[[-84781010,33329890],[-240,460],[-80,150],[-230,410],[-150,270],[-240,460],[-190,360],[-70,140],[-190,390],[-140,320],[-170,500],[-330,940],[-100,350],[-330,1050],[-550,1760],[-460,1490],[-250,830],[-50,160],[-100,290],[-520,1440],[-200,540],[-110,260],[-350,780],[-740,1660],[-220,480],[-150,320],[-70,160],[-220,460],[-220,470],[-190,440],[-310,660],[-340,750],[-90,210],[-460,1120],[-70,160],[-60,160],[-100,240],[-550,1340],[-190,450],[-190,470],[-170,450],[-30,100],[-40,120],[-80,370],[-40,180],[-50,330],[-20,170],[-10,110],[-30,320]],[[-84018750,33857400],[260,-110],[120,-50],[130,-50],[210,-80],[210,-70],[210,-70],[180,-60],[330,-90],[240,-60],[240,-60],[130,-20],[120,40],[600,-160],[310,-80],[120,-30],[330,-80],[270,-60]],[[-84794160,33363320],[-300,270],[-120,110],[-140,130],[-50,60],[-190,180],[-320,310],[-440,420],[-510,450],[-400,370],[-820,740],[-320,300],[-80,70],[-340,310],[-110,110],[-160,150],[-90,90],[-70,90],[-40,60],[-50,80],[-40,120],[-30,100],[-40,170],[-40,170],[-150,650],[-20,90],[-30,130],[-100,440],[-120,450],[-40,190],[-20,160],[-40,150],[-90,310],[-60,260],[-60,230],[-40,180],[-50,180],[-70,250],[-70,280]],[[-84398910,33685660],[0,-570]],[[-84405320,33684980],[-790,-220]],[[-84212240,33463170],[-930,240],[-140,40],[-280,70],[-170,40],[-240,60],[-90,30],[-160,40],[-210,60],[-160,40],[-180,40],[-180,50],[-210,60],[-480,160],[-120,40],[-50,20],[-350,110],[-430,100],[-340,30],[-310,0],[-150,0],[-60,0],[-250,0],[-20,0],[-80,0],[-650,20],[-390,10],[-820,10],[-430,10],[-90,0],[-50,0],[-410,10],[-50,0],[-220,0],[-500,10],[-80,0],[-140,10],[-90,0],[-60,0],[-160,10],[-310,10],[-440,10],[-420,20],[-420,10],[-390,10],[-220,10],[-600,10],[-680,0],[-820,0],[-550,0],[-670,-20],[-620,0],[-1070,-10],[-130,0],[-810,-10],[-130,0],[-590,0],[-50,0],[-280,-10],[-150,0],[-160,0],[-160,-10],[-160,0],[-100,-10],[-430,-10]],[[-84105420,33913070],[210,-90],[160,-80],[130,-70],[140,-90],[180,-130],[200,-160],[170,-160],[330,-320],[490,-440],[430,-330],[430,-290],[500,-260],[350,-150],[230,-90],[330,-120],[460,-140],[480,-130],[780,-220],[150,-40],[220,-60],[490,-140],[780,-210],[570,-150],[540,-140],[580,-130]],[[-83993780,33856070],[450,0],[290,10],[100,10],[320,30],[80,10],[650,70],[780,90],[250,30],[530,60],[210,20],[210,20],[620,100],[240,40],[190,40],[440,100],[650,180],[1190,350],[620,180],[430,130],[680,210],[1300,390],[390,120],[80,30],[350,100],[390,120],[570,180],[860,270],[680,210],[390,110],[130,40],[350,100],[490,150],[260,80],[1310,380],[700,210],[1070,310],[1110,330],[350,100],[1140,340],[380,110],[1050,310],[500,150],[250,70],[800,230],[770,230],[220,60],[1030,300],[300,90],[730,220],[210,70],[430,130],[180,50],[110,20],[260,70],[400,50],[330,30],[270,10],[180,0],[330,0],[380,-40],[60,-10],[480,-90],[370,-90],[100,-30],[150,-30],[300,-100],[360,-100],[230,-70],[250,-70],[340,-110],[470,-140],[1040,-290],[610,-170],[350,-100],[440,-140],[480,-150],[480,-140]],[[-84800330,33375990],[-50,-390],[-40,-370]],[[-84012390,33969640],[240,150],[180,110],[180,110],[410,250],[850,520],[400,240],[260,160]],[[-84291550,34052790],[-870,-250],[-1730,-490],[-1240,-370],[-380,-110],[-380,-120],[-360,-130],[-390,-140],[-390,-150],[-460,-190],[-550,-240],[-510,-250],[-530,-270],[-560,-310],[-460,-280],[-280,-180],[-540,-350],[-460,-320],[-440,-330],[-440,-350],[-470,-410],[-240,-220],[-100,-100],[-420,-390],[-620,-620],[-720,-710],[-480,-480],[-620,-600]],[[-84352070,33823900],[-240,-70],[-200,-50]],[[-84747050,33396650],[440,-10],[350,0],[360,0],[420,-10],[730,0],[780,10],[480,20],[140,10],[300,20],[170,20],[340,50],[110,10],[250,40],[50,10],[240,50],[260,60],[330,90],[460,130],[280,90],[340,100],[600,180],[870,270],[470,150],[660,200],[590,180],[740,220],[490,140],[440,100],[230,40],[740,130],[250,30],[300,20],[430,20],[360,20],[160,10],[370,30],[510,30],[1070,70],[530,40],[410,30],[780,50],[510,30],[790,60],[460,40],[180,20],[150,20],[170,30],[200,30],[220,50],[160,30],[410,110],[280,80],[370,130],[420,170],[520,230],[410,180],[450,200],[500,230],[680,310],[270,120],[300,130],[360,150],[470,200],[340,150],[150,70],[140,60],[490,210],[510,220],[250,110],[180,70],[310,120],[540,180],[210,60],[260,70],[220,50],[280,60],[390,70],[560,80],[2130,270],[320,40],[670,80],[330,40],[650,80],[1010,130],[270,30],[560,70],[1040,150],[320,40],[320,40],[290,30],[110,10],[520,60],[520,50],[70,10],[150,20],[240,30],[340,40],[450,60],[750,100],[580,90],[460,80],[410,80],[320,70],[180,40],[870,210],[880,200],[510,120],[430,100],[600,150],[440,100],[160,40],[200,50],[860,210],[260,60],[190,50],[60,10],[340,80],[450,110],[1120,270],[560,130],[260,60],[430,100],[980,240],[630,150],[370,90],[290,70],[1060,250],[420,90],[350,70],[390,70],[380,60],[300,40],[210,20],[170,20],[250,20],[100,10],[350,20],[370,0],[760,0],[770,0],[370,-10],[270,-10],[250,-10],[510,-10]],[[-84246710,33959060],[330,-410],[220,-260],[30,-40],[140,-170],[150,-170],[110,-140],[190,-260],[80,-170],[90,-180],[110,-230],[60,-160],[100,-320],[150,-380],[80,-200],[80,-210],[130,-290],[80,-160],[100,-170],[200,-330],[110,-160],[150,-220],[60,-80],[30,-40],[160,-240],[130,-180],[160,-240],[110,-150],[150,-230],[60,-90],[80,-100],[140,-180],[50,-70],[40,-40],[160,-180],[300,-330],[170,-190],[280,-310],[240,-320]],[[-84168320,34067870],[-50,-150],[-70,-200],[-60,-140],[-60,-140],[-60,-130],[-60,-120],[-120,-240],[-80,-140],[-110,-180],[-60,-100],[-160,-250],[-150,-210],[-200,-270],[-200,-240],[-150,-170],[-170,-210],[-140,-170],[-80,-110],[-220,-300],[-130,-180],[-160,-250],[-160,-250],[-250,-440],[-420,-760],[-160,-300],[-310,-570],[-200,-350],[-160,-300],[-120,-230],[-100,-190],[-70,-120],[-100,-180],[-70,-130],[-70,-140],[-130,-270],[-90,-180],[-60,-140],[-60,-140],[-100,-230],[-60,-150],[-140,-360],[-60,-180],[-60,-170],[-40,-120],[-40,-110],[-30,-100],[-40,-130],[-40,-140],[-50,-190],[-80,-310],[-60,-250],[-30,-140],[-40,-190],[-30,-160],[-90,-500],[-20,-130],[-20,-130],[-80,-450],[-20,-120],[-10,-80],[-50,-290],[-20,-130],[-30,-160],[-100,-540],[-70,-320],[-70,-280],[-50,-190],[-50,-170],[-60,-200],[-70,-230],[-80,-240],[-50,-140],[-90,-250],[-70,-180],[-100,-240],[-140,-320],[-90,-200],[-100,-210],[-100,-200],[-120,-250],[-30,-60],[-100,-190],[-190,-330],[-140,-220],[-60,-110],[-60,-100],[-80,-110],[-80,-120],[-190,-260],[-40,-60],[-110,-160],[-180,-260],[-260,-340]],[[-84425310,33717800],[-110,-370],[-50,-190],[-70,-280],[-90,-380],[-260,-1250],[-40,-210],[-190,-600],[-20,-70],[-240,-730],[-380,-1170],[-240,-760],[-190,-620],[-120,-510],[-120,-530],[-120,-800],[-130,-900],[-40,-210],[-280,-1970],[-70,-460],[-130,-510],[-110,-470],[-40,-170],[-290,-1040],[-90,-320],[-40,-160],[-50,-200],[-150,-540],[-50,-310],[-80,-500],[-70,-380],[-30,-280],[-40,-300],[0,-70],[-30,-460],[-30,-370],[-10,-320]],[[-84218510,33487230],[-150,570],[-170,620],[-130,470],[-540,1940],[-270,980],[-270,970],[-120,370],[-180,480],[-250,610],[-260,560],[-360,670],[-240,410],[-260,430],[-370,530],[-380,510],[-520,630],[-640,710],[-500,530],[-460,490],[-390,420],[-370,390],[-480,510],[-90,100],[-180,190],[-210,220],[-140,150]],[[-84212070,33467540],[-130,320],[-100,230],[-90,260],[-220,500],[-110,270],[-310,750],[-240,580],[-470,1130],[-480,1150],[-530,1340],[-220,570],[-110,320],[-250,750],[-300,1020],[-40,150],[-130,460]],[[-84404140,33942880],[80,-60],[230,-210]],[[-84360060,33773640],[-40,-210],[-10,-140],[0,-220],[30,-140],[30,-110],[130,-260],[20,-50],[200,-400],[50,-110],[40,-120],[40,-160],[30,-190],[20,-430],[30,-540],[40,-350],[40,-200],[120,-270],[180,-290],[210,-300],[110,-190],[80,-190],[50,-190],[50,-370]],[[-84372050,33760250],[-480,-10],[-410,0],[-750,0],[-600,0]],[[-84209750,33917840],[80,-260],[20,-60],[110,-330],[90,-290],[80,-260],[60,-200],[140,-480],[50,-180],[70,-220],[90,-310],[0,-150],[20,-140],[100,-380],[140,-390],[20,-60],[110,-310],[20,-80],[20,-100],[20,-80],[20,-190],[20,-90],[40,-80],[40,-40],[20,-30]],[[-84790990,33382750],[-170,40],[-140,40],[-180,40],[-40,10],[-130,30],[-280,60],[-260,60],[-190,30],[-290,0],[-240,-20],[-110,-10],[-260,-50],[-190,-60],[-280,-130],[-50,-20],[-480,-200],[-570,-250],[-280,-120],[-220,-90],[-160,-60],[-550,-180],[-90,-30],[-430,-120],[-340,-110],[-320,-90],[-520,-150],[-460,-130],[-140,-40],[-90,-30],[-70,-30],[-80,-40],[-70,-50],[-60,-50],[-50,-50],[-30,-40],[-20,-50],[-20,-50],[-10,-40],[-10,-50],[-10,-60],[-10,-100],[0,-120],[-140,0],[-210,0],[-150,0],[-200,0],[-280,0]],[[-84084690,33986830],[-240,-490],[-130,-290]],[[-84002660,34056160],[-1000,-190],[-870,-170],[-270,-60],[-330,-70],[-370,-80],[-440,-100],[-360,-80],[-310,-70],[-290,-70],[-380,-90],[-330,-80],[-360,-90],[-320,-80],[-440,-120],[-500,-140],[-770,-220],[-1310,-400],[-780,-250],[-800,-250],[-270,-100],[-720,-260],[-510,-180],[-630,-240],[-570,-230],[-560,-220],[-420,-170],[-390,-160],[-830,-370],[-710,-310],[-860,-380],[-260,-110],[-350,-180],[-500,-250],[-380,-180],[-660,-330],[-370,-190],[-720,-380],[-560,-290],[-580,-300],[-1480,-750],[-440,-230],[-430,-220],[-290,-150],[-260,-130]],[[-84448190,33646890],[-1800,-1780],[-110,-110],[-290,-320],[-460,-420],[-540,-540],[-920,-970],[-540,-570],[-730,-730],[-1340,-1410],[-330,-340],[-170,-180],[-160,-180],[-160,-170],[-150,-190],[-150,-180],[-150,-180]],[[-84498510,33766090],[690,-50],[350,-40],[400,-50],[310,-50],[540,-110],[500,-120],[240,-60],[240,-70],[250,-80],[300,-100],[370,-130],[460,-180],[360,-160],[110,-50],[320,-150],[220,-120],[330,-180],[350,-200],[380,-240],[860,-570],[570,-370],[480,-310],[710,-460],[160,-100],[140,-90],[340,-220],[320,-200],[210,-130],[650,-360],[270,-130],[300,-140],[470,-200],[360,-140],[510,-180],[220,-70],[350,-100],[380,-100],[440,-110],[260,-60],[280,-60],[180,-40],[250,-50]],[[-84290830,33460130],[230,480],[150,420],[200,560],[230,660],[230,670],[400,1080],[270,720],[220,500],[180,290],[330,440],[320,420],[260,300],[30,40],[160,180],[40,50],[80,90],[90,100],[110,120],[230,190],[270,180],[330,110],[160,40],[290,60],[330,80],[330,80],[70,20],[900,230],[780,230],[160,40],[100,30],[180,40],[480,110],[240,60],[420,90],[270,60],[80,20],[510,90],[590,20],[510,-50],[110,-10],[340,-40],[350,-40],[1430,-140],[1450,-150],[310,-30],[520,-40],[570,-30],[270,-10],[590,-10],[680,-10],[210,0],[830,-10],[170,0],[1040,0],[220,-10],[610,-10],[300,-10],[120,0],[430,10],[230,-10],[670,-20],[270,-10],[920,-20],[160,0],[240,-10],[160,0],[600,0],[580,-40],[230,-30],[260,-40],[100,-10],[330,-40],[230,-30],[40,-10],[20,0],[170,-10],[500,20],[830,90],[370,40],[80,0],[260,20],[160,-10],[290,0],[150,-40],[270,-60],[110,-50],[100,-40]],[[-84192350,33459330],[370,10],[460,20],[260,10],[1170,30],[500,0],[1660,0],[460,0],[1160,-10],[1290,-60],[170,-10],[1640,-90],[260,-10],[370,-30],[1070,-70],[100,-10],[480,-30],[810,-90],[410,-50],[390,-80],[120,-20],[510,-110],[350,-70],[390,-80],[130,-20],[680,-130],[140,-30],[220,-40],[350,-70],[350,-90],[380,-90],[270,-70],[380,-100],[40,-10],[100,-30],[520,-170],[140,-40]],[[-84225480,33499610],[210,-230],[310,-330],[180,-190],[410,-440],[310,-330],[350,-370],[350,-380],[340,-370],[260,-300],[150,-170],[240,-320],[330,-430],[350,-520],[390,-620],[290,-520],[140,-270],[130,-270],[100,-230],[70,-160],[110,-300],[120,-330],[130,-400],[70,-230],[120,-410],[160,-600],[100,-370],[160,-580],[100,-360],[70,-260],[70,-250],[50,-190],[80,-290],[150,-540],[100,-350],[270,-950],[170,-620]],[[-84060220,33959520],[70,-130],[260,-350],[640,-820],[200,-260],[160,-210],[150,-190],[150,-200],[210,-270],[230,-290],[300,-370],[260,-270],[260,-200],[50,-40],[330,-210],[410,-200]],[[-84431230,33851980],[40,-430],[20,-300],[10,-280],[10,-890],[0,-450],[30,-530],[30,-290],[20,-180],[30,-220],[40,-210],[60,-280],[70,-250],[70,-220],[80,-240],[320,-980],[130,-410]],[[-84357490,33909060],[-30,-350],[-70,-460],[-80,-440],[-130,-540],[-110,-440],[-100,-370],[-40,-120],[-170,-400],[-110,-370]],[[-84359320,33743310],[300,20],[290,20],[290,20],[250,20],[280,40],[200,30],[520,90],[440,80],[710,140],[220,50],[340,80],[240,70],[460,120]],[[-84173090,33457240],[410,-220],[210,-110],[390,-210],[380,-210],[900,-480],[410,-250],[200,-140],[90,-60],[110,-90],[160,-130],[380,-290],[280,-230],[270,-220],[70,-60],[400,-300],[150,-120],[220,-180],[210,-170],[280,-190],[390,-270]],[[-84407010,33775860],[-40,-40],[-390,-400],[-100,-110],[-720,-740],[-180,-190],[-220,-270],[-140,-220],[-60,-120],[-40,-90],[-20,-80]],[[-84005710,33919760],[650,-340],[430,-230],[470,-260],[80,-40],[160,-90],[440,-230],[240,-130],[300,-140],[320,-140],[550,-210],[700,-200],[290,-80],[100,-30],[240,-70],[600,-170]],[[-84029490,33934480],[290,-500],[140,-250],[100,-160],[200,-330],[180,-260],[960,-1400],[110,-160],[380,-540],[1170,-1720],[160,-230],[110,-160],[320,-470],[620,-910],[310,-450],[180,-200],[140,-140],[80,-80],[240,-190],[270,-150],[50,-20],[310,-140],[250,-70],[280,-70],[150,-30],[190,-30],[400,-30],[480,-30],[240,-20],[320,-40],[280,-40],[270,-60],[170,-60],[260,-110],[280,-160],[210,-160],[170,-130],[310,-290],[410,-360],[130,-120],[250,-230],[140,-130],[200,-180],[140,-170],[150,-220],[40,-90],[70,-150],[30,-70],[100,-280],[60,-150],[110,-310],[100,-270],[40,-70],[100,-200],[130,-190],[100,-140],[150,-160],[60,-60],[120,-90],[120,-90],[240,-150],[360,-190]],[[-84386200,33765700],[230,-140],[120,-80],[130,-90],[240,-180],[330,-280],[290,-240],[290,-260]],[[-84413000,33915850],[880,10],[2880,-10],[2580,-10],[1090,-10],[750,-10],[520,-40],[510,-60],[520,-80],[530,-110],[280,-70],[240,-70],[70,-20],[420,-150],[70,-20],[260,-90]],[[-84284980,33379290],[-440,70],[-420,50],[-480,20],[-320,10],[-490,-30],[-420,-60],[-370,-80],[-450,-120],[-400,-140],[-570,-240],[-580,-250],[-590,-240],[-580,-260],[-160,-70],[-620,-250],[-680,-300],[-820,-330],[-250,-110],[-620,-280],[-600,-260],[-690,-290],[-280,-120],[-440,-190],[-690,-290],[-700,-300],[-180,-80],[-910,-370]],[[-84397890,33670610],[10,-1160],[10,-200],[20,-170],[30,-190],[30,-140],[60,-230],[70,-230],[60,-190],[90,-250],[80,-200],[110,-280],[70,-180],[70,-190],[80,-230],[80,-250],[70,-230],[110,-360],[100,-280],[130,-330],[180,-450],[150,-380],[240,-620],[280,-720],[180,-510],[180,-580],[90,-340],[60,-250],[100,-500],[50,-280],[40,-320],[30,-250],[20,-200],[10,-140],[20,-270]],[[-84138770,33447650],[-490,10],[-90,0],[-130,0],[-190,0],[-260,0],[-200,0],[-80,0],[-200,0],[-40,0],[-300,0],[-310,0],[-550,0],[-610,0],[-280,10],[-160,0],[-110,0],[-240,0],[-160,0],[-290,0],[-340,10],[-70,0],[-360,0],[-460,0],[-120,0],[-550,20],[-80,0],[-270,10],[-210,0],[-460,20]],[[-84393200,33728880],[-40,-100],[-30,-80],[-30,-90],[-30,-90],[-30,-80],[-100,-280],[-90,-280],[-40,-140],[-50,-190],[-40,-180],[-30,-140],[-40,-280],[-30,-340],[-50,-410],[-30,-300],[-60,-620],[-60,-460],[-40,-230]],[[-84258940,33553230],[180,-340],[90,-140],[90,-120],[40,-50],[160,-190],[110,-100],[130,-140],[50,-50],[170,-140],[60,-50],[220,-170],[140,-100],[260,-180],[190,-130],[170,-110],[230,-150],[130,-90],[100,-70],[110,-70],[160,-110],[100,-70],[120,-80],[80,-60],[230,-150],[180,-120],[270,-180],[320,-220],[150,-100],[90,-70],[430,-290],[260,-180],[330,-230],[210,-140],[720,-490],[90,-60],[390,-260],[270,-180],[350,-230],[170,-110],[190,-130],[210,-140],[680,-450],[100,-70],[310,-190],[350,-210],[160,-70],[260,-130],[100,-40],[270,-110],[480,-140],[350,-100],[440,-110],[210,-50],[130,-30],[430,-90],[440,-100],[640,-140],[250,-50],[220,-50],[390,-80],[530,-110],[340,-80],[790,-180],[150,-30],[240,-40],[340,-60],[140,-30],[240,-30],[170,-30],[100,-10],[130,-10],[140,-20],[240,-20],[70,0],[170,-10],[320,-10],[250,-10],[60,0],[400,10],[70,0],[90,0],[760,10],[880,10],[440,0],[290,0],[270,0],[250,0],[200,0],[310,-10],[200,-10],[200,0],[710,-10],[220,-10],[710,-10],[820,-10],[180,0],[250,-10],[160,0],[680,-30],[90,0],[410,-40]],[[-84110180,34013170],[240,-210],[230,-190],[30,-20],[330,-250],[320,-210],[440,-240],[470,-200],[420,-140],[860,-280],[270,-90],[1550,-510],[1120,-370],[260,-80],[720,-230],[460,-160],[90,-30],[250,-110],[280,-120],[350,-190],[350,-210],[330,-240],[160,-130],[310,-270],[290,-290],[130,-150],[250,-320],[210,-340],[90,-160],[180,-340],[430,-850],[370,-690],[210,-350],[180,-310],[30,-40],[200,-330],[150,-220],[170,-240],[150,-220],[150,-210],[190,-260],[80,-100],[150,-190],[40,-50],[210,-260],[160,-190],[90,-110],[190,-240],[370,-480],[30,-40],[700,-970],[60,-80],[190,-280],[260,-370],[540,-830],[330,-520],[330,-500]],[[-84027010,33961970],[1120,330],[450,140],[430,140],[380,130],[260,90],[190,70],[190,70],[200,80],[250,100],[210,90],[260,110],[260,120],[120,60],[270,130],[330,170],[230,120],[370,200],[200,120],[370,210],[440,270],[1020,610],[480,300]],[[-84492870,33637540],[-440,570],[-330,430],[-350,480],[-280,400],[-160,240],[-270,420],[-80,130],[-60,110],[-90,180],[-90,190],[-70,160]],[[-84391260,33799890],[-810,-520],[-170,-160],[-170,-160],[-180,-180],[-120,-140],[-100,-120],[-120,-160],[-110,-150],[-90,-140],[-60,-100],[-90,-150],[-70,-150],[-30,-70],[-40,-90],[-40,-110],[-100,-300],[-20,-70],[-20,-90],[-20,-100],[-20,-100],[-10,-80],[-10,-80],[-10,-90],[-10,-110],[-10,-200],[10,-230],[10,-100],[10,-100],[10,-70],[10,-70],[30,-170],[20,-100],[10,-50],[20,-80],[10,-40],[40,-140],[50,-150],[70,-190],[30,-80],[50,-110],[180,-400],[440,-1020],[180,-420],[200,-490],[90,-220],[70,-210],[120,-350],[40,-130],[60,-200],[60,-200],[40,-140],[30,-120],[60,-240],[30,-120],[20,-100],[10,-50],[20,-100],[20,-120],[20,-100],[40,-210],[40,-250],[10,-150],[20,-290],[10,-350]],[[-84387590,33766440],[100,-50],[260,-140],[240,-130],[330,-180],[460,-240]],[[-84388840,33771240],[-220,10],[-340,10],[-120,10],[-200,0],[-180,10]],[[-84215850,33476290],[110,-340],[110,-360],[130,-400],[140,-400],[190,-530],[340,-870],[300,-750],[240,-580],[230,-560],[230,-530],[290,-710],[210,-510],[250,-600],[310,-760],[320,-780],[100,-250],[180,-450],[120,-300],[180,-450]],[[-84269320,33985320],[240,-180],[280,-220],[60,-40],[170,-130],[190,-160],[180,-180],[140,-140],[30,-30],[100,-130],[110,-150],[30,-40],[40,-70],[110,-210],[150,-380],[80,-300],[50,-300],[0,-130],[10,-170],[-10,-280],[-20,-490],[10,-480],[60,-370],[110,-410],[90,-350],[50,-140],[40,-120],[140,-290],[160,-290],[160,-240],[160,-200],[60,-80],[120,-180],[370,-520],[180,-260],[120,-180],[220,-310],[30,-50],[40,-50],[220,-310],[550,-760],[220,-310],[890,-1220],[500,-730],[130,-200],[150,-200],[240,-340],[230,-330],[40,-60],[120,-200],[400,-660],[100,-170],[230,-350],[10,-20],[100,-120],[40,-40],[250,-320],[170,-200],[180,-200],[110,-130],[30,-30],[200,-190],[650,-610],[160,-150],[180,-160],[190,-180],[110,-100],[120,-100],[70,-60],[130,-110],[30,-20]],[[-84077600,33997070],[-230,-310],[-250,-310],[-780,-980]],[[-84050970,33952900],[210,-500],[160,-390],[20,-40],[30,-60],[40,-100],[90,-230],[70,-180],[70,-150],[140,-320],[100,-200],[230,-340],[370,-490],[280,-290],[150,-150],[140,-130],[300,-260],[270,-180],[260,-130],[320,-130],[90,-30],[640,-210],[800,-250],[410,-130],[300,-100],[150,-70],[220,-110],[280,-200],[170,-130],[190,-220],[90,-130],[290,-400],[140,-210],[280,-400],[300,-450],[120,-150],[260,-320],[110,-120],[110,-130],[420,-480],[780,-910],[280,-310],[260,-230],[230,-170],[160,-90],[420,-200],[280,-90],[440,-110],[140,-30],[700,-180],[430,-140],[380,-160],[440,-230],[290,-180],[450,-290],[390,-330],[370,-380],[140,-140],[410,-450],[150,-170],[170,-180],[330,-340],[90,-90],[310,-310],[90,-100]],[[-84373050,33811000],[-130,-40],[-590,-220],[-360,-120],[-160,-40],[-180,-60],[-370,-140],[-200,-80],[-380,-150],[-480,-220],[-360,-170],[-500,-250],[-620,-340],[-280,-160],[-280,-170],[-590,-370],[-420,-290],[-560,-410],[-550,-410],[-290,-220],[-1390,-1090],[-990,-750],[-640,-490],[-790,-580],[-220,-160],[-430,-320],[-440,-330],[-140,-100],[-140,-90]],[[-84432280,33698060],[420,0],[1090,-10],[380,-10],[270,-10],[190,-10],[200,-20]],[[-84391690,33743340],[-90,-220],[-30,-90],[-30,-110],[-20,-80],[-20,-90],[-50,-350],[-60,-490],[-30,-320],[-30,-790],[-30,-920],[0,-480],[-30,-820],[-10,-320],[-30,-680]],[[-84301270,33381120],[-230,340],[-160,220],[-140,170],[-250,300],[-100,130],[-70,90],[-270,340],[-40,50],[-50,60],[-150,180],[-240,300],[-120,150],[-120,150],[-560,750],[-430,510],[-580,710],[-680,890],[-410,520],[-240,300],[-410,520],[-220,270],[-980,1260],[-60,80],[-200,270],[-240,280],[-190,230],[-70,80],[-350,450],[-250,340],[-290,410],[-380,590],[-230,390],[-320,580],[-240,490],[-140,310],[-110,250],[-70,170],[-160,420],[-110,310],[-70,250],[-40,140],[-20,80],[-140,510],[-40,130],[-100,510],[-10,50],[-40,170],[-70,420],[-50,360],[-20,230],[-110,810],[-80,670],[-50,390],[-60,510],[-80,600],[-110,950],[-170,1450],[-180,1450],[-230,1870],[-180,1470],[-140,1170],[-40,270],[-70,560],[-150,810],[-160,620],[-240,770]],[[-84201710,33539510],[-60,570],[-280,-20],[-250,-10]],[[-84112310,33299170],[-220,800]],[[-84222320,33932210],[240,-390],[30,-50],[150,-260],[60,-100],[80,-140],[70,-130],[50,-80],[50,-90],[160,-270],[80,-140],[100,-160],[230,-390],[30,-50],[140,-240],[40,-80],[30,-60],[200,-350],[320,-550],[100,-170],[300,-540],[90,-130],[230,-340],[120,-160],[90,-110],[190,-230],[370,-400],[270,-240],[280,-260],[400,-310],[450,-310],[680,-470],[470,-310],[160,-100],[210,-130],[170,-120],[40,-20],[510,-340],[100,-70],[180,-130],[300,-200],[280,-190],[350,-240],[180,-120],[240,-160],[490,-330],[600,-400],[80,-70],[430,-300],[230,-220],[90,-80],[100,-80],[90,-110],[80,-90],[160,-180],[110,-140],[90,-130],[210,-300],[130,-250],[30,-50],[110,-200],[50,-150],[160,-430],[80,-230],[150,-460],[50,-150],[230,-690]],[[-84170230,34004120],[20,-150],[50,-190],[50,-200],[110,-330],[20,-50],[80,-200],[110,-270],[50,-110],[180,-350],[160,-310],[160,-240],[220,-330],[410,-660],[50,-80],[110,-180],[80,-140],[100,-210],[240,-520],[120,-370],[80,-220],[20,-70],[40,-150],[50,-230],[20,-110],[40,-170],[10,-70],[80,-660],[10,-260],[0,-280],[-20,-340],[-60,-540],[-80,-440],[-70,-290],[-80,-290],[-200,-560],[-300,-730],[-90,-220],[-440,-1070],[-160,-420],[-150,-390],[-70,-190],[-180,-440],[-210,-530],[-30,-90],[-120,-360],[-280,-880],[-40,-140],[-70,-250],[-80,-280],[-80,-300],[-140,-490],[-70,-250],[-100,-430],[-70,-250],[-50,-170],[-60,-230],[-80,-300],[-100,-360],[-110,-410],[-80,-300],[-80,-260],[-190,-690],[-80,-310],[-160,-650],[-30,-140],[-180,-800],[-50,-210],[-10,-50],[-290,-1190],[-140,-520],[-30,-90],[-200,-670],[-110,-330],[-140,-320],[-170,-310],[-240,-340],[-220,-250],[-230,-230],[-160,-140],[-350,-260],[-70,-40],[-380,-230],[-370,-180],[-610,-250],[-790,-330],[-1200,-500],[-840,-340],[-680,-300],[-750,-320],[-1040,-440],[-910,-390],[-400,-170],[-1160,-510],[-310,-130],[-550,-240]],[[-84139150,33963670],[370,-240],[300,-210],[220,-150],[60,-40],[270,-180],[350,-260],[300,-230],[130,-110],[260,-230],[250,-270],[220,-230],[30,-40],[70,-90],[270,-330],[170,-250],[160,-230],[140,-200],[70,-100],[190,-270],[180,-250],[50,-70],[110,-160],[50,-80],[180,-250]],[[-84012710,34095730],[230,-160],[320,-220],[380,-260],[290,-200],[350,-240],[310,-210],[240,-160],[570,-390],[190,-130],[190,-130],[60,-40],[90,-50],[260,-160],[60,-40],[330,-170],[220,-110],[260,-120],[140,-50],[260,-100],[260,-80],[230,-60],[290,-70],[230,-40],[50,-10],[80,-20],[490,-70],[360,-30],[480,-20],[1100,-50],[540,-20],[80,0],[600,-40],[250,-20],[340,-30],[300,-40],[290,-60],[280,-60],[100,-30],[290,-90],[370,-130],[230,-100],[300,-150],[230,-130],[60,-40],[540,-350],[330,-220],[210,-140],[280,-200],[290,-200],[460,-310],[110,-70],[320,-200],[710,-490],[120,-80],[300,-210],[290,-190],[210,-150],[130,-80],[110,-80],[290,-210],[220,-150],[70,-50],[300,-190],[520,-350]],[[-84407420,33777980],[60,-370],[50,-220],[60,-250],[50,-180],[30,-90],[110,-270],[40,-300],[10,-270],[0,-170]],[[-84167180,33453310],[180,-130]],[[-84014740,33856310],[530,-140],[290,-60],[40,-10],[200,-40],[850,-190],[270,-60],[270,-50],[180,-30],[380,-60],[90,-20],[120,-30],[190,-40],[160,-30],[210,-50],[240,-60],[600,-120],[310,-70],[120,-30],[880,-210],[370,-80],[500,-110],[220,-50],[120,-20],[80,-10],[250,-40],[20,0],[170,-10],[140,-10],[340,10],[280,20],[210,30],[100,20],[110,20],[240,60],[120,30],[230,60],[430,110],[180,40],[150,40],[420,110],[220,60],[30,10],[380,100],[260,60],[420,120],[530,130],[860,230],[400,110],[580,150],[430,110],[210,50],[20,10],[90,20],[220,40],[120,20],[80,20],[430,60],[200,0],[270,10],[380,-10],[110,-10],[220,-20],[110,-10],[70,-10],[600,-80],[230,-30],[310,-40],[520,-60],[560,-60],[260,-30],[330,-40],[250,-30],[220,-30],[430,-10]],[[-84043980,33851310],[220,130],[380,200],[120,50],[200,90],[290,120],[280,90],[230,60],[240,60],[130,30],[140,30],[140,30],[260,50],[170,30],[340,60],[380,70],[320,60],[130,20],[280,50],[330,60],[350,70],[260,50],[170,30],[320,70],[390,80],[60,10],[270,50],[170,30],[120,80],[440,70],[280,50],[70,10],[440,80],[30,10],[540,100],[40,10],[280,50],[160,30],[430,80],[50,10],[220,40],[230,40],[380,80],[50,10],[360,70],[260,70],[340,80],[250,60],[180,50],[290,70],[180,50],[370,100],[170,50],[160,40],[120,30],[250,70],[200,50],[330,90],[170,40],[570,160],[160,40],[110,40],[340,90],[490,120],[580,150],[370,100],[250,70],[250,70],[110,30],[260,70],[250,70],[430,120],[240,70],[330,90],[330,90],[190,0],[110,0],[140,40],[610,170],[200,60],[460,130]],[[-83988170,34036030],[180,-520],[200,-590],[150,-480],[80,-240],[180,-600],[270,-810],[170,-550],[130,-570],[120,-570],[110,-630],[50,-470],[50,-520],[20,-400],[10,-620],[0,-1030],[0,-370],[0,-480],[0,-620],[0,-110],[0,-370],[0,-1010],[0,-700],[0,-470],[0,-220],[10,-1260],[0,-970],[0,-630],[0,-260],[-10,-520],[-20,-360],[-30,-170],[-30,-190],[-60,-360],[-150,-540],[-160,-470],[-140,-330],[-160,-330],[-40,-90],[-190,-390],[-240,-460],[-530,-1070],[-420,-830],[-260,-510],[-200,-410],[-80,-180],[-80,-170],[-90,-260],[-50,-170],[-50,-170],[-30,-180],[-20,-170],[-20,-160],[0,-160],[0,-160],[10,-120],[30,-300],[50,-240],[120,-370],[100,-230],[360,-790],[370,-820],[70,-160],[120,-300],[30,-120],[50,-180],[60,-250]],[[-84375500,33809390],[-180,-160],[-210,-180],[-750,-640],[-840,-760],[-760,-620]],[[-84232870,34057790],[170,-160]],[[-84343550,34036560],[450,-390]],[[-83984890,34078810],[90,-110],[120,-140],[180,-270],[170,-310],[60,-110],[30,-70],[60,-160],[80,-250],[20,-90],[60,-270],[40,-450],[0,-60],[-10,-210],[-10,-160]],[[-84134170,33958350],[190,-280],[60,-90],[110,-160],[50,-80],[130,-190],[120,-180],[240,-360],[80,-110],[180,-280],[110,-160],[170,-230],[10,-20],[120,-170],[50,-80],[70,-90],[90,-130],[290,-410],[320,-460],[70,-100],[280,-400],[190,-290],[280,-430],[170,-250],[130,-200]],[[-84135040,33950000],[-330,-160],[-480,-230],[-450,-220],[-200,-100],[-1310,-650]],[[-84377690,33937080],[-380,0],[-230,-20]],[[-84449110,33644750],[-380,180],[-290,100],[-210,80],[-200,60],[-220,80]],[[-83834440,34090200],[-3610,-1170],[-2020,-660],[-2110,-680],[-1310,-430],[-480,-150],[-450,-140],[-360,-100],[-350,-90],[-280,-70],[-310,-70],[-310,-70],[-290,-60],[-310,-60],[-410,-70],[-360,-60],[-280,-40],[-300,-40],[-340,-40],[-400,-40],[-310,-30],[-1420,-120],[-2850,-250],[-1780,-150],[-2020,-180],[-1610,-140],[-1650,-140],[-1290,-120],[-700,-60],[-440,-30],[-430,-30],[-370,-30],[-820,-90],[-880,-120],[-850,-140],[-780,-140],[-1110,-240],[-680,-150],[-860,-230],[-940,-250],[-660,-190],[-960,-290],[-900,-300],[-920,-300],[-1230,-400],[-1810,-590],[-1070,-340],[-1110,-360],[-390,-130],[-520,-170],[-2440,-790],[-2830,-920],[-870,-280],[-1030,-340],[-500,-160],[-390,-120],[-340,-100],[-260,-70],[-310,-80],[-380,-90],[-310,-70],[-280,-60],[-310,-60],[-260,-50],[-380,-60],[-330,-50],[-380,-50],[-320,-40],[-270,-30],[-320,-30],[-370,-30],[-910,-50],[-720,-50],[-780,-50],[-1070,-60],[-1390,-80],[-1190,-70],[-4100,-240],[-3330,-190],[-3930,-230],[-1000,-60],[-1190,-70],[-540,-30],[-540,-30],[-310,-20]],[[-84093230,33998160],[70,-120],[160,-240],[210,-330],[60,-90],[180,-300],[250,-370],[170,-260],[160,-240],[100,-160],[60,-150],[20,-40],[190,-430],[90,-400],[10,-120],[20,-200],[-10,-630],[10,-360],[30,-520],[10,-80],[20,-150],[80,-310],[70,-190],[70,-140],[30,-50],[170,-270],[190,-230],[70,-80],[400,-390],[1480,-1370],[150,-140],[150,-140],[470,-440]],[[-84390770,33777570],[-20,100],[-10,60],[-30,270],[-20,210],[-20,200],[-10,170],[-10,420],[0,320],[0,450],[0,1520],[0,240]],[[-83943740,33857530],[390,-120],[560,-160],[820,-250],[220,-70],[900,-260],[240,-70],[630,-190],[830,-240],[800,-240],[1720,-530],[760,-230],[560,-170],[620,-180],[480,-150],[350,-110],[410,-120],[840,-230],[360,-100],[420,-120],[330,-90],[310,-100],[690,-240],[520,-170]],[[-84083670,33962920],[1130,-110],[800,-100],[380,-40],[480,-50],[570,-50],[490,-50],[350,-30],[800,-90],[790,-80],[970,-110],[950,-110],[1110,-120],[2060,-220],[1800,-170],[320,-30],[350,-40],[270,-30],[280,-30],[570,-60],[490,-60]],[[-84490680,33691760],[-410,-340],[-310,-220],[-180,-120],[-180,-110],[-230,-130],[-220,-110],[-180,-80],[-150,-60],[-90,-30],[-130,-40],[-160,-50],[-40,-10],[-50,-10],[-80,-10],[-160,-20]],[[-84214860,33910960],[590,90],[380,60],[840,120],[1440,200],[1050,140],[990,140],[970,140],[460,80],[250,50],[150,40],[360,90],[270,80],[160,50],[460,160],[390,150],[460,200],[450,220],[280,150],[280,160],[280,180],[590,390],[660,440],[460,310],[230,140]],[[-84117570,34020350],[-340,410],[-120,130],[-230,310],[-130,180],[-130,200],[-60,120],[-50,100],[-60,130],[-40,90]],[[-84475910,33620270],[360,10],[410,10],[350,0],[400,0],[710,-10],[230,0],[1160,-10],[1060,-20],[560,-20],[440,-20],[330,-20]],[[-84576280,33699450],[-400,-110],[-70,-20],[-100,-20],[-130,-20],[-360,-60]],[[-83916980,33849490],[-260,80],[-370,110],[-90,30],[-290,80],[-390,120],[-290,90],[-380,110],[-310,90],[-320,100],[-100,30],[-60,10],[-550,170],[-210,60],[-260,100],[-650,180],[-70,20],[-190,60],[-940,280],[-300,90],[-210,60],[-400,120],[-220,60],[-240,70],[-540,160],[-420,130],[-230,70],[-480,150],[-400,120],[-370,110],[-780,240],[-1020,310],[-260,80],[-470,140],[-40,10],[-280,80],[-610,180]],[[-83902220,33838280],[-220,120],[-180,90],[-70,30],[-190,100],[-270,140],[-20,10],[-200,90],[-50,20],[-130,60],[-350,130],[-360,120],[-70,20],[-370,90],[-300,90],[-50,20],[-200,60],[-220,90],[-190,80],[-250,130],[-160,90],[-170,110],[-220,140],[-290,230],[-150,140],[-160,150],[-220,240],[-70,70],[-80,120],[-120,190],[-80,120],[-110,180],[-30,50],[-250,460],[-20,40],[-110,200],[-90,160],[-130,230],[-40,70],[-90,160],[-110,180],[-190,300],[-130,250],[-170,300],[-140,210],[-160,240],[-220,260],[-160,210],[-120,100],[-280,250],[-80,70],[-210,170],[-800,570],[-430,290],[-160,120],[-250,180],[-210,140],[-150,100],[-250,200],[-280,170],[-260,180],[-170,120],[-110,80],[-390,280],[-270,190],[-270,190],[-80,30],[-400,280],[-150,90],[-280,150],[-290,130],[-220,100],[-190,90],[-190,90],[-280,100],[-430,160]],[[-83726670,33805120],[-1810,-820]],[[-83902220,33838280],[410,-200],[230,-120],[90,-50],[120,-60],[90,-40],[180,-90],[300,-160],[120,-60],[320,-150],[320,-160],[330,-170],[130,-70],[1290,-680],[290,-150],[230,-120],[250,-120],[370,-180],[230,-120],[230,-120],[120,-60],[120,-60],[210,-100],[130,-60],[60,-30],[130,-50],[300,-120],[240,-80],[220,-70],[130,-40],[70,-20],[40,-10],[30,-10],[420,-90],[100,-20],[330,-50],[390,-50],[330,-40],[230,-40],[250,-30],[220,-30],[100,-10],[70,-10],[570,-80],[270,-40],[130,-20],[590,-80],[90,-10],[290,-40],[150,-20],[120,-20],[180,-20],[40,-10],[90,-10],[90,-10],[240,-40],[90,-10],[100,-10],[180,-20],[110,-20],[330,-50],[380,-50],[500,-70],[80,-10],[260,-40],[180,-20],[340,-40],[50,-10],[180,-20],[140,-20],[250,-40],[140,-20],[240,-30],[120,-20],[480,-80],[610,-90],[520,-80],[70,-10],[160,-20],[140,-20],[310,-50],[590,-90],[340,-50],[300,-40],[100,-20],[160,-20],[420,-60]],[[-84383450,34059200],[10,170]],[[-84401770,33691510],[-470,570],[-270,330],[-400,490],[-340,420],[-160,200],[-100,110],[-90,90],[-220,220]],[[-83984380,33989530],[-40,90],[-70,140]],[[-83979020,33980660],[-520,-100],[-1910,-350],[-1310,-240],[-1150,-220],[-870,-170],[-490,-100],[-260,-50],[-250,-50],[-900,-170],[-1770,-340],[-1190,-230],[-690,-130],[-1350,-250],[-1240,-240]],[[-84093040,33998250],[-320,490],[-190,300],[-160,250],[-290,450],[-230,340],[-260,380],[-450,650],[-500,680],[-60,90],[-240,300],[-170,220],[-150,180],[-90,110],[-170,220],[-190,240],[-180,240],[-50,70],[-270,360],[-100,140],[-120,170],[-190,280],[-80,120],[-180,290],[-370,600],[-360,650],[-170,330],[-430,840],[-210,370],[-160,280],[-210,290],[-250,300],[-410,410],[-440,380],[-160,110],[-350,230],[-360,210],[-300,140],[-280,130],[-220,80],[-380,140],[-40,10],[-770,240],[-280,90],[-1100,360],[-310,100],[-1760,590],[-870,290],[-390,140],[-280,120],[-120,70],[-290,160],[-80,40],[-270,170],[-40,20],[-180,140],[-90,70]],[[-83797310,33809600],[1650,-550],[1160,-380],[370,-120],[1560,-510],[40,-10],[590,-190],[490,-160],[150,-50],[1540,-500],[280,-90],[380,-130],[200,-60],[500,-180],[1570,-490],[660,-210],[450,-140],[430,-130],[350,-50],[350,-40],[470,-10],[430,30],[510,40],[240,20],[1240,120],[1890,170],[730,70],[1830,170],[1420,140],[240,20],[370,30],[90,10],[340,30],[1290,130],[770,80],[580,60],[50,0],[90,10],[1070,90],[720,20],[490,-20],[500,-60],[480,-90],[4460,-930],[700,-140],[220,-40],[1410,-290],[1540,-310],[970,-180],[520,-100],[330,-70],[530,-120],[220,-50],[780,-180]],[[-83643870,33835560],[1000,1010],[250,250],[240,250],[520,540],[160,160],[300,310],[300,310],[390,400],[320,300],[330,310],[550,410],[390,300],[470,280],[250,150],[920,540],[710,420],[1290,760],[1390,820],[190,110],[1140,670],[1010,590],[1070,620],[80,50],[100,60],[1360,800],[1660,970],[1240,730],[1350,790],[1110,650],[1000,600],[300,180],[1130,640],[1200,720],[440,280],[100,60],[100,60],[110,70],[520,320],[280,160],[530,360],[660,470],[120,90],[930,690],[80,60],[980,740],[650,520],[290,230],[450,380],[440,400],[300,290],[260,260],[120,120],[400,440],[710,750],[260,310],[110,130],[360,460],[440,590]],[[-83881030,33832720],[-230,40],[-470,90]],[[-83728480,33804300],[-830,-380],[-280,-120],[-220,-90],[-520,-200],[-320,-120],[-260,-90],[-390,-130],[-250,-80],[-640,-190],[-190,-50],[-200,-50],[-160,-40],[-200,-50],[-260,-60],[-200,-40],[-450,-80],[-930,-150],[-260,-40],[-150,-20],[-260,-30],[-620,-60],[-780,-60],[-560,-20],[-540,-10],[-930,0],[-740,10]],[[-84359890,33820980],[210,250],[330,340],[230,200],[310,230],[490,320],[340,170],[290,130],[80,30],[260,100]],[[-84273550,34065210],[610,1160],[410,810],[430,830],[320,620],[100,190],[290,690],[160,330],[70,130],[290,560],[180,340],[400,670],[180,350],[360,660]],[[-84095570,33908930],[-550,130],[-830,200],[-560,140],[-550,150],[-540,150],[-550,150],[-540,150],[-510,140],[-530,150],[-560,180],[-290,110],[-250,110],[-370,180],[-310,180],[-210,130],[-190,130],[-190,140],[-170,140],[-250,220],[-370,350],[-380,340],[-230,190],[-170,150]],[[-84015460,33920770],[-380,190],[-260,150],[-180,170],[-30,30],[-70,70],[-150,150],[-140,170],[-140,240],[-190,510],[-120,330],[-90,220],[-30,80],[-60,150],[-70,140],[-130,200],[-250,290],[-110,100],[-150,140],[-110,90],[-270,240],[-200,180],[-150,140],[-490,430],[-290,220],[-220,130],[-330,130],[-240,90],[-260,60],[-110,30],[-250,40],[-280,20],[-810,60],[-610,70],[-280,70],[-320,120],[-150,80],[-340,180],[-300,240],[-160,160],[-220,270],[-210,300],[-240,350],[-110,160],[-270,400],[-400,590],[-120,170],[-180,270],[-800,1170],[-260,370],[-590,850],[-410,600],[-150,220],[-300,440],[-130,190],[-140,210],[-150,240],[-160,240],[-50,80],[-140,260],[-240,450]],[[-83926770,33982760],[170,30],[180,30],[90,-10],[120,-50]],[[-84426950,33745050],[-1400,720],[-240,120],[-140,70],[-280,130],[-240,100],[-220,90],[-240,90],[-260,90],[-180,60],[-210,60]],[[-84467030,33755660],[-190,160],[-180,150],[-120,100],[-210,170],[-240,190],[-190,150],[-130,100],[-110,80],[-120,80],[-120,80],[-110,70],[-210,120],[-200,110],[-180,100],[-220,120],[-160,80],[-180,80],[-170,70],[-220,90],[-200,80],[-240,90],[-230,80],[-190,60],[-200,60],[-210,60],[-150,40],[-170,40],[-270,60],[-470,90],[-440,70]],[[-84454730,33639910],[80,100],[110,130],[270,300],[490,510],[940,930],[690,720],[610,630],[1650,1690],[110,110],[760,780],[350,360],[540,550]],[[-84395860,33652810],[300,880],[110,330],[160,490],[90,290],[60,210],[40,160],[60,250],[40,170],[30,130],[40,200],[30,160],[30,160],[20,120],[20,140],[30,190],[40,340],[20,200],[20,180],[30,280],[20,170],[10,250],[0,340],[10,290],[-30,530],[-40,390],[-130,910],[-50,330],[-30,200],[-40,220],[-50,240],[-50,200],[-50,200],[-30,120],[-70,270],[-190,490]],[[-84429720,33843640],[0,490],[-10,250],[-10,200],[-20,200],[-50,280],[-40,210],[-50,210],[-80,310],[-40,150],[-300,900],[-130,390],[-90,290],[-70,240],[-70,260],[-80,560]],[[-84389770,33935550],[90,-10],[110,-40],[50,-50],[70,-70]],[[-84357770,33918910],[20,700],[-10,1030],[0,280],[10,1310],[0,390],[0,170]],[[-84415970,33799930],[-20,-250],[-10,-100]],[[-84360370,33830720],[-80,-550],[-30,-320],[-30,-290],[-30,-310],[-10,-330],[10,-270],[0,-50],[0,-180],[20,-260],[10,-180],[60,-260],[30,-150],[80,-550],[80,-420],[40,-180],[120,-440],[180,-700],[50,-170]],[[-84399260,33744630],[150,50],[220,70],[200,60],[180,50],[160,40],[310,70],[380,70],[420,70],[450,60],[630,70],[420,40],[430,30],[450,20],[430,20],[260,0],[790,-10],[250,0],[470,-20],[450,-30],[230,-20],[260,-30],[210,-30],[230,-40],[610,-130],[120,-40],[150,-60],[160,-70],[180,-70],[270,-70],[680,-170],[310,-130],[310,-120],[730,-310],[360,-150],[270,-110],[220,-80],[180,-60],[170,-50],[280,-70],[270,-60],[210,-40],[210,-30],[200,-20],[250,-20],[530,-20],[720,-10]],[[-83951540,33628910],[-910,140]],[[-84002010,33652170],[-600,330],[-350,180],[-420,200],[-640,290],[-540,220],[-500,190],[-420,150],[-690,220],[-760,220],[-910,260]],[[-84024680,33661710],[-610,430],[-650,450],[-290,200],[-480,340],[-1060,740],[-290,190],[-390,250],[-260,160],[-370,220],[-270,150],[-240,130],[-350,180],[-490,240],[-380,170],[-230,100],[-740,300],[-1100,400],[-470,160]],[[-83831170,34091080],[1600,520],[1890,610],[1100,360],[1720,530],[990,310],[890,290],[530,170],[600,200],[1390,450],[840,270],[740,240],[730,210]],[[-83767060,33952820],[-450,140],[-350,110],[-380,130],[-440,130]],[[-83714940,33942670],[-1180,-490]],[[-83974260,33632980],[170,-90],[500,-240],[140,-60],[310,-130],[330,-120],[150,-60],[410,-120],[250,-70],[450,-110],[520,-100],[740,-120],[960,-160],[550,-80],[690,-120],[2090,-330],[4880,-780],[3370,-530],[5100,-820]],[[-84065670,33685720],[380,-550],[830,-1200],[650,-970],[320,-460],[170,-220],[280,-400],[420,-610]],[[-83974120,33633080],[-140,70],[-430,250],[-260,160],[-840,580],[-280,200],[-1660,1140],[-3070,2120],[-410,280],[-380,270],[-570,390]],[[-84000350,33683610],[-220,-270],[380,-170]],[[-83818650,34095370],[-310,-100],[-810,-280],[-870,-310],[-790,-260],[-1190,-390],[-630,-200],[-1220,-390],[-930,-310],[-2120,-680],[-900,-300],[-1240,-400],[-760,-250],[-670,-210]],[[-83768680,33953330],[-470,160],[-880,270],[-580,180],[-2790,870],[-1310,410],[-340,110],[-1490,470],[-890,280],[-490,150],[-640,200],[-760,240],[-770,240],[-580,180],[-660,210],[-860,270],[-800,250],[-860,270],[-880,270],[-880,280],[-540,170],[-390,120],[-470,150],[-690,210],[-700,220],[-610,200],[-730,230],[-1150,360],[-1070,330],[-930,300],[-2130,670],[-250,80],[-960,300],[-1160,360],[-450,140],[-770,240],[-680,210],[-600,190],[-480,160],[-1140,360],[-750,230],[-1060,330],[-1760,540],[-760,250],[-990,300],[-820,250],[-690,180],[-850,210],[-530,120],[-990,220],[-850,170],[-910,150],[-600,100],[-620,110],[-1200,200],[-660,110],[-530,90],[-280,60],[-160,20],[-420,70],[-580,100],[-570,90],[-130,20],[-440,80],[-370,50],[-720,120],[-310,60],[-530,100],[-340,60],[-580,90],[-660,110],[-640,110],[-500,80],[-310,50],[-850,140],[-280,40],[-540,90],[-1310,210],[-690,110],[-1030,180],[-950,160],[-930,150],[-870,160],[-70,10],[-230,30],[-290,50],[-340,70],[-240,30],[-580,100],[-290,40],[-760,120],[-1140,210],[-1960,340],[-3300,530],[-2500,420],[-1400,240],[-2760,460],[-1010,170],[-1010,160],[-990,160],[-660,90],[-490,60],[-620,70],[-230,20],[-400,40],[-710,70],[-860,60],[-220,10],[-430,20],[-690,30],[-1370,30],[-1420,10],[-1580,20],[-1610,20],[-1740,20],[-300,0],[-1750,20],[-1030,10],[-1400,10],[-5770,70],[-2230,30],[-2850,30],[-800,10],[-610,10],[-3140,30],[-550,10],[-1670,20],[-530,10],[-2500,20],[-720,10]],[[-83665100,33952710],[-310,-110],[-410,-150],[-250,-80],[-510,-160],[-340,-100],[-360,-100],[-470,-120],[-590,-130],[-510,-100],[-410,-70],[-580,-90],[-430,-60],[-640,-70],[-380,-30],[-490,-30],[-610,-20],[-200,0],[-520,0],[-420,0],[-410,10],[-870,50],[-630,30],[-1540,70],[-2950,140],[-1040,50],[-2150,100],[-1620,80],[-640,30],[-1220,60],[-440,20],[-860,40],[-20,0],[-870,50],[-660,20],[-130,0],[-490,0],[-510,-20],[-510,-40],[-500,-50],[-510,-70],[-510,-90],[-520,-110],[-510,-130],[-530,-150],[-530,-180],[-530,-200],[-520,-220],[-520,-210],[-500,-220],[-500,-210],[-490,-200],[-700,-300],[-240,-100],[-850,-360],[-910,-390],[-720,-300],[-4530,-1920],[-2480,-1050],[-3880,-1640],[-2610,-1100],[-260,-110]],[[-83608280,33956710],[380,-120],[980,-310]],[[-83716020,33942000],[310,130],[890,370],[250,100],[1430,610],[4480,1890],[6480,2750],[1640,690],[180,70],[800,340],[1160,510],[400,170],[1220,510],[1030,440],[720,300],[400,150],[690,220],[580,160],[420,100],[540,110],[550,80],[480,60],[540,50],[530,30],[520,10],[470,0],[420,-20],[860,-40],[620,-30],[750,-40],[410,-20],[860,-40],[710,-30],[1240,-60],[1040,-50],[1290,-60],[1040,-50],[2470,-120],[1090,-50],[840,-40],[910,-50],[290,-10],[880,-40],[640,0],[700,10],[410,10],[370,20],[630,50],[280,30],[240,30],[670,80],[600,100],[320,60],[560,110],[390,90],[560,140],[420,110],[560,170],[510,170],[710,250],[380,140]],[[-83890460,33973550],[430,-10],[510,0],[720,-10],[2330,-30],[1200,-10],[790,-10],[560,-10],[800,-10],[500,-10],[1180,-10],[740,-10],[710,0],[1010,-30],[680,0],[1810,-20],[5180,-60],[2640,-30],[1250,-10],[490,-10],[980,-10],[1710,-30],[890,-10],[3450,-40],[2260,-20],[710,-10],[870,-20],[170,0],[690,-10],[690,-30],[360,-20],[330,-20],[920,-60],[770,-70],[390,-40],[270,-30],[670,-80],[680,-90],[1000,-160],[2050,-350],[2050,-340],[1370,-230],[3040,-500],[3970,-690],[330,-50],[1630,-270],[1650,-260],[330,-50],[340,-60],[300,-50],[360,-60],[590,-100],[700,-120],[970,-160],[970,-160],[650,-110],[570,-90],[860,-140],[510,-90],[930,-150],[1000,-170],[810,-130],[270,-50],[1500,-250],[600,-100],[950,-160],[1140,-190],[2550,-420],[2090,-350],[2490,-420],[680,-130],[560,-120],[970,-220],[1190,-300],[530,-150],[700,-200],[580,-180],[1880,-590],[910,-280],[1740,-550],[1960,-620],[520,-160],[710,-230],[1270,-400],[320,-100],[620,-200],[400,-120],[310,-90],[270,-80],[230,-70],[280,-90],[360,-120],[170,-50],[220,-70],[170,-60],[740,-230],[440,-140],[830,-260],[1290,-400],[990,-310],[1020,-320],[970,-310],[1300,-400],[960,-310],[640,-200],[1000,-310],[1270,-400],[960,-300],[2360,-740],[540,-170],[600,-190],[480,-160],[370,-110],[860,-270],[600,-190],[610,-190],[260,-80],[1420,-440],[2390,-770],[420,-130],[640,-190],[550,-180]],[[-83753610,33945790],[-270,150],[-320,180],[-640,380]],[[-84099640,33268070],[-270,390],[-530,740],[-450,620],[-180,290],[-380,570],[-660,970],[-460,670],[-480,700],[-390,580],[-510,750],[-230,350],[-240,360],[-260,420],[-160,260],[-390,680],[-400,720],[-360,710],[-390,810],[-140,310],[-120,270],[-110,250],[-250,640],[-330,900],[-180,520],[-190,610],[-320,1140],[-230,860],[-80,300],[-390,1420],[-270,1020],[-290,1090],[-160,560],[-220,810],[-360,1340],[-180,670],[-810,3010],[-400,1470],[-60,240],[-30,120],[-220,780],[-440,1650]],[[-84291350,33275360],[30,-170],[30,-200],[50,-410],[70,-400]],[[-84669960,34080270],[-1770,90],[-1340,70],[-820,80],[-660,80],[-320,50],[-780,140],[-740,150],[-170,40],[-240,60],[-640,170],[-620,190],[-340,110],[-280,90],[-590,220],[-410,160],[-470,190],[-540,230],[-320,130],[-710,300],[-890,370]],[[-84296010,33243170],[10,-180],[10,-50],[10,-90],[10,-120],[20,-180],[20,-160],[30,-240],[10,-90],[40,-350],[40,-430],[270,-2400],[180,-1620],[100,-680],[80,-340],[90,-360],[170,-500],[140,-440],[160,-380],[300,-620],[210,-360],[350,-580],[170,-260],[160,-250]],[[-84290220,33228130],[-1480,2160],[-1350,2010],[-560,850]],[[-84295990,33244580],[-50,470],[-250,2300],[-20,190],[-20,640],[20,750],[200,1260],[290,1010],[350,710]],[[-84290060,33227440],[20,-30],[110,-150],[200,-280],[30,-50],[150,-250],[160,-270],[20,-40],[170,-330],[90,-230],[120,-340],[60,-200],[70,-320],[10,-70],[20,-380],[0,-180],[10,-170],[0,-190],[0,-360],[-10,-380],[0,-300],[0,-160],[0,-30],[-10,-150],[0,-540],[0,-740],[-10,-930],[-10,-730],[-10,-670],[-10,-1070],[0,-750]],[[-84291170,33274180],[30,-180],[80,-470],[60,-340],[60,-350],[40,-270],[60,-360],[40,-250],[120,-830],[70,-420],[40,-210],[30,-260],[110,-650],[40,-240],[20,-120],[40,-270],[50,-290],[60,-400],[50,-310],[250,-1600]],[[-84798960,34208130],[90,-110],[40,-40],[20,-20],[30,-20],[40,-20],[80,-30],[120,-40]],[[-84758640,34169940],[150,-970],[60,-360],[80,-520],[80,-470],[90,-490],[100,-500],[110,-460],[60,-220],[260,-750],[220,-530],[90,-210],[150,-300],[220,-440],[260,-440],[240,-380],[240,-350],[300,-410],[140,-180],[110,-130],[370,-430],[180,-210],[150,-180],[330,-390],[220,-250],[250,-290],[250,-280],[370,-430],[300,-350],[330,-400],[630,-730],[260,-300],[660,-750],[340,-400],[640,-750],[880,-1020],[680,-800],[1360,-1570],[1350,-1570],[850,-990],[710,-800],[190,-210],[1000,-1150],[350,-390],[560,-650]],[[-84759970,34208320],[-340,-360],[-290,-310],[-270,-280],[-80,-90],[-200,-200],[-250,-260],[-110,-110],[-130,-120],[-100,-80],[-330,-260],[-170,-130],[-250,-160],[-330,-190]],[[-84742160,34146590],[-480,560],[-220,250],[-210,240],[-250,280],[-780,920],[-530,620],[-690,790],[-330,390],[-310,360],[-180,210],[-330,380],[-450,520],[-550,640],[-660,770],[-940,1090],[-960,1120],[-340,400],[-330,370],[-360,420],[-150,180],[-290,340],[-550,650],[-260,300],[-120,130],[-360,420],[-310,350],[-210,250],[-70,80],[-130,160],[-140,150],[-130,150],[-120,140],[-100,120],[-260,300],[-220,260],[-420,480],[-520,620],[-320,400],[-300,410],[-90,120],[-180,280],[-170,290],[-120,220],[-230,430],[-100,190],[-110,230],[-200,440],[-240,640],[-40,120],[-30,110],[-50,200],[-70,320],[-100,450],[-160,820],[-90,550],[-190,1260],[-100,620]],[[-84814340,34276730],[-370,410],[-250,280],[-250,280],[-510,590],[-110,110],[-340,380],[-420,480],[-600,680],[-410,450],[-400,450],[-400,490],[-220,280],[-300,420],[-350,570],[-200,390],[-110,210],[-120,260],[-80,200],[-110,280],[-180,520],[-160,540],[-130,570],[-100,420],[-160,640],[-200,830],[-270,1110],[-140,590],[-330,1380],[-110,480],[-120,500],[-180,740],[-200,740],[-150,410],[-280,650],[-270,510],[-290,510],[-160,250],[-290,410],[-260,330],[-340,400],[-430,470],[-300,310],[-750,760],[-680,710],[-430,440],[-850,880],[-410,430],[-210,220],[-360,370],[-350,370],[-340,350],[-350,360],[-350,360],[-350,370],[-330,340],[-370,370],[-360,370],[-380,400],[-320,330],[-400,400],[-340,360],[-370,390],[-370,380],[-370,380],[-390,410],[-390,400],[-370,380],[-200,210],[-180,180],[-340,350],[-460,470],[-480,470],[-580,590],[-430,430],[-650,650],[-440,420],[-430,430],[-220,210],[-430,430],[-340,340],[-330,320],[-220,220],[-450,440],[-450,440],[-440,440],[-450,440],[-650,650],[-430,420],[-660,660],[-610,590],[-620,600],[-770,760],[-750,740],[-670,660],[-230,220],[-660,640],[-410,410],[-920,910],[-1690,1670],[-440,430],[-650,640],[-440,420],[-430,430],[-650,640],[-490,480],[-380,370],[-650,640],[-610,580],[-240,230],[-250,240],[-440,390],[-380,340],[-560,460],[-490,400],[-250,190],[-240,200],[-480,370],[-1280,1010],[-1160,920],[-990,770],[-710,570],[-360,280],[-770,610],[-820,640],[-490,390],[-880,680],[-820,650],[-720,570],[-670,530],[-510,420],[-430,370],[-690,630],[-490,460],[-650,610],[-660,650],[-1300,1240],[-740,710],[-390,380],[-1070,1010],[-390,390],[-960,920],[-430,410],[-890,850],[-440,420],[-670,640],[-1100,1060],[-360,340],[-620,590],[-850,810],[-410,400],[-410,410],[-630,650],[-620,670],[-580,610],[-930,1000],[-560,570],[-220,220],[-640,590],[-130,110],[-410,320],[-240,180],[-510,340],[-440,270],[-690,380],[-600,310],[-510,270],[-1070,550],[-530,280],[-670,370],[-540,330],[-810,540],[-480,360],[-500,400],[-480,400],[-440,400],[-350,340],[-340,330],[-590,590],[-410,410],[-1090,1070],[-650,630],[-1090,1090],[-490,470],[-550,540],[-920,910],[-750,740],[-760,750],[-840,840],[-330,320],[-570,580],[-390,400],[-310,350]],[[-85047510,33570310],[-240,-180],[-140,-100],[-190,-130],[-280,-220],[-460,-330],[-260,-190]],[[-85155740,33685710],[-660,10],[-430,0],[-600,10],[-710,20],[-660,30],[-490,30],[-410,30],[-620,50],[-520,50],[-440,40],[-500,60],[-710,90],[-490,70],[-460,70],[-1770,300],[-780,130],[-1720,300],[-410,70],[-760,130],[-650,110],[-680,110],[-950,170],[-890,150],[-330,50],[-1150,180],[-470,70],[-980,130],[-640,80],[-440,50],[-230,30],[-90,0],[-220,30],[-340,40],[-790,80],[-1070,100],[-360,30],[-1880,140],[-650,50],[-650,40],[-630,50],[-320,20]],[[-84590640,33856020],[440,220],[540,260]],[[-84501070,33843500],[370,240]],[[-84586760,33998770],[830,480],[250,140],[320,180],[370,210],[330,190],[150,90],[430,250],[700,400],[180,100],[230,140],[210,120],[30,20],[160,90],[200,120],[230,130],[380,210],[90,50],[310,180],[280,160],[430,240],[380,220],[220,140],[70,40],[570,330],[670,380],[310,180],[340,200],[790,440],[150,90],[540,310],[430,250],[320,180],[250,150],[490,280],[320,190],[390,220],[560,320],[500,290],[180,100],[660,380],[70,40],[220,130],[200,110],[420,240],[730,430],[630,350],[830,480]],[[-83820310,33612090],[-670,50],[-870,110],[-600,80],[-630,100],[-780,130],[-670,130],[-330,60],[-200,40],[-380,70],[-490,110],[-630,150],[-600,150],[-600,160],[-900,260],[-670,200],[-310,90],[-700,240]],[[-83744080,33612140],[400,-10],[830,-30],[1310,-40],[810,-30],[2510,-80],[690,-30],[600,-20],[730,-20],[1240,-40],[2030,-70],[890,-30],[740,-20],[840,-30],[1270,-40],[770,-30],[1210,-40],[1270,-40],[1570,-50],[1150,-40],[1520,-50],[960,-30],[600,-20],[860,-30],[1150,-40],[1870,-60],[1960,-70],[1020,-30],[880,-30],[840,-30],[820,-50],[660,-50],[580,-50],[750,-80],[660,-70],[300,-40],[310,-50],[480,-80],[430,-60],[660,-110],[500,-80],[1000,-170],[420,-70]],[[-84461440,33891200],[-120,180],[-140,200],[-90,130],[-280,410],[-210,300],[-230,340],[-190,240],[-180,240],[-110,140],[-140,170],[-210,250],[-130,150],[-140,150],[-100,100],[-120,130],[-110,110]],[[-84450370,33896750],[90,70],[100,80],[140,110],[120,100],[130,110],[200,180],[290,270],[260,230],[230,200],[230,190],[340,300],[490,420],[120,100],[100,80],[140,120],[140,100],[150,110],[170,120],[140,100],[210,130],[180,110],[220,120],[320,160],[260,130],[350,160],[280,110],[500,200],[620,240],[350,140],[220,80],[130,50],[200,80],[470,180],[350,130],[340,130],[300,120],[310,120],[140,50],[340,130],[720,280],[1370,530],[650,250],[570,220],[300,110],[450,170],[400,160],[360,140],[270,100],[280,110]],[[-83874350,33607430],[250,60],[290,70],[140,30],[520,120],[870,200],[470,110],[430,100],[340,80],[270,70],[310,90],[250,80],[220,80],[300,130],[270,140],[430,230],[670,380],[580,340],[360,210],[580,340],[690,390],[1330,780],[1410,820],[460,270],[830,490],[1110,640],[580,320],[430,210],[430,180],[360,140],[420,140],[470,130],[320,80],[330,70],[610,100],[580,70],[390,30],[660,20],[1230,10],[930,-10],[480,10],[500,0]],[[-84560160,34007840],[-130,-470],[-130,-480],[-500,-1950],[-810,-3080],[-30,-120],[-80,-300],[-80,-290],[-40,-160],[-50,-190]],[[-84486850,33828110],[100,200],[70,150],[40,100],[30,70],[30,70],[70,180],[50,170],[100,380],[50,190],[60,220],[80,400],[40,270],[30,220],[10,220],[10,180],[0,440],[-10,230],[-10,160],[-40,380],[-110,780],[-130,1030],[-60,440],[-120,910],[-60,460],[-50,320],[-30,240],[-30,270],[-40,320],[-90,650],[-30,210],[-30,210],[-50,360],[-40,290],[-20,200],[-10,150],[-20,170],[-20,140]],[[-84553550,33992090],[380,-220],[480,-260],[830,-430],[650,-300],[880,-450],[980,-500],[330,-170],[190,-100],[430,-220]],[[-84581690,33401340],[530,140],[460,130],[90,30],[250,70],[590,180],[220,60],[550,170],[1060,320],[30,10],[570,180],[580,180],[980,300],[710,240],[690,270],[660,310],[640,330],[610,360],[580,410],[370,290],[140,110],[430,360],[680,600],[440,360],[220,200],[190,170],[160,140],[430,380]],[[-84661660,33952580],[-1700,-720],[-280,-120],[-350,-150],[-1050,-450],[-1880,-810],[-580,-250],[-1730,-740],[-910,-390],[-2170,-940],[-530,-240],[-690,-290],[-420,-180],[-390,-170],[-630,-260],[-30,-10],[-500,-210],[-620,-220],[-140,-50],[-70,-20],[-290,-90],[-330,-110],[-220,-60],[-220,-60],[-200,-60],[-510,-130],[-670,-150],[-620,-110],[-160,-30],[-770,-120],[-800,-100],[-1060,-90],[-790,-60],[-200,-20],[-660,-30],[-590,-30],[-90,0],[-520,-30],[-570,-30],[-600,-50],[-40,0],[-480,-50],[-430,-40],[-250,-30],[-310,-30],[-90,-10],[-930,-100],[-270,-30],[-760,-80],[-760,-100],[-560,-70],[-360,-50],[-700,-110],[-460,-90],[-220,-40],[-430,-110],[-660,-160],[-390,-110],[-200,-60],[-500,-150],[-430,-160],[-700,-270],[-1350,-510],[-1280,-480],[-310,-120],[-360,-140],[-560,-210],[-440,-170],[-870,-330],[-200,-80],[-450,-170],[-200,-80],[-80,-30],[-70,-20],[-150,-50],[-180,-60],[-500,-160]],[[-84568740,33407720],[340,280],[300,260],[180,150],[800,680],[490,430],[470,400],[520,440],[240,230],[530,470],[950,800],[80,70],[540,480],[460,400],[230,200],[320,280],[400,350],[430,360],[590,510],[230,220],[270,290],[350,440],[140,200],[90,120],[30,70],[70,130],[90,190],[50,120]],[[-84526500,33804580],[490,-170],[130,-40],[160,-40],[220,-50],[380,-80],[260,-50],[220,-30],[230,-20],[880,-120],[340,-40],[340,-70],[500,-120],[350,-120],[630,-260],[450,-220],[610,-370],[330,-190],[380,-220],[370,-230],[260,-150],[340,-200],[140,-80],[320,-190],[470,-250],[230,-90],[100,-40],[340,-100],[280,-90],[90,-30],[120,-30],[140,-40],[230,-70],[110,-30],[150,-60],[150,-60],[180,-80],[50,-20],[70,-30],[150,-70],[100,-40],[210,-90],[70,-30],[200,-90],[300,-150],[230,-100],[260,-120]],[[-84455110,33447720],[1070,10],[620,-10],[440,-10],[420,0],[460,-20],[800,-20],[260,-20],[300,-20],[440,10],[300,50],[800,180],[690,320],[450,300],[400,270],[430,260],[170,110],[270,160],[550,260],[290,120],[330,90],[360,70],[960,140],[320,40],[560,80],[790,130],[1800,260],[500,70],[1010,130],[320,40],[570,80],[610,40],[640,20],[330,0],[510,10],[290,0],[810,10],[240,20],[290,20],[180,20],[240,50],[220,40],[430,120],[380,120],[240,80],[590,240],[710,300],[460,200],[490,200],[330,130],[340,130],[240,90],[210,80],[490,160],[360,110],[220,60],[800,230],[600,180],[700,200],[500,160],[140,60],[420,160],[340,130],[390,190],[190,90],[90,50],[100,60],[450,260],[120,80],[300,190],[20,10],[120,80],[230,160],[270,190],[120,90],[230,180],[100,80],[120,110],[90,90],[220,260],[90,110],[70,110]],[[-84749190,33925540],[220,90],[580,250],[440,170],[400,160]],[[-84489180,33969390],[-320,-420],[-120,-170],[-310,-410],[-210,-280],[-150,-200],[-90,-120],[-430,-560],[-310,-400],[-120,-160],[-190,-250],[-330,-440],[-60,-70],[-180,-230],[-300,-400],[-140,-200],[-100,-130],[-280,-390],[-370,-430],[-310,-320],[-70,-80],[-40,-40],[-20,-20],[-370,-350],[-130,-120],[-250,-220],[-280,-220],[-100,-90],[-130,-120],[-270,-270],[-80,-70],[-350,-310],[-30,-30],[-340,-290],[-230,-210],[-210,-170]],[[-84427280,33983650],[-140,-110],[-250,-190],[-170,-130],[-100,-70],[-480,-310],[-350,-220],[-350,-210],[-810,-460],[-340,-210],[-1180,-700],[-700,-410],[-270,-160],[-410,-250],[-830,-490],[-770,-450],[-660,-380],[-270,-150],[-40,-20],[-220,-110],[-410,-160],[-190,-60],[-340,-100],[-640,-150]],[[-84554950,33773210],[220,-30],[220,-30],[630,-90],[650,-100],[690,-110],[370,-60],[260,-40]],[[-84771790,33915920],[600,360],[150,90],[310,180],[470,260],[320,150]],[[-84723400,33934910],[-430,-120],[-480,-140]],[[-84569010,34009220],[-470,-280],[-760,-460],[-80,-50],[-620,-350],[-130,-70],[-650,-390],[-660,-390],[-190,-110],[-710,-400],[-410,-240],[-820,-470],[-400,-230],[-450,-260],[-350,-200],[-280,-160],[-490,-280],[-170,-100],[-310,-170],[-310,-180],[-150,-90],[-300,-160],[-190,-110],[-550,-320],[-70,-40],[-140,-80],[-510,-300],[-140,-90],[-40,-20],[-110,-60],[-50,-30],[-430,-250],[-110,-60],[-450,-260],[-430,-250],[-190,-110],[-80,-40],[-250,-140],[-330,-190],[-90,-50],[-310,-170],[-270,-160],[-410,-230],[-560,-320],[-170,-100],[-310,-180],[-260,-140],[-130,-70],[-390,-220],[-440,-250],[-400,-240],[-230,-140],[-220,-120],[-290,-180],[-610,-350]],[[-84575460,34027880],[130,-260],[200,-370],[200,-330],[150,-230],[190,-270],[250,-350],[350,-470],[80,-110],[250,-340],[430,-580],[340,-460],[290,-410],[260,-400],[170,-290],[130,-240],[130,-260],[140,-300],[140,-320],[110,-280],[80,-240],[100,-330],[100,-350],[90,-350],[150,-630],[180,-750],[280,-1170],[200,-810],[240,-990],[140,-620]],[[-84856700,33915300],[1440,30],[350,10],[610,20],[840,20],[630,10],[1510,50],[970,30],[900,20],[750,20],[260,0],[150,0],[260,0],[230,-10],[150,-10],[110,-10],[110,-10],[180,-20],[130,-20],[60,-10],[220,-40],[190,-40],[120,-30],[120,-30]],[[-84778870,33902850],[0,1300],[0,80],[0,350],[-10,670],[0,400],[-10,1200],[0,260],[0,310],[0,170],[0,150],[-10,150],[0,290],[20,170],[10,100],[40,230],[50,180],[120,300],[100,240],[110,160],[50,80],[60,90],[230,280],[230,230],[450,420],[340,320],[160,150],[160,160],[450,430],[240,230],[310,310],[370,350],[290,280],[280,270],[290,280],[230,230],[380,380],[140,130],[100,90],[380,380],[180,180],[410,370],[320,270],[440,330],[170,120]],[[-84779010,33902860],[-20,-60],[-10,-20],[-20,-30],[-20,-20],[-20,-20],[-20,-20],[-30,-20],[-30,-20],[-90,-40]],[[-84460360,33889480],[150,-180],[170,-250],[210,-290],[100,-140],[330,-450],[290,-450],[300,-490],[230,-420],[50,-90],[70,-110],[50,-70],[50,-60],[80,-90],[120,-120],[60,-50],[40,-40],[50,-60],[30,-40],[120,-180]],[[-84527460,33444280],[360,140],[810,310]],[[-84526440,33444930],[-820,-340],[-300,-120],[-110,-50],[-310,-110],[-160,-70],[-320,-120],[-270,-100],[-230,-90],[-1190,-460],[-170,-70],[-280,-90],[-80,-30],[-350,-100],[-350,-80],[-350,-70],[-400,-60],[-280,-40],[-350,-50],[-360,-50],[-280,-40],[-1240,-160],[-210,-30],[-960,-130],[-630,-90],[-710,-100],[-230,-40],[-70,-20],[-50,-10],[-170,-50],[-200,-50],[-400,-130],[-720,-240],[-380,-130],[-480,-150],[-820,-270],[-720,-240],[-1430,-480],[-1030,-370],[-300,-110],[-260,-90],[-40,-10],[-30,-10],[-870,-320],[-560,-240],[-310,-140],[-470,-240],[-260,-140],[-220,-120],[-780,-430],[-760,-440],[-200,-110],[-560,-330],[-830,-450],[-540,-330],[-210,-150],[-200,-140],[-240,-180],[-590,-460],[-150,-120],[-30,-30],[-280,-230],[-240,-250],[-190,-190],[-200,-190],[-100,-130],[-80,-100],[-290,-350],[-290,-390],[-190,-260],[-150,-220],[-110,-170],[-20,-40],[-140,-230],[-150,-280],[-140,-290],[-150,-290],[-60,-150],[-90,-190],[-160,-310],[-30,-70],[-290,-580],[-370,-770],[-270,-550],[-140,-280],[-30,-60],[-140,-290],[-80,-160],[-50,-110],[-240,-510],[-440,-900],[-280,-570],[-180,-380],[-130,-280],[-20,-40],[-10,-20],[-60,-140],[-90,-210],[-110,-300],[-70,-210],[-60,-170],[-60,-240],[-10,-60],[-80,-480],[-40,-370],[-40,-320],[-30,-180],[-80,-610],[-120,-1060],[-130,-1150],[-10,-100],[-60,-500],[-20,-140],[-80,-580],[-60,-480],[-100,-750],[-40,-210],[-40,-270],[-10,-40],[-60,-180],[-70,-220],[-160,-400]],[[-84552070,33952280],[-370,-10],[-320,0],[-110,0],[-180,-10],[-60,0],[-160,0],[-70,0],[-160,0],[-120,0],[-550,0],[-40,0],[-360,0],[-650,0],[-290,0],[-250,0],[-60,0],[-80,0],[-260,-10],[-310,-70],[-190,-60],[-260,-100],[-600,-230],[-190,-60],[-150,-30],[-170,-10],[-430,0],[-700,30],[-870,30],[-420,20],[-90,0],[-610,10],[-590,20],[-1140,30],[-360,10],[-520,-10],[-440,10],[-460,10],[-1150,0],[-750,0],[-610,0],[-310,0],[-1610,0],[-140,0],[-510,10],[-490,10],[-430,10],[-70,0],[-210,0],[-130,0],[-150,10],[-250,10],[-130,0],[-100,0],[-280,0],[-220,0],[-170,0],[-180,0],[-40,0],[-390,10],[-270,10],[-130,0],[-250,0],[-190,0],[-120,0],[-270,0],[-270,10],[-60,0],[-450,30],[-140,10],[-180,10],[-120,10],[-160,10],[-260,10],[-110,10],[-600,50],[-60,0],[-370,30],[-270,20],[-30,0],[-150,10],[-240,10],[-140,0],[-200,10]],[[-84634630,33812830],[480,160],[450,140],[470,140],[400,70],[320,30],[50,0],[450,40],[280,20],[290,10],[330,20],[510,60],[320,40],[490,50],[170,20],[310,40],[230,30],[390,70],[510,120],[510,110],[620,170],[710,190],[300,80],[370,100],[290,70],[580,140],[170,40],[460,120],[580,150],[140,40],[970,270],[230,70],[360,80],[580,160],[460,140],[320,100],[670,200]],[[-84576220,33818450],[590,-40],[210,-10],[290,-20],[160,-10],[130,-10],[230,-20],[170,-10],[170,-10],[250,-20],[410,-40],[260,-20],[190,-20],[260,-20],[320,-40],[350,-60],[80,-10],[430,-100],[310,-90],[330,-100],[480,-160],[290,-90],[120,-40],[220,-70],[160,-50],[440,-150],[200,-70],[190,-60],[230,-70],[110,-30],[240,-80],[430,-150],[400,-130],[600,-190],[150,-50],[310,-100],[70,-20],[650,-210],[310,-100],[260,-80],[300,-100],[190,-60],[150,-50],[430,-130],[220,-70],[50,-20],[160,-50],[160,-50],[90,-30],[90,-30],[130,-50],[120,-40],[310,-120],[60,-30],[80,-40],[340,-180],[80,-50],[110,-80],[210,-150],[280,-210],[920,-720],[540,-420],[160,-130],[40,-30],[200,-160],[260,-160],[100,-60],[110,-60],[270,-130],[90,-40],[200,-80],[90,-30]],[[-84945970,33721940],[1020,100],[960,40],[1150,20],[1340,30],[1250,20],[810,10],[40,0],[180,10],[1000,20],[1140,10],[1000,20],[780,30],[990,10],[520,10],[970,10],[180,0],[290,0]],[[-85020020,33717270],[1610,180],[900,100],[1030,110],[640,60],[370,30],[530,40],[670,40],[460,20],[870,20],[650,10],[610,0],[600,-10],[450,-10],[530,-20],[280,-10],[1180,-70],[940,-70],[2060,-150],[1180,-80],[2400,-180],[1690,-120],[1700,-120],[990,-70],[480,-30],[1390,-100],[340,-30],[1480,-110],[1980,-140],[440,-30],[480,-30],[790,-40],[750,-30],[530,-10],[800,0],[420,0],[470,10],[670,20],[800,40],[920,60],[660,50],[1550,110],[2960,220],[2240,170],[1540,110],[2350,170],[2700,200],[1430,110],[1460,110],[1010,70],[1300,90],[1310,100],[920,70],[390,30],[480,40],[700,70],[360,40],[370,50],[520,70],[690,100],[490,80],[540,90],[600,110],[600,120],[620,130],[480,110],[630,150],[470,120],[450,120],[710,200],[540,160],[1290,400],[2010,630],[550,170],[380,110],[360,100],[390,100],[300,70],[270,60],[440,90],[560,100],[480,80],[630,80],[240,30]],[[-85048290,33569390],[1040,780],[800,580],[450,330],[240,180],[590,410],[510,390],[220,160],[420,310],[310,230],[140,110],[270,220],[260,230],[110,130],[120,120],[80,90],[140,170],[180,240],[200,300],[250,470],[140,330],[160,510],[70,350],[60,530],[10,450],[0,460],[30,2820],[10,1400],[10,630],[0,580],[10,360],[10,1080],[20,1710],[20,1000],[20,1840],[10,1610],[0,90],[20,1220],[10,470]],[[-85199200,33562250],[400,-150],[1910,-710],[1640,-610],[960,-360],[170,-60],[310,-120],[200,-80],[1030,-380],[820,-310],[560,-150],[550,-100],[550,-70],[540,-30],[1000,-10],[1440,-20],[5320,-20],[230,0],[2100,-10],[1330,-10],[1530,-10],[1420,10],[1180,10],[570,10],[930,40],[100,0],[140,10],[600,60],[3700,380],[2270,230],[520,50],[550,60],[4660,470],[1910,190],[1190,120],[1100,110],[490,50],[250,20],[440,50],[210,20],[370,40],[230,20],[110,10],[130,10],[630,60],[90,10],[630,60],[740,50],[400,30],[80,0],[520,20],[1490,20],[440,10],[720,10],[710,20],[90,0],[710,0],[110,0],[1960,30],[930,0],[900,-50],[910,-90],[1130,-160],[600,-110],[30,-10],[520,-120],[1850,-420],[600,-140],[530,-120],[1920,-450],[870,-200],[170,-30],[450,-90],[440,-60],[420,-30],[640,0],[660,50],[1600,160],[90,10],[1450,150],[1360,140],[600,60],[300,30],[210,20],[120,10],[1340,140],[1320,140],[800,180],[550,120],[610,170],[560,150],[360,100],[310,80],[410,100],[400,90],[210,40],[410,60],[340,40],[400,40],[380,30],[150,10],[150,10],[500,50],[410,40],[260,10],[80,0],[210,0],[110,-30],[190,0],[50,0],[300,-10],[450,0],[240,0],[490,60],[220,40],[310,80],[230,70]],[[-84549660,33947370],[270,70],[370,90],[70,20],[430,90]],[[-85145950,33685630],[-690,0],[-440,10],[-370,0],[-1730,20],[-1900,20],[-300,0],[-680,0],[-660,10],[-3020,20]],[[-85110710,33561880],[-190,300],[-130,230],[-350,-150]],[[-85033220,33716120],[-470,-80],[-660,-130],[-280,-60],[-560,-140],[-520,-140],[-360,-110],[-250,-80],[-340,-110],[-350,-120],[-490,-180],[-520,-210],[-630,-270],[-360,-170],[-270,-130],[-210,-110],[-400,-200],[-250,-130],[-330,-180],[-180,-90],[-460,-240],[-840,-440],[-710,-370],[-360,-190],[-530,-270],[-410,-220],[-440,-230],[-460,-240],[-630,-330],[-400,-210],[-690,-360],[-650,-340],[-550,-290],[-530,-270],[-910,-480],[-740,-390],[-430,-220],[-430,-220],[-300,-160],[-410,-210],[-490,-260],[-420,-220],[-420,-230],[-380,-210],[-420,-230],[-360,-200],[-370,-210],[-520,-300],[-780,-460],[-410,-250],[-540,-330],[-470,-290],[-350,-220],[-500,-310],[-430,-270],[-500,-310],[-510,-320],[-530,-330],[-550,-320],[-550,-310],[-540,-290],[-580,-280],[-530,-250],[-290,-120],[-660,-280],[-300,-120],[-360,-140],[-490,-180],[-600,-210],[-470,-150],[-260,-80],[-490,-140],[-620,-170],[-410,-100],[-430,-100],[-520,-110],[-370,-80],[-450,-90],[-1420,-300],[-1140,-240],[-2680,-560],[-1770,-370],[-530,-110],[-2100,-440],[-4340,-910],[-1690,-350],[-1130,-240],[-870,-190],[-310,-70],[-380,-90],[-320,-80],[-640,-160],[-560,-150],[-780,-230],[-550,-170],[-530,-170],[-630,-210],[-630,-220],[-560,-210],[-380,-150],[-510,-200],[-680,-270],[-620,-250],[-1420,-570],[-660,-260],[-520,-200],[-290,-110],[-530,-190],[-710,-240],[-570,-190],[-510,-160],[-410,-120],[-320,-90],[-590,-160],[-380,-100],[-520,-130],[-340,-80],[-3760,-860],[-1670,-380],[-2370,-540],[-1270,-290],[-2040,-460],[-920,-210],[-820,-190],[-1060,-240],[-910,-210],[-940,-210],[-640,-150],[-910,-200],[-620,-130],[-660,-120],[-640,-110],[-570,-90],[-420,-60],[-440,-60],[-470,-60],[-630,-70],[-690,-70],[-490,-40],[-870,-60],[-810,-40],[-630,-20],[-670,-10],[-810,-10],[-1410,20],[-870,0],[-1280,10],[-1740,20],[-850,10],[-1120,10],[-860,0],[-930,10],[-1600,10],[-930,10],[-350,0],[-680,10],[-590,0],[-620,10],[-690,0],[-510,10],[-710,10],[-90,0],[-210,0],[-260,-10]],[[-85039870,33594710],[-280,-230],[-480,-260],[-580,-260],[-150,-50],[-80,-60],[-100,-60],[-90,-130],[-10,-400]],[[-85068490,33557860],[-3300,-70],[-1200,-30],[-290,0],[-1000,-20],[-3750,-120]],[[-84518090,33840410],[-300,200],[-910,580],[-460,290],[-410,260],[-470,260],[-160,80],[-190,80],[-150,70],[-480,170],[-460,120],[-390,80],[-280,50],[-50,10],[-320,50],[-370,30],[-650,30],[-610,20],[-420,20],[-150,10],[-630,30],[-810,30],[-590,30],[-250,20],[-360,50],[-420,90],[-380,120],[-490,200],[-380,190],[-350,230],[-280,210]],[[-84546660,33988800],[-250,160],[-440,220],[-630,350],[-260,140],[-290,150],[-1130,550],[-490,250],[-470,230],[-440,220],[-780,390],[-500,250],[-520,270],[-560,310],[-520,310],[-510,320],[-470,300],[-490,310],[-510,320],[-550,340]],[[-84605360,33945320],[-120,10],[-110,10],[-180,30],[-250,20],[-690,70],[-740,60],[-170,10],[-450,30],[-320,20],[-500,30]],[[-84469820,33884440],[430,330]],[[-85146630,33685340],[300,0],[630,-10],[330,0],[360,0],[550,-10],[590,0],[700,-10],[400,-10],[570,0],[780,0],[970,-10],[1140,-10],[440,-10],[700,-10],[270,0],[570,-10],[400,0],[3590,-30],[1400,-10],[320,0],[1670,-20],[880,0],[910,20],[530,10],[650,30],[390,20],[300,20],[380,30],[400,30],[460,40],[850,90],[1150,160],[500,70],[530,80],[580,100],[290,50],[600,120],[550,110],[460,100],[560,130],[590,130],[430,100],[460,110],[660,150],[920,210],[890,200],[340,80],[570,130],[310,70],[350,80],[610,140],[660,150],[530,120],[970,220],[1220,280],[940,210],[910,210],[920,210],[1010,230],[1150,260],[920,210],[660,150],[580,130],[920,220],[300,70],[310,80],[360,90],[840,220],[840,230],[370,100],[830,240],[360,110],[690,210],[740,220],[510,150],[440,130],[750,230],[670,190],[620,190],[580,170],[290,90],[390,110],[460,130],[360,100],[360,100],[520,140],[630,160],[820,200],[290,70],[280,70],[420,100],[760,170],[910,200],[1070,240],[1080,240],[670,150],[1100,240],[6650,1470],[530,120],[1200,260],[420,90],[1420,320],[2160,480],[440,100],[600,130],[530,120],[360,90],[510,130],[400,110],[490,140],[430,130],[390,130],[320,110],[360,130],[370,140],[340,130],[420,170],[250,100],[260,110],[260,120],[240,110],[280,130],[410,200],[380,190],[490,260],[490,270],[310,180],[250,150],[330,200],[580,370],[270,180],[500,350],[480,360],[190,140],[260,200],[320,250],[550,430],[520,400],[240,180],[470,350],[500,350],[480,310],[750,460],[640,370],[370,200],[380,200],[450,230],[380,200],[320,170],[480,250],[550,290],[550,290],[540,280],[680,350],[360,190],[1110,580],[220,120],[190,100],[1490,770],[490,260],[590,310],[550,290],[310,160],[720,380],[340,170],[280,150],[460,240],[490,250],[1120,590],[270,140],[250,120],[300,140],[240,110],[210,90],[370,160],[650,250],[550,190],[610,190],[500,150],[570,150],[410,100],[290,60],[360,70],[250,50],[200,30]],[[-85041350,33592280],[10,160],[0,490],[0,220],[0,310],[40,80],[30,60],[40,70],[60,70],[80,70],[120,80],[150,100]],[[-84945660,33722280],[-140,-10],[-240,-20],[-360,-40],[-240,-30],[-290,-40],[-580,-100],[-440,-80],[-340,-70],[-360,-80],[-410,-100],[-430,-110],[-450,-130],[-640,-190],[-730,-230],[-840,-260],[-810,-260],[-860,-270],[-520,-160],[-660,-190],[-610,-160],[-400,-100],[-410,-100],[-520,-120],[-290,-70],[-520,-110],[-400,-80],[-440,-90],[-370,-70],[-430,-70],[-680,-110],[-320,-50],[-500,-70],[-470,-60],[-440,-50],[-500,-50],[-860,-80],[-330,-30],[-390,-30],[-330,-20],[-580,-40],[-1220,-90],[-1300,-100],[-820,-60],[-1330,-100],[-2660,-190],[-2000,-150],[-930,-70],[-670,-50],[-1000,-70],[-3510,-260],[-1580,-120],[-1890,-140],[-1800,-130],[-470,-30],[-440,-20],[-460,-20],[-350,-10],[-410,-10],[-420,0],[-700,0],[-650,10],[-420,10],[-300,10],[-650,30],[-360,20],[-830,60],[-850,60],[-2510,180],[-260,20],[-1330,90],[-680,50],[-420,30],[-6990,500],[-1740,130],[-810,60],[-910,60],[-880,60],[-870,50],[-360,10],[-460,10],[-590,10],[-690,0],[-550,-10],[-510,-10],[-570,-20],[-410,-20],[-400,-20],[-590,-40],[-620,-50],[-620,-60],[-760,-80],[-1610,-170],[-1520,-170],[-280,-30]],[[-84577770,33856570],[-640,10],[-450,0],[-670,10],[-150,0],[-130,0],[-960,0],[-290,10],[-420,20],[-240,20],[-730,60],[-220,20],[-730,90],[-120,20],[-920,160],[-450,90],[-400,80],[-380,70],[-290,50],[-420,80],[-340,30],[-180,10],[-270,10],[-350,-30],[-270,-30],[-360,-70],[-80,-20],[-190,-60],[-160,-60],[-160,-60],[-220,-100],[-170,-80],[-130,-60],[-370,-170],[-100,-50],[-600,-300]],[[-84413610,33973750],[120,-220],[50,-120],[50,-180],[50,-190],[10,-140],[0,-80],[0,-190],[-20,-200],[-50,-440],[-10,-180],[-50,-480],[-40,-400],[-30,-260],[-30,-370],[-20,-240],[-10,-70],[-10,-60],[-50,-450],[0,-50],[-10,-80],[-10,-170],[-10,-90],[-10,-100],[-20,-200],[-10,-230],[10,-230],[40,-140],[60,-200],[110,-200],[130,-180],[170,-180],[200,-190],[270,-200],[190,-130],[200,-150],[170,-160],[110,-120]],[[-84413450,33973820],[-210,270],[-300,310],[-180,200],[-50,50],[-250,260],[-40,50],[-340,430],[-120,160],[-190,270],[-150,230],[-300,440],[-300,430],[-210,250],[-240,270],[-90,90],[-80,80],[-140,120],[-60,50],[-150,110],[-70,50],[-360,220],[-290,130],[-370,130],[-430,130],[-280,80],[-270,70],[-500,140],[-230,60],[-670,190],[-440,140],[-160,50],[-230,70],[-200,80],[-220,80],[-300,110],[-350,140],[-90,30],[-270,100],[-140,60],[-150,60],[-180,60],[-100,40],[-70,30],[-240,90],[-80,30],[-230,90],[-110,40],[-80,30],[-230,90],[-150,60],[-240,100],[-240,90],[-70,30],[-480,180],[-190,90],[-140,60],[-60,30],[-100,50],[-70,50],[-170,110],[-60,50],[-80,70],[-150,140],[-90,110],[-30,40],[-60,100],[-80,130],[-60,130],[-30,60],[-50,210],[-50,170],[-50,240],[-50,250],[-100,520]],[[-84487080,33839490],[-20,130],[-20,110],[-20,110],[-20,170],[-10,100],[-20,140],[-20,130],[-50,360],[-140,1130],[-30,270],[-10,180],[-10,180],[-10,160],[0,140],[-10,180],[0,230],[30,340],[20,210],[40,340],[50,330],[40,220],[70,300],[60,230],[70,250],[60,190],[30,90],[60,170],[70,180],[50,130],[50,130],[70,140],[150,340]],[[-85020750,33717510],[-560,-60],[-2960,-320],[-2940,-320],[-2400,-260],[-550,-60],[-650,-70],[-1290,-140],[-470,-60],[-650,-100]],[[-85041640,33593260],[0,-790],[0,-750],[0,-200],[-30,-1400],[-30,-2800],[-20,-1390],[0,-120],[-10,-470],[0,-860],[0,-130],[-10,-420],[-10,-870],[0,-160],[-10,-1020],[0,-190],[-20,-1780],[-30,-2070],[-10,-790],[0,-90],[0,-480],[-40,-350],[-70,-340],[-100,-340],[-30,-70],[-90,-260],[-150,-310],[-260,-450],[-200,-280],[-90,-130],[-120,-150],[-110,-130],[-240,-260],[-260,-220],[-140,-120],[-420,-320],[-710,-510],[-270,-190],[-820,-590],[-260,-190],[-1310,-960]],[[-84590330,33856320],[-290,-140]],[[-84912840,33724510],[-1410,-330],[-1010,-230],[-330,-80],[-340,-80],[-700,-160],[-740,-170],[-570,-130],[-450,-100],[-430,-90],[-840,-150],[-680,-90],[-330,-40],[-300,-30],[-430,-40],[-290,-20],[-270,-20],[-310,-10],[-770,-20],[-530,-10],[-780,-20],[-540,0],[-530,-10],[-1870,-40],[-1330,-20],[-1050,-20],[-820,-10],[-540,-10],[-510,-20],[-660,-10],[-390,-10]],[[-85112170,33561690],[340,120],[500,190],[170,10],[180,-10],[150,-60],[120,-60]],[[-84479620,33974170],[120,10]],[[-84472070,33882010],[200,240],[130,180],[90,130],[90,110],[120,150],[90,110],[130,150],[70,80],[160,170],[140,160],[120,120],[120,110],[160,160],[220,190],[130,110],[80,90],[110,90],[90,80]],[[-84575070,34028710],[-100,150],[-70,110],[-130,230],[-140,250],[-80,150],[-100,200],[-100,210],[-90,220],[-110,270],[-80,220],[-70,210],[-80,250],[-70,240],[-50,170],[-130,450],[-160,570],[-170,610],[-70,260],[-60,200],[-150,540],[-170,590],[-110,390],[-110,390],[-150,530],[-140,510],[-70,250],[-30,100],[-50,180]],[[-84912510,33724300],[660,150]],[[-84339650,33830500],[-1460,-640],[-470,-210],[-420,-190],[-320,-150],[-390,-210],[-290,-170],[-240,-150],[-370,-250],[-380,-290],[-290,-230],[-670,-530],[-360,-270],[-350,-250],[-380,-250],[-600,-350],[-1050,-540],[-660,-320],[-170,-80]],[[-84469390,33884770],[190,150],[200,140],[140,100],[290,190],[350,230],[310,200],[320,200],[580,360],[700,440],[510,320],[340,210],[460,290],[500,310],[890,580],[850,560],[600,410],[240,150],[450,270],[290,160],[280,150],[200,110],[450,220],[340,160],[390,180],[430,190],[570,250],[590,270],[470,220],[340,160],[80,40],[210,110],[190,100],[220,120],[270,150],[410,240],[430,260],[460,280],[290,190],[260,170],[310,210],[300,210],[330,240],[410,310],[370,290],[370,300],[320,270],[350,300],[190,160],[250,220],[530,460],[200,170]],[[-84141410,34187910],[470,160],[180,60],[60,20],[250,70],[470,140],[230,80],[190,70],[220,100],[170,80],[30,20],[370,290],[390,320],[120,110],[280,240],[40,40],[100,90],[110,110],[340,340],[130,130],[40,40],[70,60],[110,110],[130,120],[140,140],[180,180],[70,90],[230,280],[210,300],[30,50],[160,300],[50,90],[160,280],[50,110],[20,50],[60,120],[20,150],[10,140],[20,160],[-30,200],[-20,130],[-10,100],[-20,100],[-10,60],[-10,70],[-50,380],[-10,80],[-40,310],[-20,160],[-10,70],[-10,70],[-20,180],[-20,180],[-50,350],[-20,170],[0,20],[0,160],[10,50],[10,120],[30,150],[60,140],[70,180],[70,120],[30,60],[50,80],[30,60],[110,180],[70,120],[30,60],[70,120],[140,230],[150,260],[110,190],[50,90],[10,20],[30,60],[100,200],[80,190],[30,60],[60,160],[30,100],[20,70],[20,90],[30,110],[30,130],[0,20],[50,230],[30,240],[20,190],[10,90],[10,270],[-20,190],[-10,50],[-30,120],[-90,280],[-60,160],[-140,360],[-80,200],[-120,310],[-100,220],[-110,210],[-90,130],[-50,70],[-60,70],[-40,40],[-40,40],[-70,70],[-80,70],[-80,60],[-100,60],[-220,110],[-380,180],[-60,30],[-110,60],[-70,40],[-60,40],[-70,50],[-70,50],[-90,80],[-80,80],[-100,110],[-50,60],[-50,70],[-110,220],[-40,130],[-40,100],[-20,70],[-50,300],[-10,230],[-20,280],[-10,150],[-20,290]],[[-84489120,33969480],[-60,-90]],[[-84085930,34264230],[320,320],[790,810],[250,250],[900,940],[240,240],[860,870],[320,320],[300,310],[1170,1210],[290,300],[460,470],[330,340],[180,190],[320,360]],[[-84479500,33974330],[-130,-10]],[[-84249860,33878090],[10,-700],[0,-330],[0,-860],[10,-630],[-10,-610],[10,-1420],[-10,-470],[0,-470],[10,-410],[0,-130],[0,-240],[20,-840],[30,-590],[30,-440],[40,-420],[20,-190],[50,-460],[70,-490],[90,-600],[90,-540],[100,-490],[100,-470],[100,-450],[70,-300],[240,-1000],[160,-660],[210,-870],[60,-250],[70,-300],[150,-650],[70,-280],[100,-450],[250,-1060],[280,-1160],[220,-920],[280,-1150],[150,-660],[90,-500],[30,-150],[20,-160]],[[-84170630,34235750],[-60,70],[-150,190],[-30,30],[-150,150],[-110,110],[-200,210],[-310,250],[-60,50],[-460,340],[-390,240],[-480,290],[-680,420],[-750,460],[-240,140],[-500,290],[-390,220],[-370,220],[-100,50],[-400,210],[-380,150],[-290,120],[-70,30],[-220,70],[-250,70],[-290,60],[-370,70],[-540,70],[-310,20],[-360,-10],[-350,0],[-1750,-40],[-490,-10],[-1170,-50],[-530,-20],[-1660,-60],[-620,-20],[-1550,-60],[-1470,-60],[-360,-20],[-640,-30],[-90,-10],[-530,-40],[-650,-50],[-410,-50],[-970,-100],[-460,-60],[-310,-40],[-270,-50],[-150,-20],[-210,-40],[-490,-100]],[[-84548400,33989440],[550,-320],[520,-300],[340,-230],[920,-620],[170,-130],[420,-330],[480,-410],[480,-440],[240,-230],[720,-720],[760,-770],[470,-470],[200,-200],[680,-680],[1010,-1010],[900,-890],[380,-390],[920,-920],[670,-670],[1620,-1630],[480,-480],[640,-650],[680,-710],[320,-330],[430,-430],[220,-240]],[[-84168240,34068070],[-40,-110],[-40,-90]],[[-84226980,34238600],[-990,-30],[-450,-20],[-800,-30],[-1180,-40],[-2560,-130],[-1290,-40],[-990,-40],[-720,-30],[-620,-20],[-540,-20],[-500,-20],[-680,-30],[-640,-20],[-650,-30],[-1170,-40],[-750,-30],[-770,-20],[-230,-10],[-220,-10],[-840,-30],[-900,-30],[-470,-10],[-260,-10],[-510,-20],[-930,-40],[-220,-10],[-850,-30],[-350,-10],[-3780,-130],[-1490,-60],[-960,-40],[-820,-30],[-400,-20],[-180,-10],[-240,-10],[-80,0],[-170,-10],[-220,-10],[-160,-10],[-360,-30],[-70,0],[-140,-20],[-250,-30],[-40,-10],[-560,-110]],[[-84250090,33828660],[-440,-310],[-410,-240],[-320,-190]],[[-84244180,33901290],[-1220,-760],[-470,-290],[-440,-270],[-400,-250],[-440,-270],[-230,-140],[-270,-170],[-210,-140]],[[-84275880,33805140],[-200,-160],[-470,-420],[-480,-430],[-540,-470],[-310,-250],[-260,-210],[-220,-170],[-430,-370],[-180,-200],[-280,-290],[-340,-350],[-190,-230],[-220,-250],[-160,-190],[-90,-100],[-100,-110],[-110,-130],[-120,-140],[-280,-330]],[[-84235640,33773950],[250,-230],[390,-410],[190,-210],[180,-220],[180,-230],[170,-230],[160,-230],[150,-230],[160,-260],[120,-210],[120,-210],[200,-400],[110,-250],[140,-340],[90,-220],[150,-470],[50,-200]],[[-84097490,34129870],[-70,90]],[[-84137390,34206870],[-560,40],[-70,0],[-260,20],[-860,50],[-490,30],[-280,20],[-450,30],[-450,30],[-90,10],[-140,10],[-50,10],[-410,30],[-330,20],[-200,70],[-200,60],[-170,120],[-90,90],[-150,120],[-190,410],[-80,180],[-20,50],[-60,150],[-30,60],[-70,160],[-40,90],[-90,200],[-80,180],[-100,220],[-50,110],[-50,110],[-50,100],[-60,140],[-30,80],[-100,230],[-50,110],[-60,150],[-130,310],[-40,90],[-50,100],[-60,130],[-20,60],[-120,260],[-140,320],[-90,200],[-230,520],[-140,300],[-210,470],[-80,160],[-100,220],[-10,30],[-20,50],[-70,140],[-100,120],[-90,110],[-190,220],[-20,20],[-30,30],[-150,150],[-150,120],[-60,40],[-300,190],[-200,110],[-510,290],[-750,420],[-760,420],[-100,50],[-170,100],[-200,110],[-240,130],[-280,160],[-270,150],[-340,190],[-650,360],[-220,130],[-280,180],[-70,60],[-150,130],[-50,40],[-230,250],[-150,160],[-220,310],[-100,150],[-480,750],[-380,630],[-740,1230],[-30,50],[-160,270],[-120,200],[-80,130],[-180,290],[-90,130]],[[-84087180,34262950],[650,650],[170,190],[430,440]],[[-84228150,34112090],[860,400],[2820,1290],[530,250],[410,190],[130,60],[230,110],[140,70],[180,100],[160,90],[170,100],[210,130],[170,110],[130,90],[180,130],[310,240],[180,150],[190,160],[190,170],[200,200],[240,250],[180,200],[120,140],[260,330],[330,430],[220,290],[300,390],[250,330]],[[-84562190,34000110],[180,-370],[270,-520],[370,-640],[370,-610],[90,-140],[280,-390],[80,-110],[160,-200],[320,-360],[270,-300],[210,-220],[300,-280],[340,-310],[130,-110],[280,-220],[620,-450],[580,-400],[650,-400],[230,-140],[1050,-690],[950,-590],[590,-360],[320,-210]],[[-84273020,33810240],[-150,-100],[-50,-70],[-80,-150],[-60,-110],[-30,-80],[-40,-100],[-40,-100],[-30,-90],[-40,-100],[-40,-210],[-20,-160],[-10,-90],[-10,-110],[-20,-160]],[[-84208720,33856470],[-150,-140],[-80,-90],[-70,-90],[-120,-180],[-40,-50],[-60,-110],[-70,-180],[-30,-120],[-10,-40],[-50,-170],[-60,-220],[-90,-370],[-120,-480],[-170,-650],[-60,-280],[-40,-170],[-70,-300],[-20,-90],[-20,-70],[-90,-430]],[[-84166820,33703300],[740,-10],[400,0],[590,0],[560,-10],[220,0],[1200,-10],[1830,-20],[1820,-20],[1240,-10],[1880,-20],[1870,-20],[2310,-20],[1310,-10],[1290,-20],[1260,-10],[1070,0],[240,0],[580,0],[960,30],[490,30],[740,40],[1170,70],[1510,120],[480,40]],[[-84213190,33711030],[370,-70],[450,-90],[230,-50],[110,-30],[170,-40],[240,-60],[150,-40],[600,-170],[520,-150],[290,-90],[270,-100],[290,-110],[280,-110],[290,-110],[370,-150],[370,-150],[800,-360],[630,-280],[550,-250],[480,-210],[500,-220],[520,-230],[740,-330],[430,-200],[780,-350],[1050,-470],[520,-230],[1280,-570],[940,-410],[580,-250],[650,-290],[900,-400],[600,-280],[150,-70],[740,-340],[540,-230],[520,-200],[530,-180],[550,-160],[550,-150],[130,-30],[420,-80],[560,-100],[570,-80],[580,-50],[440,-30],[270,-10],[270,0],[550,0],[370,10],[640,40],[1040,60],[430,20],[510,30],[1390,80],[910,50],[580,30],[1000,50],[540,30],[650,40],[900,50],[850,50],[1920,110],[770,40],[520,30],[850,70]],[[-84252720,33825330],[-10,-320],[-10,-360],[0,-200],[0,-270],[10,-220],[20,-300],[30,-260],[20,-230],[30,-260],[80,-680],[40,-300],[80,-670]],[[-84229190,33827230],[200,100],[230,110],[180,90],[140,70],[120,60],[4200,2110],[1940,970],[730,360],[760,380],[510,260],[520,260],[800,400],[760,380],[510,250],[240,120],[280,140],[240,120],[260,120],[260,120],[250,110],[260,100],[280,100],[290,90],[230,70],[310,80],[240,60],[260,60],[370,70],[460,70],[360,40],[300,20],[280,10],[610,30],[400,10],[490,20],[900,20],[520,10],[580,20],[370,10],[900,20],[450,10],[620,20],[1310,40],[1060,10],[510,10]],[[-84252430,33716020],[890,-110],[370,-30],[370,-40],[1800,-220]],[[-84094370,34248390],[630,1630],[790,2100],[300,770],[300,760],[50,140],[80,220],[130,340],[200,510],[220,590],[250,640]],[[-84480920,33860710],[180,430],[80,210],[100,250],[110,270],[280,700],[240,580],[90,210],[80,160],[80,180],[70,190],[70,200],[160,410],[190,470],[160,380],[140,360],[190,460],[140,340],[120,280],[90,210],[120,280],[80,210],[80,220],[90,220],[80,190],[170,420],[270,670],[160,400],[80,200],[80,200],[160,410]],[[-84076300,34282120],[-100,-600],[-150,-950],[-320,-1970],[-70,-430],[-110,-690],[-130,-800],[-120,-730],[-50,-320],[-110,-490],[-60,-250],[-30,-150],[-100,-310],[-130,-380],[-40,-100],[-280,-640],[-40,-90],[-80,-150],[-70,-130],[-150,-270],[-50,-100],[-90,-140],[-330,-510],[-140,-200],[-340,-370]],[[-84599500,34056620],[320,-150],[650,-330],[610,-300],[530,-260],[870,-440],[490,-250],[390,-200],[710,-360],[380,-190],[200,-100],[250,-130],[340,-180],[140,-70],[400,-220],[180,-100],[480,-270],[260,-150],[230,-130],[240,-140],[240,-140],[180,-110],[210,-130],[270,-170],[430,-280],[250,-160],[170,-110],[210,-140],[280,-190],[350,-240],[300,-210],[290,-200],[330,-240],[300,-220],[290,-250]],[[-84257150,34092530],[910,780],[160,140],[170,150],[140,120],[180,150],[380,310],[1050,840],[490,390],[480,390],[800,640],[1280,1030],[1060,860],[840,670],[360,280],[990,770],[790,590],[350,260],[730,530],[390,280],[720,530],[550,400],[480,320],[500,360],[270,180],[470,340],[610,440],[380,280],[390,290],[480,350],[970,700],[620,450],[470,340],[250,170],[220,150],[310,200],[1020,630],[150,90],[360,180],[480,260],[690,380],[1010,520],[910,430],[1280,600],[1100,510],[1020,470],[510,230],[270,120],[960,460]],[[-84349510,33692170],[20,-1450],[0,-160],[0,-350],[20,-800],[20,-350],[40,-380],[50,-330],[10,-110],[100,-560]],[[-84325480,33736680],[210,-200],[50,-60],[230,-210],[170,-170],[200,-200],[380,-390],[350,-390],[320,-390],[150,-230],[140,-230],[110,-220],[100,-230],[80,-230],[70,-240],[60,-240],[40,-260],[30,-250],[0,-270],[-20,-250],[-50,-250],[-50,-270],[-50,-240],[-30,-120],[-70,-280],[-170,-650]],[[-84249780,33799510],[120,-980],[140,-770],[100,-520],[90,-400],[120,-500],[170,-660],[140,-490],[170,-580],[360,-1070],[240,-730],[310,-900],[290,-860],[310,-1060],[270,-1050],[80,-330],[200,-860],[180,-750],[150,-630],[90,-400],[270,-1120]],[[-84529110,34120650],[-330,-380],[-450,-510],[-220,-250],[-250,-290],[-440,-510],[-390,-450],[-270,-310],[-130,-150],[-160,-190],[-120,-140],[-210,-260],[-170,-210],[-140,-190],[-90,-130],[-130,-190],[-80,-120],[-70,-110],[-80,-130],[-60,-100],[-60,-100],[-50,-90],[-70,-130],[-70,-140],[-70,-140],[-70,-150],[-110,-240],[-90,-200],[-80,-190],[-30,-70],[-50,-130],[-50,-140],[-70,-210],[-80,-260],[-30,-110],[-30,-110],[-60,-250],[-30,-130],[-50,-230],[-20,-110],[-30,-180],[-10,-60],[-20,-120],[-20,-160],[-10,-100],[-20,-210],[-10,-130],[-10,-160],[-10,-230],[0,-80],[0,-90],[0,-160],[10,-250],[10,-170],[10,-120],[20,-240],[20,-190],[10,-90],[20,-140],[30,-190],[20,-110],[40,-210],[30,-140],[40,-160],[40,-150],[60,-210],[50,-170],[50,-160],[60,-170],[60,-160],[100,-260],[170,-400]],[[-84586880,33998910],[-500,-290],[-170,-110],[-250,-220]],[[-84218860,34118490],[150,200],[160,210],[150,200],[540,720],[170,220],[680,890],[1280,1690],[390,520],[840,1100],[220,280],[450,600],[1420,1860],[620,830],[580,760],[460,600],[210,270],[270,370],[440,570],[370,490],[1130,1490],[1900,2490],[450,610],[1060,1370],[360,440],[360,380],[340,340],[430,390],[390,320],[240,180],[280,200],[840,560],[1930,1260],[1320,860],[1000,650],[900,590],[2210,1440],[780,520],[660,460],[470,350],[530,440],[500,450],[690,670],[1200,1220],[330,340],[710,720],[310,310],[1420,1440],[240,250],[460,470],[550,560],[570,550],[570,510],[480,370],[370,260],[560,360],[510,300],[420,220],[420,200],[420,180],[460,180],[580,210],[630,190],[220,60],[390,100],[350,70]],[[-84312600,33839290],[40,-90],[50,-110],[40,-90],[40,-90],[60,-150],[40,-100],[150,-400],[30,-70],[20,-60],[30,-70],[50,-150],[160,-420],[70,-220],[20,-50],[100,-300],[10,-40],[60,-170],[60,-210],[20,-50],[30,-80],[60,-160],[40,-110],[90,-250],[70,-200],[60,-150],[120,-330],[60,-150],[50,-140],[100,-210],[130,-250],[160,-240],[210,-270],[40,-60],[40,-80],[50,-90],[40,-100],[30,-90],[30,-100],[20,-110],[10,-100],[40,-330],[40,-440],[40,-250],[50,-280],[50,-200],[20,-50],[40,-80],[90,-170],[300,-490],[110,-170],[240,-400],[250,-420],[120,-250],[10,-30],[80,-190],[10,-20],[60,-170],[110,-370],[100,-300],[160,-430],[120,-350],[200,-660],[230,-760],[140,-490],[150,-460],[260,-770],[660,-1580],[230,-550],[40,-90],[40,-90],[50,-90],[50,-80],[60,-80],[70,-80],[70,-80],[70,-70],[80,-70],[90,-60],[90,-60],[100,-60],[80,-40],[360,-160],[220,-90],[90,-40],[90,-50],[90,-60],[70,-60],[80,-60],[70,-60],[70,-70],[50,-80],[50,-100],[20,-40],[20,-50],[40,-130],[30,-150],[10,-100],[-10,-180]],[[-84397650,34323500],[-370,-340],[-450,-420],[-740,-660],[-280,-250],[-400,-360],[-570,-500],[-1560,-1390],[-2250,-1990],[-1940,-1720],[-590,-520],[-1580,-1390],[-570,-510],[-230,-200],[-630,-570],[-1380,-1220],[-890,-790],[-1930,-1710],[-1070,-950],[-690,-610],[-540,-480],[-550,-490],[-650,-580]],[[-84330600,33742180],[-480,480],[-120,120],[-160,150],[-250,220],[-180,150],[-150,120],[-150,110],[-280,200],[-310,200],[-160,100],[-150,90],[-290,160],[-200,100],[-320,160],[-440,190]],[[-83664640,33952670],[4910,1850],[2470,930],[240,90],[1090,410],[1090,410],[1020,390],[1550,580],[610,230],[1350,510],[610,230],[1010,380],[410,150]],[[-83807280,34097970],[-200,-40],[-1450,-230],[-1420,-210],[-370,-60],[-1540,-290],[-780,-170],[-330,-80],[-380,-90],[-1260,-320],[-490,-140],[-1570,-490],[-950,-300],[-190,-60],[-440,-120]],[[-84253980,33826660],[-230,-60],[-160,-50],[-80,-20],[-580,-160],[-300,-90],[-110,-30],[-500,-190],[-120,-40],[-220,-90],[-400,-170],[-200,-100],[-530,-230],[-170,-70],[-450,-200],[-150,-70],[-140,-60],[-280,-120],[-100,-50],[-240,-110],[-200,-90],[-330,-150],[-60,-30],[-280,-120],[-90,-40],[-200,-90],[-240,-100],[-190,-90],[-220,-90],[-440,-200],[-230,-110],[-50,-20],[-210,-120],[-30,-20],[-90,-50],[-30,-20],[-90,-50],[-150,-100],[-70,-40],[-70,-50],[-90,-70],[-140,-110],[-190,-160],[-240,-210]],[[-84257980,34237270],[560,110],[40,10],[250,30],[140,20],[70,0],[360,30],[160,10],[220,10],[170,10],[80,0],[240,10],[180,10],[400,20],[820,30],[960,40],[1490,60],[3780,130],[350,10],[850,30],[220,10],[930,40],[510,20],[260,10],[470,10],[900,30],[840,30],[220,10],[230,10],[770,20],[750,30],[1170,40],[650,30],[640,20],[680,30],[500,20],[540,20],[620,20],[720,30],[990,40],[1290,40],[2560,130],[1180,40],[800,30],[450,20],[990,30]],[[-84194670,34239410],[490,100],[210,40],[150,20],[270,50],[310,40],[460,60],[970,100],[410,50],[650,50],[530,40],[90,10],[640,30],[360,20],[1470,60],[1550,60],[620,20],[1660,60],[530,20],[1170,50],[490,10],[1750,40],[350,0],[360,10],[310,-20],[540,-70],[370,-70],[290,-60],[250,-70],[220,-70],[70,-30],[290,-120],[380,-150],[400,-210],[100,-50],[370,-220],[390,-220],[500,-290],[240,-140],[750,-460],[680,-420],[480,-290],[390,-240],[460,-340],[60,-50],[310,-250],[200,-210],[110,-110],[150,-150],[30,-30],[150,-190],[60,-70]],[[-84531620,34096280],[-210,-540],[-520,-1360],[-370,-940],[-120,-320],[-450,-1190],[-140,-370],[-450,-1160]],[[-84236770,33823420],[1760,900],[1590,780],[2960,1490],[390,200],[880,440]],[[-84273250,33807140],[550,340],[480,290],[410,210],[360,180],[320,140],[200,90],[590,270],[460,210],[350,160]],[[-84246690,33851170],[-120,-960]],[[-84328400,33673000],[-690,-290],[-620,-260]],[[-84173120,33703500],[-630,-10],[-340,-20],[-370,-30],[-460,-40],[-1670,-100],[-1430,-80],[-950,-50],[-1410,-80],[-1710,-100],[-1410,-80],[-1350,-80],[-770,-40],[-1220,-70],[-580,-30],[-1270,-70],[-430,-10],[-440,0],[-440,20],[-330,20],[-330,30],[-550,60],[-330,50],[-300,50],[-350,60],[-280,60],[-290,70],[-280,70],[-480,140],[-270,80],[-290,100],[-270,100],[-230,90],[-390,160],[-520,230],[-1030,460],[-1100,490],[-1200,540],[-1510,680],[-1750,780],[-500,220],[-1010,450],[-690,310],[-1270,570],[-920,410],[-1240,560],[-710,310],[-260,110],[-450,180],[-480,170],[-560,190],[-480,150],[-510,140],[-260,70],[-240,60],[-720,160],[-210,40],[-280,60],[-330,60],[-320,50],[-790,110]],[[-84599900,33815490],[370,-30],[320,-20],[120,-10],[230,-20],[400,-30],[310,-20],[180,-10],[190,-20],[600,-50],[230,-10],[380,-30],[200,-10],[480,-30],[210,10],[310,10],[120,10],[140,20],[250,50],[50,10],[340,70],[150,40],[400,120],[100,30],[240,70],[270,90],[200,60],[140,40],[150,50],[250,80],[320,100],[540,180],[170,60],[200,60],[200,60],[230,70],[110,30],[330,100],[270,80],[140,40],[150,50],[190,60],[360,110],[180,60],[350,110],[110,30],[70,20],[450,150],[220,60],[200,60],[360,110],[500,160],[50,20],[40,10],[220,70],[180,60],[200,60],[260,80],[190,50],[90,30],[180,50],[190,60],[260,80],[220,70],[230,80],[290,90],[120,40],[270,90],[180,50],[130,40],[190,50],[130,30],[250,50],[450,30],[140,10],[310,0],[180,-10],[880,-70],[580,-40],[810,-60],[280,-20],[270,-30],[130,-10],[150,-10],[400,-30],[190,-20],[180,-10],[210,-20],[270,-20],[180,-20],[300,-20],[120,-10],[180,-20],[270,-20],[350,-30]],[[-84616520,33817020],[610,160],[240,60],[250,60],[270,70],[460,110],[340,70],[350,60],[310,30],[260,10],[250,-10],[250,-20],[630,-80],[830,-110],[140,-10],[190,-20],[300,-20],[320,-10],[40,0],[260,10],[270,10],[100,10],[320,30],[510,60],[220,20],[430,50],[320,30],[260,20],[50,0],[200,-10],[370,-30],[80,-10],[330,-60],[100,-30],[240,-70],[210,-60],[210,-60],[290,-100],[510,-180],[480,-170],[330,-120],[1880,-670],[330,-110],[250,-90],[390,-120],[170,-40],[200,-50],[410,-60],[350,-30],[110,-10],[150,-20],[250,-20]],[[-84463280,34238270],[220,-30],[1130,-110],[210,-20],[160,-10],[70,-10],[380,-30],[310,-30],[310,-40],[230,-40],[200,-40],[210,-40],[170,0],[480,-120],[20,-10],[380,-110],[740,-180],[290,-60],[190,-50],[390,-60],[400,-70],[400,-50],[440,-60],[700,-100],[370,-50],[390,-60],[420,-60],[500,-90],[520,-110],[110,-20],[270,-80],[100,-30],[370,-130],[180,-70],[210,-90],[190,-90],[150,-80],[380,-210],[470,-260],[400,-160],[170,-50],[230,-60],[600,-120],[260,-50],[230,-40],[670,-110],[740,-140],[690,-120],[460,-60],[120,-10],[180,-10],[460,0],[270,20],[30,0],[280,40],[140,20],[120,20],[210,50],[190,50],[140,40],[770,290],[580,240],[730,350],[690,350],[610,320],[330,160],[330,150],[320,110],[320,90],[250,50],[240,50],[390,80],[790,160],[390,80],[150,30],[640,110],[420,80],[390,60],[400,60],[670,60],[1130,100],[250,20],[620,60],[370,60],[360,90],[340,100],[350,130],[450,210],[370,250],[460,360],[270,250],[410,320],[400,250],[280,140],[190,70],[110,40],[290,80],[270,50],[460,80],[310,40],[430,60],[540,80],[780,110],[920,130],[400,60],[160,30],[350,40],[440,70],[630,80],[750,80],[810,70],[400,20],[470,10],[300,10],[790,-20],[110,0],[400,-10],[550,-40],[570,-50],[740,-100],[580,-80],[220,-40],[130,-20],[490,-80],[80,-10],[670,-100],[440,-70],[700,-100],[310,-50],[280,-30],[70,0],[260,-10],[310,10],[240,20],[140,20]],[[-84326840,33669080],[100,-190],[100,-190],[110,-200],[140,-240]],[[-83754840,33946500],[-160,90],[-350,210],[-400,230],[-340,200],[-650,380],[-730,430],[-580,340],[-990,570],[-450,270],[-290,180],[-450,260],[-670,390],[-700,410],[-550,300],[-400,210],[-330,170],[-300,150],[-410,200],[-590,260],[-580,240],[-400,160],[-370,140],[-390,140],[-360,130],[-340,110],[-440,150]],[[-84332340,33833680],[-380,-180],[-480,-210],[-1150,-500],[-1280,-570],[-1190,-520],[-1020,-440],[-510,-210],[-1300,-550]],[[-84087350,34263100],[-260,-250],[-200,-200],[-310,-330],[-180,-200],[-230,-260],[-130,-160],[-300,-370],[-420,-560],[-310,-450],[-230,-360],[-200,-340],[-120,-210],[-360,-670],[-220,-490],[-270,-620],[-200,-520],[-140,-370],[-150,-400],[-110,-290]],[[-84065300,34312140],[180,370]],[[-84496400,33961200],[-370,-340],[-280,-250],[-110,-90],[-130,-110],[-160,-130],[-100,-90],[-240,-220],[-210,-200]],[[-84161200,34083230],[-40,160],[-100,370],[-20,60],[-50,150],[-110,250],[-120,260],[-80,120]],[[-84176510,34095720],[-100,110]],[[-84176380,34114820],[20,160],[0,50],[10,100],[100,440],[110,350],[30,80],[150,330]],[[-84176610,34095830],[-60,90],[-130,180],[-100,170],[-40,80],[-80,140],[-120,300],[-60,270],[-30,340],[-10,310],[10,90],[50,470],[10,220],[40,440],[20,190],[100,1090],[30,330],[30,310],[40,430],[60,670],[100,1190],[10,260],[40,1070],[20,450],[10,290],[20,640],[10,540],[10,300],[40,1170],[20,660],[30,1010],[10,570],[20,560],[50,1640],[10,630],[10,520],[30,970],[30,400]],[[-84502070,33942370],[-650,-330],[-650,-340],[-870,-450],[-50,-20],[-180,-80],[-230,-90],[-220,-100],[-450,-210]],[[-84417510,34305850],[-440,-380],[-570,-500],[-300,-270],[-620,-550],[-260,-230],[-230,-200],[-450,-380],[-330,-270],[-310,-250],[-320,-260],[-230,-180],[-290,-220],[-320,-240],[-200,-140],[-340,-240],[-590,-410],[-480,-330],[-420,-280],[-670,-450],[-700,-470],[-550,-370],[-510,-340],[-500,-330],[-490,-330],[-310,-190],[-530,-310]],[[-84232830,33769400],[70,-260],[20,-80],[20,-110],[50,-250],[30,-150],[20,-170],[40,-260],[30,-280],[30,-440],[10,-220],[0,-910]],[[-84393250,34333780],[-190,-860],[-410,-1720],[-150,-640],[-120,-520],[-110,-480],[-140,-600],[-50,-210],[-60,-240],[-60,-230],[-50,-160],[-120,-380],[-60,-170],[-60,-170],[-40,-100],[-70,-170],[-70,-160],[-50,-110],[-120,-240],[-130,-250],[-80,-150],[-40,-70],[-80,-140],[-100,-160],[-80,-130],[-110,-170],[-110,-160],[-120,-170],[-140,-190],[-90,-120],[-150,-190],[-110,-130],[-80,-90],[-180,-200],[-80,-90],[-100,-110],[-130,-130],[-200,-190],[-360,-280]],[[-83648280,33958830],[620,210],[570,190],[600,190],[600,170],[600,170],[480,130],[780,190],[500,120],[790,170],[650,130],[590,110],[610,100],[990,150],[680,90],[630,70],[590,60],[550,50],[580,50],[930,60],[860,30],[320,10],[870,10],[190,0],[390,0],[520,0],[1190,-40],[320,-20],[430,-20],[510,-30],[790,-50],[770,-40],[1120,-60],[1900,-110],[880,-50],[950,-60],[830,-40],[490,-40],[430,-40],[470,-70],[550,-100],[330,-70],[490,-120],[490,-130],[570,-170],[1320,-400],[590,-180],[500,-150],[650,-200],[250,-80],[750,-230],[1210,-360],[530,-160],[1150,-350],[2160,-650],[1890,-560]],[[-84260100,33698960],[-1530,20],[-1000,10],[-1570,10],[-1750,20],[-230,0],[-770,0],[-1410,10],[-1420,20],[-600,10],[-450,10]],[[-84519150,34141150],[210,390],[110,210],[490,940],[180,350],[290,550],[610,1160],[290,540],[330,630],[110,210],[340,650],[560,1070],[260,480],[240,460],[230,440],[260,500]],[[-84310510,33759180],[20,-660],[0,-220],[-10,-360],[0,-300],[-20,-190],[0,-110],[0,-100],[10,-70],[20,-110],[10,-190],[20,-600],[-10,-420],[20,-220],[30,-260],[50,-280],[60,-290],[80,-170],[120,-140],[150,-190],[100,-120],[80,-90],[10,-30],[20,-90],[10,-90],[10,-270],[0,-1210],[10,-780],[0,-170],[0,-50],[0,-320]],[[-83767870,33952870],[420,-120],[380,-120],[840,-270],[450,-160],[480,-180],[740,-300],[500,-220],[250,-120],[490,-240],[500,-250],[550,-290],[630,-350],[630,-360],[890,-530],[550,-320],[390,-230],[670,-390],[790,-460],[490,-290],[480,-280],[630,-370],[680,-400]],[[-84440550,33978100],[-640,160],[-370,100],[-300,90],[-830,240],[-290,90],[-400,100],[-70,10],[-80,20],[-260,50],[-420,70],[-400,40],[-20,0],[-660,60],[-630,10],[-1120,30],[-110,0],[-340,10],[-420,10],[-430,10],[-610,10],[-400,10],[-3220,50],[-430,10],[-870,20],[-900,30],[-700,20],[-250,0],[-460,10],[-1000,20],[-1320,20],[-970,20],[-420,10],[-320,10],[-230,10],[-70,0],[-300,0],[-600,10]],[[-84409210,33995630],[-250,-270],[-130,-120],[-310,-250],[-520,-350],[-390,-220],[-130,-60],[-280,-120],[-320,-110],[-100,-40],[-440,-120],[-50,-10],[-850,-200],[-590,-140],[-400,-130],[-390,-150],[-200,-90],[-360,-200],[-350,-210],[-100,-70],[-210,-160],[-350,-330],[-420,-470],[-370,-440],[-30,-40],[-170,-210],[-200,-250],[-60,-70],[-200,-250],[-560,-690],[-470,-590],[-480,-600],[-360,-380],[-310,-340],[-100,-90],[-120,-100],[-200,-160],[-90,-80],[-280,-220],[-140,-90],[-140,-100],[-500,-300],[-90,-50],[-240,-120],[-210,-120],[-190,-100],[-140,-80],[-780,-340],[-340,-140],[-570,-230],[-100,-40],[-230,-90],[-420,-170],[-540,-240],[-130,-70],[-150,-70],[-190,-100],[-190,-100],[-190,-120],[-290,-180],[-300,-190],[-140,-90],[-170,-120],[-330,-250]],[[-84218810,34119000],[-280,-400],[-290,-410],[-520,-680],[-270,-350],[-210,-270],[-190,-230],[-170,-190],[-190,-200],[-150,-150],[-210,-190],[-260,-230],[-290,-230],[-260,-190],[-280,-190],[-250,-160],[-270,-160],[-180,-100],[-530,-270],[-460,-230],[-500,-240],[-300,-140],[-330,-150],[-2680,-1230],[-2000,-920]],[[-84139860,34184650],[380,-320],[140,-110],[80,-70],[400,-330],[190,-140],[160,-110],[200,-170],[250,-220],[450,-350],[520,-410],[110,-90],[200,-150],[360,-260]],[[-84485760,33973170],[490,260],[290,130],[320,110],[500,140],[230,50],[110,20],[440,50],[530,40],[390,20],[1420,100],[220,10],[390,20],[810,50]],[[-84577910,34037160],[-40,150],[-190,710],[-180,620],[-130,450],[-130,400],[-140,390],[-70,190],[-70,180],[-50,130],[-80,190],[-90,200],[-120,260],[-240,480],[-150,290],[-150,260],[-150,260],[-130,220],[-310,470],[-200,290],[-170,240],[-350,460],[-320,390],[-190,220],[-390,440],[-480,510],[-530,550],[-420,420],[-690,670],[-390,370],[-250,230],[-430,390],[-470,410],[-530,450],[-950,780],[-750,580],[-160,120],[-380,290]],[[-84489010,33969350],[70,90],[400,520],[10,20],[30,40],[70,90],[380,500],[160,200],[290,390],[120,160],[70,90],[110,150],[50,60],[220,310],[100,130],[100,140],[80,100],[50,50],[80,100],[90,80],[180,160],[350,260],[240,180]],[[-84532530,33768010],[-800,220],[-280,80],[-1500,420],[-190,50],[-780,220],[-1160,330],[-280,80],[-260,70],[-510,140],[-810,230],[-70,20],[-150,40],[-150,40],[-320,90],[-400,110],[-580,160],[-360,100],[-170,50],[-330,90],[-560,170],[-1350,370],[-820,230],[-630,140],[-540,140],[-650,160],[-460,110],[-740,170]],[[-84512430,33946160],[-330,200],[-320,200],[-300,190],[-320,210],[-70,50],[-190,130],[-130,110],[-300,240],[-300,270],[-200,210],[-100,100],[-60,70],[-70,90],[-190,250],[-140,210],[-160,260],[-90,170],[-90,190],[-100,240],[-60,160],[-40,120],[-40,120],[-60,240],[-60,310],[-30,350],[-30,650],[0,110],[-20,780],[-30,1690],[-20,700],[-20,600],[-20,390],[-60,540],[-20,140],[-30,160],[-30,150],[-50,220]],[[-84136420,34181920],[230,-180],[160,-120],[260,-190],[290,-220],[170,-130],[90,-70],[400,-310],[350,-260],[80,-60],[210,-160],[370,-290],[350,-250],[50,-40],[190,-140],[410,-330],[320,-270],[80,-60],[160,-140],[180,-160],[100,-80],[130,-110],[440,-380],[160,-150],[470,-440],[380,-340],[420,-380],[600,-580],[190,-200],[230,-250],[220,-240],[450,-500],[490,-550],[450,-520],[300,-340],[480,-520],[860,-1000],[220,-260],[180,-230],[360,-450],[240,-300],[90,-120],[350,-450],[120,-150],[330,-430],[140,-190],[90,-110],[10,-20],[100,-120],[110,-140],[160,-210],[30,-40],[70,-90],[380,-490],[410,-530],[260,-340],[180,-240],[60,-70],[410,-530],[130,-170],[40,-40],[60,-80],[430,-550],[200,-270],[160,-170],[60,-60],[150,-150],[320,-280],[380,-280],[530,-390],[500,-360],[70,-50],[240,-180],[30,-20],[320,-220],[410,-290],[340,-230],[130,-80],[100,-60],[350,-220],[210,-130],[160,-90],[210,-130],[110,-70],[270,-150],[380,-220],[450,-250],[450,-250],[220,-120],[370,-210],[270,-170],[400,-240],[110,-70],[490,-340],[150,-100],[110,-80],[190,-140],[160,-120],[200,-150],[320,-240],[500,-390],[680,-580],[270,-240],[250,-230],[280,-260],[80,-80],[390,-390],[290,-290],[510,-530],[310,-350],[170,-210],[240,-290],[320,-430],[210,-310],[280,-440],[180,-290],[60,-100],[190,-350],[210,-450],[120,-270],[150,-350],[80,-210],[80,-200],[110,-370],[70,-250],[120,-400],[110,-420],[50,-230],[70,-400],[50,-360],[30,-250],[20,-290],[20,-300],[20,-490],[-10,-330],[-10,-470],[-40,-450],[-30,-350],[-30,-360],[-10,-150],[-50,-550],[-20,-270],[-40,-500],[-40,-420],[-10,-150],[-50,-530],[-20,-290],[-20,-390],[0,-280],[0,-170],[40,-420],[70,-400],[50,-200],[50,-190],[90,-290],[80,-200],[100,-250],[100,-200],[110,-220],[170,-280],[180,-260],[200,-280],[160,-180],[220,-260],[210,-220],[260,-230],[220,-180],[360,-290],[290,-230],[50,-40],[290,-220],[270,-210],[290,-250],[100,-90],[200,-180],[170,-160],[170,-190],[140,-170],[240,-320],[180,-280],[160,-290],[150,-310],[130,-310],[70,-210],[80,-250],[190,-640],[100,-290],[100,-360],[150,-490],[220,-680],[160,-410],[180,-390],[180,-350],[200,-330],[190,-290]],[[-84125230,34201770],[-40,-90],[-90,-180],[-100,-200],[-40,-80],[-130,-220],[-150,-260],[-140,-220],[-110,-160],[-110,-160],[-180,-240],[-210,-280],[-200,-240],[-970,-1090],[-370,-420],[-280,-310],[-1160,-1300],[-430,-480],[-850,-940],[-390,-450],[-630,-700],[-330,-380],[-910,-1050],[-500,-580],[-410,-520],[-360,-470],[-380,-530],[-600,-870],[-360,-560],[-240,-360]],[[-84161820,34084340],[130,-260],[110,-300],[20,-70],[110,-340],[20,-110],[30,-180],[30,-290],[0,-50],[-10,-380],[-10,-100],[-20,-240],[-30,-180],[-90,-330],[-130,-370],[-20,-60],[-110,-280],[-120,-350],[-130,-350],[-150,-360],[-190,-510],[-60,-170],[-50,-120],[-130,-350],[-200,-550],[-20,-40],[-70,-170],[-70,-170],[-80,-180],[-80,-170],[-60,-100],[-30,-60],[-50,-90],[-40,-80],[-30,-50],[-70,-130],[-50,-80],[-260,-390],[-110,-150],[-30,-50],[-30,-30],[-180,-220],[-100,-120],[-80,-100],[-260,-290],[-220,-250],[-70,-50],[-220,-210],[-70,-90],[-110,-120],[-180,-210],[-40,-60],[-120,-170],[-170,-280],[-180,-320],[-350,-720],[-30,-70],[-30,-60],[-170,-420],[-110,-250],[-40,-100],[-90,-210],[-150,-330],[-300,-700],[-240,-570],[-50,-120],[-130,-300],[-10,-20],[-170,-440],[-80,-210],[-150,-390],[-70,-180],[-170,-450]],[[-84479200,34226100],[-480,10],[-320,-10],[-240,-20],[-320,-40],[-240,-40],[-250,-60],[-260,-80],[-250,-90],[-120,-50],[-250,-120],[-190,-100],[-170,-100],[-130,-90],[-270,-200],[-220,-180],[-280,-220],[-940,-720]],[[-84245980,33784850],[150,-650],[240,-1060],[140,-490],[160,-460],[190,-480],[190,-360],[330,-510],[90,-130],[90,-120],[190,-240],[320,-340],[390,-370],[430,-350],[440,-320],[480,-340],[280,-190],[380,-270],[200,-140],[310,-210],[390,-260],[1280,-890],[1140,-790],[360,-250],[560,-390],[490,-350],[230,-170],[240,-190],[220,-180],[210,-180],[220,-220]],[[-84467010,34260480],[-30,320],[-50,590],[-80,900],[-50,520],[-40,390],[-90,980],[-50,550],[-60,700],[-20,320],[-10,170],[0,150],[0,140],[0,100],[0,60],[10,140],[10,110],[20,160],[30,180],[30,160],[50,220],[50,190],[40,130],[90,260],[50,130],[30,70],[60,130],[70,150],[50,100],[70,140],[80,140],[30,50],[70,110],[50,80],[50,80],[40,60],[100,140],[170,220],[100,120],[50,60],[60,70],[150,160],[200,200],[90,90],[110,100],[130,110],[60,50],[190,150],[80,60],[110,80],[130,90],[210,140],[150,100],[140,90],[150,90],[320,190],[520,310],[520,310],[600,360],[980,590],[970,580],[520,310],[720,430],[950,570],[530,320],[280,170],[340,210],[160,100],[370,240],[240,160],[290,200],[200,140],[280,200],[400,310],[280,210],[210,170],[180,150],[300,250],[220,190],[180,160],[310,280],[300,280],[450,410],[390,360],[600,550],[460,430],[510,470],[1270,1170],[440,400],[370,340],[850,780],[880,810],[420,390],[740,670],[280,250],[240,210],[190,160],[490,410],[300,240],[170,140],[420,330],[680,510],[380,270],[760,530],[920,620],[1140,770],[470,310],[700,470],[840,560],[500,330],[900,620],[2300,1540],[2060,1380],[1300,870],[1080,720],[230,160]],[[-83754070,33945830],[520,-290],[540,-290],[280,-140],[400,-190],[250,-120],[370,-170],[290,-130],[330,-140],[470,-190],[560,-210],[580,-210],[310,-110],[610,-200],[580,-180],[500,-160],[710,-220],[540,-170],[700,-220],[920,-290],[460,-150],[370,-110],[400,-130],[840,-270],[1930,-610],[620,-200],[1400,-440],[660,-210],[1250,-390],[1270,-410],[1010,-310],[370,-120],[430,-140],[370,-130],[60,-20],[580,-180],[470,-130],[310,-80],[300,-90],[170,-30],[410,-70],[630,-100],[610,-70],[330,-20],[590,-20],[600,10],[430,20],[520,50],[520,70],[410,70],[390,80],[540,130],[450,120],[450,150],[490,180],[700,290],[1170,500],[940,390],[1170,490],[710,310],[1650,680],[700,320]],[[-83818150,34095240],[580,240],[530,200],[550,180],[830,250],[710,200],[790,210],[570,140],[680,160],[790,150],[880,180],[960,170],[500,80],[830,120],[1520,220],[290,40],[470,20]],[[-84524110,33966210],[-310,320],[-1180,1230],[-700,730],[-1620,1680],[-520,540],[-900,930],[-730,750],[-400,430],[-520,530],[-850,880],[-200,210],[-820,850],[-600,620],[-550,570],[-460,480],[-420,420],[-590,610],[-1020,1060],[-850,870]],[[-84535100,33943400],[300,-20],[370,-30]],[[-84719210,33747790],[-520,-510],[-770,-750],[-640,-630],[-210,-200],[-910,-910],[-410,-390],[-850,-850],[-450,-440],[-600,-590],[-910,-900],[-950,-940],[-810,-790],[-1020,-1000],[-1010,-980],[-760,-680],[-570,-470],[-400,-300],[-400,-280],[-210,-170],[-110,-80]],[[-84171070,34124510],[-240,-680],[-40,-110],[-60,-180],[-60,-200],[-130,-380],[-70,-200],[-140,-410],[-190,-540],[-180,-490],[-180,-510],[-30,-70],[-110,-230],[-160,-270],[-140,-200],[-120,-150],[-360,-390],[-270,-230],[-140,-120],[-200,-180],[-280,-240],[-300,-250],[-410,-360],[-100,-90],[-130,-130],[-160,-160]],[[-84095030,34247320],[-160,-360],[-190,-550],[-480,-1240],[-220,-590],[-1250,-3290],[-570,-1480],[-1370,-3590],[-450,-1180],[-280,-710],[-220,-550]],[[-84176770,34095700],[90,-100],[90,-90],[160,-160],[50,-40],[300,-250],[90,-60],[260,-160],[330,-180],[900,-480],[810,-450],[400,-220],[930,-510],[90,-50],[540,-310],[850,-480],[170,-120],[220,-150],[350,-240],[300,-200],[190,-150],[140,-110],[100,-90],[160,-140],[60,-50],[200,-190],[270,-250],[250,-260],[340,-330],[670,-710],[380,-390],[270,-260],[180,-170],[190,-190],[100,-90],[130,-100],[330,-270],[450,-350],[90,-70],[570,-390],[310,-180],[450,-280],[190,-120],[180,-110],[260,-160],[70,-50],[280,-210]],[[-84619860,33816120],[-670,-200],[-320,-100],[-460,-140],[-580,-160],[-360,-80],[-230,-70],[-970,-270],[-140,-40],[-580,-150],[-460,-120],[-170,-40],[-580,-140],[-290,-70],[-370,-100],[-300,-80],[-710,-190],[-620,-170],[-510,-110],[-510,-120],[-390,-70],[-230,-30],[-310,-40],[-170,-20],[-490,-50],[-320,-40],[-510,-60],[-330,-20],[-290,-10],[-280,-20],[-450,-40],[-50,0],[-320,-30],[-400,-70],[-470,-140],[-450,-140],[-480,-160]],[[-84497870,33959690],[150,140],[140,120],[210,180],[170,150],[130,110],[110,90],[270,240],[360,320]],[[-84208100,33856860],[-170,-80],[-160,-90],[-70,-50],[-60,-40],[-160,-130]],[[-84467230,34245140],[-60,730],[-10,260],[-10,350],[10,380],[10,360],[10,290],[10,480],[20,530]],[[-84658330,33704230],[-200,-250],[-210,-260],[-290,-350],[-230,-270],[-50,-60],[-310,-400],[-270,-320],[-290,-320],[-330,-330],[-70,-60],[-170,-130],[-260,-210],[-380,-290],[-370,-310],[-230,-210],[-110,-100],[-220,-250],[-120,-180],[-120,-190],[-40,-70],[-150,-270],[-90,-210],[-170,-410],[-180,-400],[-120,-260],[-150,-240],[-110,-150],[-60,-80],[-270,-310],[-240,-220],[-270,-270],[-310,-300],[-310,-320],[-170,-240],[-160,-250],[-130,-270],[-120,-270],[-120,-380],[-80,-400],[-20,-310],[0,-360],[120,-440],[140,-520],[100,-250],[150,-250],[160,-250],[240,-350],[260,-360],[60,-80],[330,-440],[100,-140],[230,-320],[50,-60],[200,-290],[350,-480],[230,-320],[230,-310],[190,-320],[180,-370],[150,-370],[120,-360],[60,-250],[60,-390],[10,-310],[10,-300],[-20,-420],[-20,-360],[0,-40],[-30,-500],[-20,-300],[-50,-870],[-30,-580],[-60,-560],[-10,-60],[-60,-490],[-100,-590],[-120,-560],[-150,-560],[-60,-200],[-90,-320],[-130,-490],[-30,-90],[-70,-230],[-40,-140],[-90,-300],[-110,-370],[-90,-340],[-80,-270],[-170,-580],[-80,-310],[-100,-360],[-60,-190],[-140,-500],[-90,-390],[-60,-310],[-30,-400],[10,-200],[10,-200],[30,-370],[80,-370],[90,-360],[50,-180],[70,-270],[50,-330],[20,-360],[-20,-250],[-40,-360],[-100,-380],[-70,-180],[-170,-360],[-190,-340],[-200,-290],[-60,-80],[-190,-220],[-190,-210],[-90,-90],[-350,-270],[-200,-140],[-160,-100],[-350,-190],[-40,-20],[-260,-120],[-370,-170],[-200,-100],[-630,-300],[-170,-80],[-870,-430],[-730,-350],[-600,-300],[-590,-280],[-530,-250],[-360,-190],[-220,-130],[-300,-200],[-300,-220],[-390,-330],[-200,-170],[-250,-270],[-240,-290],[-220,-300],[-220,-320],[-120,-220],[-130,-260],[-80,-200],[-60,-160],[-70,-210],[-80,-260],[-50,-220],[-50,-290],[-30,-220],[-30,-290],[-40,-210],[-40,-160],[-40,-100],[-50,-90],[-60,-80],[-90,-110]],[[-84099870,34233880],[110,280],[80,210],[50,150],[60,170],[100,270],[110,330],[140,400],[450,1170],[500,1310],[280,720],[230,610],[230,600],[420,1110],[310,820],[320,810],[200,520],[460,1220],[1050,2750],[190,510],[100,260],[110,290]],[[-84124070,34204600],[520,1950],[380,1440],[150,570],[150,540],[80,270],[80,220],[60,150],[70,170],[80,170],[100,210],[100,190],[90,160],[80,140],[60,100],[90,140],[100,150],[120,170],[140,190],[140,180],[200,250],[260,290],[190,190],[360,360],[220,190],[130,110],[110,90],[160,130],[260,190],[510,360]],[[-84104170,34225560],[710,970],[710,1010],[330,500],[160,260],[290,540],[220,410],[60,120],[310,650],[300,710],[110,290],[40,100],[40,110],[230,630],[230,620],[250,620],[220,560],[90,220]],[[-84587740,33998090],[360,310],[170,110],[450,260]],[[-84563460,34043680],[10,290],[0,120],[10,120],[20,190],[20,220],[20,230],[10,80],[20,100],[30,120],[40,170],[60,250],[40,150],[30,100],[40,120],[50,170],[60,170],[70,170],[50,130],[60,150],[50,110],[70,150],[70,140],[70,140],[90,160],[90,160],[80,130],[60,90],[90,140],[60,100],[60,90],[80,110],[60,80],[110,150],[70,90]],[[-84549440,34053680],[410,110],[160,40],[370,110],[340,90],[180,50],[400,130],[170,60],[210,80],[260,110],[400,180],[160,80],[270,140],[320,180],[280,170],[130,80],[150,100],[140,100],[300,220],[210,170],[240,210],[370,330],[170,170],[150,160],[200,230],[200,250],[190,250],[170,250],[180,280],[120,210],[150,280],[50,100],[50,110],[90,200],[50,120],[80,210],[80,240],[90,300],[50,190],[50,200],[80,360],[220,1050],[180,870],[80,400],[110,530],[120,580],[70,350],[50,250],[330,1610],[350,1680],[120,610],[110,530],[130,620],[200,960],[130,610],[130,650],[200,950],[160,790],[70,340],[100,490],[310,1490],[140,690],[70,340],[70,320],[70,290],[70,290],[90,340],[90,330],[100,350],[70,240],[140,460],[160,490],[250,660]],[[-84523170,33964850],[620,-620],[500,-500],[540,-560],[170,-180],[190,-200],[250,-260],[160,-160],[180,-200],[310,-310],[220,-220],[110,-120],[230,-240],[160,-170],[270,-280],[170,-170],[330,-350],[420,-460],[320,-390],[240,-330],[60,-90],[90,-140],[120,-200],[190,-340],[190,-390],[40,-90],[110,-290],[120,-370],[40,-130],[40,-150],[110,-510]],[[-84578520,33952130],[500,20]],[[-84168150,34067820],[40,100],[40,100]],[[-84163030,34085780],[90,-60],[290,-230],[200,-240],[190,-220],[180,-240],[100,-150],[50,-90],[50,-100],[60,-110]],[[-84979600,33338890],[2030,240],[5790,680],[410,50],[1840,220],[1610,190],[2490,260],[320,30],[2200,230],[1640,140],[1100,130],[1760,200],[1950,250],[1190,210],[770,180],[470,130],[740,240],[1130,380],[1710,600],[420,150],[3410,1200],[420,150],[130,40],[450,160],[510,180],[2070,720],[390,130],[320,110],[470,160],[420,100],[280,50],[340,40],[350,10],[630,-10],[210,-20],[310,-60],[280,-60],[370,-110],[1060,-370],[1150,-400],[1060,-370],[400,-110],[360,-50],[290,-30],[420,-20],[210,0],[250,20],[140,30],[120,20],[250,60],[210,40],[210,80],[150,50],[180,80],[240,100],[490,210],[740,330],[320,140],[480,210],[340,150],[780,350],[330,150],[910,400],[1120,500],[1120,500],[1140,510],[4780,2130],[1060,470],[490,220],[900,400],[1470,660],[1920,860],[210,90],[2060,930],[4320,1920],[70,30],[360,160],[1650,740],[1130,520],[510,230],[310,140],[570,210],[340,190],[350,200],[870,550],[1550,990],[2160,1370],[220,140],[1590,1020],[860,550],[1460,940],[2930,1870],[2530,1620],[160,100],[550,350],[1360,860],[1310,830],[2600,1630],[700,440],[1650,1060],[2360,1490],[1280,810],[1190,760],[710,460],[400,230],[230,150],[420,190],[330,140],[340,130],[260,90],[580,130],[370,90],[430,70],[570,90],[1360,220],[640,120],[570,100],[1860,290],[2060,330],[3540,570],[680,110],[1420,230],[740,120],[360,50],[830,130],[320,50],[2430,400],[620,100],[1200,190],[480,80]],[[-84155110,34223040],[-230,310],[-110,150],[-180,200],[-150,170],[-190,180],[-190,180],[-370,270],[-230,170],[-180,120],[-280,180],[-520,280],[-920,470],[-260,130],[-610,300],[-280,140],[-480,230],[-240,90],[-790,300],[-400,140],[-540,90],[-420,80],[-70,10],[-640,80],[-860,110],[-810,110],[-80,10],[-170,20],[-500,90],[-190,50],[-20,10],[-390,160],[-250,150],[-170,100],[-70,40],[-240,180],[-110,100],[-150,170],[-170,190],[-100,160],[-180,350],[-140,390],[-230,680],[-50,160],[-570,1710],[-280,790],[-60,170],[-180,450],[-140,280],[-70,150],[-240,480],[-230,350],[-220,330],[-60,80],[-310,420]],[[-84314750,33920410],[-2570,-10],[-520,0],[-2280,-10]],[[-84303970,33784860],[230,180],[220,170]],[[-84533380,34108280],[-50,140],[-40,120],[-70,220],[-70,230],[-40,160],[-30,120],[-40,160],[-30,130],[-30,170],[-20,120],[-30,160],[-20,140],[-30,220],[-10,120],[-10,160],[-20,270],[-10,240],[0,80],[0,180],[10,300],[10,230],[10,140],[10,110],[20,210],[20,140],[20,120],[30,170],[30,170],[40,190],[30,140],[30,110],[30,110],[60,220],[30,100],[40,130],[20,60],[60,180],[60,160],[90,240],[60,150],[40,100],[120,260],[60,130],[50,100],[70,130],[90,160],[130,230],[120,200],[130,200],[110,170],[110,160],[110,150],[110,140],[120,150],[190,230],[220,260],[310,360],[330,390],[520,590],[510,590],[520,590]],[[-84479200,34226100],[-480,10],[-320,-10],[-240,-20],[-320,-40],[-240,-40],[-250,-60],[-260,-80],[-250,-90],[-120,-50],[-250,-120],[-190,-100],[-170,-100],[-130,-90],[-270,-200],[-220,-180],[-280,-220],[-940,-720]],[[-84618030,34222870],[-290,10],[-520,20],[-290,0],[-190,0],[-390,-30],[-390,-50],[-370,-70],[-250,-60],[-300,-80],[-450,-130],[-270,-80],[-1090,-310],[-1080,-340],[-360,-100],[-1090,-350],[-2280,-670],[-260,-80],[-1610,-520],[-2230,-660],[-1000,-310],[-250,-80],[-420,-130],[-830,-260],[-120,-40],[-440,-130],[-570,-180],[-640,-190],[-220,-70],[-500,-150],[-570,-180],[-320,-100],[-200,-60],[-1460,-440],[-610,-200],[-320,-90],[-560,-170],[-520,-160],[-260,-80],[-260,-80],[-390,-120],[-410,-120],[-90,-30],[-200,-60],[-130,-40],[-600,-190],[-770,-240],[-650,-200],[-840,-260],[-650,-190],[-1550,-470],[-980,-300],[-310,-100],[-250,-70],[-310,-80],[-300,-70],[-390,-70],[-370,-40],[-420,-40],[-140,0],[-390,0],[-540,30],[-400,40],[-460,50],[-500,40],[-900,80],[-180,10],[-710,50],[-80,10],[-780,60],[-980,80],[-330,30],[-1420,130],[-110,10],[-920,80],[-1210,90],[-1090,90],[-430,40],[-960,90],[-800,70],[-930,80],[-790,50],[-1030,90],[-2240,180],[-3320,270],[-260,20],[-250,20],[-250,20],[-170,10],[-230,10],[-290,0],[-300,0],[-210,0],[-180,0],[-280,10],[-270,10],[-400,30],[-150,10],[-240,20],[-330,30],[-1050,90],[-950,90],[-120,10],[-2100,180],[-590,50],[-2770,210],[-730,60],[-790,70],[-750,60],[-680,110],[-230,40],[-180,40],[-180,40],[-170,40],[-150,40],[-110,30],[-140,40],[-130,40],[-140,40],[-160,50],[-160,50],[-130,40],[-90,30],[-140,50],[-100,40],[-120,50],[-140,60],[-130,60],[-90,40],[-310,140],[-110,50],[-920,420],[-350,160],[-990,450],[-530,250],[-580,270],[-440,210],[-580,260],[-410,200],[-310,150],[-420,180],[-430,220],[-320,160],[-210,80],[-460,150],[-400,120],[-810,240],[-280,90],[-160,50],[-470,130],[-330,70],[-490,80],[-780,170],[-840,180],[-270,60],[-360,70],[-530,110],[-660,150],[-710,150],[-1460,300],[-360,80],[-940,260],[-390,110],[-140,40],[-150,30],[-200,20],[-140,0],[-340,0],[-290,10],[-330,10],[-200,0],[-270,-10],[-150,-10],[-170,-20],[-140,-20],[-380,-60],[-210,-40],[-180,-40],[-160,-40],[-180,-50],[-180,-60],[-290,-100],[-170,-60],[-140,-50],[-140,-60],[-130,-60],[-160,-80],[-140,-80],[-140,-80],[-130,-80],[-130,-80],[-130,-80],[-130,-90],[-70,-50],[-110,-80],[-100,-70],[-140,-90],[-140,-90],[-110,-70],[-160,-100],[-160,-90],[-180,-90],[-180,-80],[-210,-90],[-200,-80],[-210,-80],[-190,-70],[-180,-60],[-160,-50],[-140,-40],[-160,-40],[-200,-40],[-180,-30],[-140,-20],[-210,-20],[-600,-50],[-610,-50],[-1040,-30],[-510,-20],[-810,20],[-970,-40],[-260,-10],[-210,-10],[-200,-10],[-210,-10],[-150,-10],[-190,-10],[-200,-10],[-380,-20],[-1100,-50],[-910,-10],[-780,-10],[-920,-100],[-770,-40],[-800,-40],[-690,-20],[-500,-10],[-400,-10],[-350,-10],[-450,-20],[-270,-10],[-430,-10],[-340,-20],[-310,-20],[-600,-20],[-230,-10],[-590,-60],[-540,-30],[-1230,-50],[-990,-40],[-460,10],[-800,-20],[-1700,-60],[-310,-20],[-370,-30],[-340,-30],[-270,-30],[-260,-30],[-400,-60],[-240,-40],[-320,-50],[-440,-80],[-620,-120],[-200,-40],[-850,-190],[-1150,-260],[-1140,-260],[-750,-170],[-1080,-230],[-540,-130],[-380,-90],[-390,-90],[-490,-140],[-250,-70],[-210,-80],[-220,-90],[-200,-90],[-140,-70],[-150,-80],[-150,-80],[-150,-90],[-140,-90],[-150,-100],[-150,-110],[-150,-120],[-270,-240],[-390,-380],[-360,-390],[-140,-140],[-130,-140],[-160,-160],[-70,-80],[-130,-130],[-290,-320],[-290,-310],[-230,-230],[-110,-120],[-240,-250],[-490,-510],[-220,-230],[-560,-580],[-250,-260],[-440,-440],[-200,-200],[-350,-350],[-180,-180],[-60,-60],[-150,-80],[-90,-90],[-170,-160],[-50,-50],[-290,-280],[-110,-100],[-180,-180],[-460,-460],[-180,-160],[-60,-60],[-40,-40],[-100,-100],[-300,-320],[-110,-110],[-150,-180]],[[-84799820,33372130],[70,-280],[70,-250],[50,-180],[40,-180],[60,-230],[60,-260],[90,-310],[40,-150],[20,-160],[40,-190],[120,-450],[100,-440],[30,-130],[20,-90],[150,-650],[40,-170],[40,-170],[30,-100],[40,-120],[50,-80],[40,-60],[70,-90],[90,-90],[160,-150],[110,-110],[340,-310],[80,-70],[320,-300],[820,-740],[400,-370],[510,-450],[440,-420],[320,-310],[190,-180],[50,-60],[140,-130],[120,-110],[300,-270]],[[-84065120,34312510],[210,420],[530,1080],[390,810],[300,620],[70,150],[180,380],[210,440],[30,60],[60,130],[70,150],[10,20],[100,190],[280,570],[170,340],[90,190],[120,250],[130,270],[270,570],[120,250],[220,450],[370,700],[230,430],[110,200],[40,70],[90,180],[130,240],[50,100],[290,540],[320,590],[370,670],[350,630],[470,850],[330,590],[30,60],[220,390],[160,270],[60,110],[60,110],[60,110],[40,80],[300,570],[160,350],[160,360],[250,630]],[[-84226980,34238600],[320,10],[50,0],[600,20],[50,0],[920,40],[530,20],[1800,60],[1010,50],[2340,90],[1210,50],[630,30],[120,0],[440,0],[140,0],[730,-40],[700,-30],[450,-50],[720,-80],[700,-100],[790,-130],[1080,-210],[280,-50],[510,-100],[3590,-680],[260,-50],[490,-90],[320,-50],[500,-80],[290,-30],[660,-30],[430,20],[520,50],[640,110],[450,110],[310,80],[210,50],[140,30],[630,160],[1160,290],[660,160],[160,40],[1680,420],[250,60],[400,100],[80,20],[390,110],[650,130],[220,40],[410,90],[290,70],[400,100]],[[-84247250,33774830],[-100,70]],[[-84488040,34221240],[-780,-430],[-370,-180],[-240,-80],[-250,-90],[-210,-40],[-300,-60],[-470,-60],[-490,10],[-210,20],[-280,20],[-40,10],[-190,20],[-280,40],[-530,60],[-870,140],[-1700,280],[-330,50]],[[-84107970,33701660],[-310,-60],[-90,-20],[-460,-90],[-820,-170],[-670,-120],[-290,-50],[-260,-40],[-230,-30],[-270,-30],[-470,-40],[-380,-20],[-520,-20],[-480,10],[-300,10],[-240,10],[-400,30],[-300,30],[-260,30],[-630,90],[-660,100],[-520,80],[-170,30],[-470,70],[-170,30],[-650,100],[-760,120],[-810,120],[-1780,280],[-1480,230],[-830,130],[-70,10],[-1190,180],[-1170,180],[-1260,200],[-880,130],[-380,60],[-690,110],[-340,50],[-270,40],[-420,70],[-330,50],[-220,40],[-600,90],[-590,80],[-280,30],[-560,60],[-470,40],[-300,20],[-440,20],[-390,10],[-430,10],[-220,0],[-490,-20],[-280,-10],[-340,-20],[-1890,-120],[-930,-60],[-900,-60],[-1160,-80],[-290,-20],[-640,-40],[-780,-40],[-220,-10],[-230,-10]],[[-84325360,33736930],[-320,320],[-600,600],[-740,740],[-480,480],[-760,770],[-420,420],[-670,680],[-490,490],[-760,750]],[[-84491060,34213440],[130,400],[220,680],[200,610],[140,460],[150,520],[80,290],[70,250],[80,260],[120,420],[150,550],[90,330],[110,400],[60,210],[70,210],[60,170],[50,120],[60,130],[20,40],[50,100],[80,150],[60,100],[60,90],[90,130],[60,80],[60,70],[50,60],[70,80],[80,80],[60,60],[120,120],[120,110],[70,60],[60,50],[80,60],[80,60],[70,50],[120,80],[400,240],[640,380],[370,230],[250,160],[230,160],[240,170],[180,130],[200,160],[200,160]],[[-84274980,33902240],[-220,-180],[-80,-60],[-130,-110],[-200,-160],[-140,-110],[-160,-130],[-60,-150],[-180,-130],[-250,-190],[-110,-80],[-120,-90],[-120,-90],[-130,-100],[-70,-50],[-150,-120],[-160,-130],[-120,-100],[-120,-100],[-120,-100],[-50,-50],[-40,-30],[-50,-40],[-140,-110],[-130,-110],[-70,-60],[-140,-110],[-170,-150],[-170,-130],[-70,-60],[-110,-90],[-120,-100],[-220,-180],[-170,-130],[-130,-110],[-200,-160],[-350,-280],[-180,-150],[-100,-80],[-150,-120],[-80,-70],[-120,-100],[-60,-50],[-90,-70],[-190,-170],[-110,-90],[-100,-90],[-60,-40],[-80,-70],[-130,-120],[-150,-130],[-160,-140],[-260,-250],[-50,-50],[-90,-90],[-80,-90],[-80,-90],[-90,-110],[-100,-110],[-80,-90],[-200,-260],[-70,-100],[-20,-40],[-120,-180],[-70,-110],[-90,-150],[-20,-50],[-60,-110],[-80,-120],[-40,-80],[-140,-230],[-110,-190],[-70,-120],[-120,-220],[-110,-200],[-40,-80],[-240,-440],[-40,-70],[-110,-200],[-100,-190],[-20,-40],[-40,-70],[-40,-90],[-90,-170],[-270,-500],[-50,-90],[-180,-300],[-80,-140],[-80,-140],[-40,-70],[-140,-240],[-90,-150],[-70,-130],[-60,-110],[-230,-390],[-150,-270],[-80,-150],[-60,-120],[-100,-190],[-80,-150],[-50,-100],[-70,-120],[-70,-130],[-60,-100],[-30,-60],[-140,-250],[-80,-140],[-70,-140],[-70,-130],[-90,-150],[-80,-140],[-30,-60],[-40,-70],[-80,-150],[-40,-70],[-20,-40],[-110,-200],[-40,-70],[-120,-220],[-90,-160],[-130,-230],[-30,-60],[-30,-50],[-20,-40],[-70,-120],[-40,-70],[-30,-60],[-120,-210],[-60,-110]],[[-84599900,33815490],[-250,20],[-150,20],[-110,10],[-350,30],[-410,60],[-200,50],[-170,40],[-390,120],[-250,90],[-330,110],[-1880,670],[-330,120],[-480,170],[-510,180],[-290,100],[-210,60],[-210,60],[-240,70],[-100,30],[-330,60],[-80,10],[-370,30],[-200,10],[-50,0],[-260,-20],[-320,-30],[-430,-50],[-220,-20],[-510,-60],[-320,-30],[-100,-10],[-270,-10],[-260,-10],[-40,0],[-320,10],[-300,20],[-190,20],[-140,10],[-830,110],[-630,80],[-250,20],[-250,10],[-260,-10],[-310,-30],[-350,-60],[-340,-70],[-460,-110],[-270,-70],[-250,-60],[-240,-60],[-610,-160]],[[-84496860,33614820],[240,40],[260,50],[280,70],[300,80],[230,60],[250,80],[290,100],[670,220]],[[-84477210,33870340],[-110,-270],[-210,-520],[-220,-540],[-160,-390],[-170,-420],[-240,-580],[-180,-450],[-580,-1400],[-580,-1420],[-170,-430],[-250,-630],[-200,-490],[-260,-650],[-110,-260],[-130,-320],[-490,-1200],[-270,-650]],[[-84079390,34271350],[-380,-430],[-80,-90],[-400,-400],[-430,-450],[-700,-730],[-460,-470],[-110,-100],[-400,-410],[-430,-440],[-1070,-1100],[-640,-650],[-460,-480],[-940,-960],[-220,-240]],[[-84155110,34223040],[210,-290],[250,-450]],[[-84684930,33408400],[450,-50],[350,-50],[450,-60],[200,-30],[330,-40],[220,-30],[440,-60]],[[-84257980,34237270],[-500,-140],[-400,-120],[-250,-70],[-220,-60],[-740,-210],[-730,-210],[-320,-90],[-260,-80],[-930,-340],[-530,-220],[-340,-140],[-410,-190],[-210,-100],[-170,-80],[-350,-180],[-250,-130],[-60,-30],[-380,-210],[-350,-190],[-830,-450],[-490,-270],[-720,-390],[-1710,-930],[-340,-180],[-660,-360],[-830,-480],[-380,-200],[-30,-20],[-290,-140],[-240,-100],[-30,-10],[-370,-110],[-260,-50],[-220,-30],[-290,-10],[-310,10],[-320,40],[-350,60],[-380,110],[-360,150],[-600,320],[-550,310],[-660,370],[-390,220],[-320,190],[-310,170],[-270,150],[-470,270],[-1030,570],[-730,420],[-1720,980],[-1030,580],[-460,260],[-690,380],[-310,170],[-1220,690],[-520,290],[-530,300],[-270,140],[-210,110],[-80,30],[-380,160],[-230,80],[-380,100],[-520,100]],[[-84312610,33857400],[-80,-70],[-140,-130],[-230,-200],[-410,-370],[-60,-50],[-1310,-1180],[-70,-70],[-320,-280],[-200,-170],[-150,-140],[-150,-140],[-90,-80],[-110,-100],[-290,-260],[-180,-150],[-170,-160],[-250,-220],[-50,-40],[-220,-200],[-300,-270],[-930,-830],[-290,-270],[-300,-280],[-230,-200],[-280,-250],[-250,-220],[-270,-240],[-310,-280],[-310,-270],[-200,-180],[-610,-550],[-350,-320],[-170,-150],[-150,-130],[-70,-70],[-120,-110],[-120,-110],[-220,-200],[-330,-300],[-210,-190],[-220,-190],[-330,-280],[-130,-120],[-300,-260],[-710,-650],[-390,-350],[-90,-90],[-330,-300],[-170,-150],[-90,-90],[-180,-160],[-70,-70],[-140,-120],[-70,-60],[-110,-100],[-250,-230],[-180,-160],[-110,-100],[-270,-230],[-350,-320],[-150,-130],[-80,-70],[-140,-120],[-130,-120],[-220,-190],[-160,-150],[-130,-120],[-60,-50],[-190,-180],[-140,-130],[-150,-140],[-110,-100],[-90,-70],[-270,-240],[-150,-140],[-240,-220],[-220,-200],[-30,-30],[-310,-260],[-100,-90],[-220,-200],[-120,-120],[-170,-150],[-650,-570],[-360,-320],[-70,-60],[-220,-200],[-160,-140],[-380,-330],[-670,-520],[-400,-290],[-110,-80],[-180,-120],[-180,-120],[-130,-90],[-120,-80],[-190,-120],[-360,-240],[-100,-60],[-150,-100],[-80,-50],[-70,-50],[-150,-100],[-170,-110],[-140,-90],[-370,-250],[-320,-220],[-110,-80],[-20,-20],[-120,-80],[-240,-190],[-130,-110],[-120,-90],[-120,-110],[-40,-30],[-170,-140],[-40,-30],[-230,-210],[-140,-120],[-40,-30],[-150,-130],[-80,-70],[-140,-120],[-120,-100],[-150,-130],[-200,-170],[-150,-130],[-120,-100],[-270,-240],[-380,-330]],[[-84608840,34065720],[-230,260],[-380,430],[-740,830],[-630,710],[-420,470],[-360,390],[-120,130],[-120,130],[-130,130],[-230,230],[-280,270],[-220,210],[-260,240],[-240,210],[-190,160],[-200,160],[-450,350],[-830,640],[-1940,1470],[-650,490],[-1100,860],[-2960,2240],[-2490,1890],[-1590,1200],[-850,630],[-260,180],[-120,80],[-170,100],[-150,90],[-180,100],[-170,90],[-180,90],[-170,80],[-240,100],[-280,110],[-310,110],[-280,90],[-250,70],[-240,60],[-180,40],[-260,50],[-170,30],[-200,30],[-160,20],[-180,20],[-230,20],[-200,10],[-290,10],[-150,0],[-220,0],[-300,-10],[-170,-10],[-250,-20],[-270,-30],[-270,-40],[-230,-40],[-250,-50],[-560,-120],[-530,-120],[-530,-120],[-1240,-290],[-520,-120],[-1930,-450],[-1250,-290],[-720,-170],[-800,-190],[-520,-120],[-850,-190],[-290,-60],[-210,-40],[-340,-60],[-250,-40],[-210,-30],[-370,-50],[-340,-40],[-490,-50],[-430,-40],[-240,-20],[-170,-10],[-230,-10],[-310,-10],[-700,-10]],[[-84259120,33812030],[1540,730],[2030,1020],[2600,1310],[650,340],[240,120],[320,180],[760,380],[110,50],[180,90],[480,240],[530,260],[1920,960],[960,460]],[[-84603350,33854160],[-270,0],[-1160,-20],[-270,0],[-70,0],[-870,0],[-1090,-10],[-290,0],[-990,0],[-610,0],[-330,0],[-150,0],[-500,10],[-440,10],[-180,0],[-800,10],[-220,10],[-390,10],[-420,40],[-330,70],[-350,100],[-220,90],[-190,80],[-190,100],[-280,190],[-310,260],[-110,100],[-110,110],[-590,650],[-770,840],[-220,240],[-240,270],[-190,210],[-360,390],[-250,280],[-610,660],[-250,270],[-260,280],[-200,220],[-320,360],[-240,270],[-190,210],[-390,440],[-350,380],[-1100,1190],[-210,230],[-490,530],[-160,170],[-380,400],[-380,410],[-370,400],[-120,130],[-350,360],[-220,200],[-30,20],[-230,160],[-200,130],[-150,90],[-80,40],[-380,170],[-300,110],[-50,20],[-300,90],[-100,30],[-480,140],[-670,180],[-260,80],[-990,290],[-440,120],[-520,150],[-300,100],[-150,50],[-440,130],[-70,20],[-300,80]],[[-84610740,33776880],[200,10],[400,20],[260,10],[280,10],[360,10],[730,10],[620,-10],[630,-30],[480,-30],[530,-30],[320,-20],[310,-20],[150,-10],[440,-30],[860,-50],[710,-40],[570,-30],[900,-60],[520,-30]],[[-84590620,33856180],[-170,-80],[-110,-60],[-360,-170],[-150,-60],[-260,-110],[-300,-100],[-60,-20],[-270,-70],[-160,-40],[-540,-100],[-350,-40],[-560,-20],[-50,0],[-1210,10],[-320,0],[-510,0],[-310,0],[-520,0],[-890,0]],[[-84905960,33725290],[540,0],[600,-10],[250,-10],[490,-30],[460,-40],[420,-40],[410,-50],[290,-40],[310,-50],[760,-130],[660,-130],[680,-130],[1460,-280],[2410,-460],[1040,-200]],[[-84461410,33979460],[-420,-10],[-270,-30],[-110,-20],[-80,-10],[-230,-30],[-120,-30],[-170,-40],[-100,-30],[-340,-110],[-50,-10],[-140,-50],[-270,-110],[-90,-40],[-330,-140],[-1120,-480],[-370,-160],[-1180,-510],[-1040,-450],[-430,-190],[-760,-340],[-560,-240],[-1460,-620],[-790,-330],[-620,-240],[-250,-80],[-380,-120],[-420,-120],[-270,-60],[-140,-30],[-370,-80],[-510,-70],[-420,-50],[-470,-40],[-770,-60],[-760,-40],[-480,-30],[-360,-30],[-450,-30],[-180,-10],[-390,-30],[-420,-30]],[[-84799900,33379710],[-10,-110],[-10,-50],[-120,-1060],[-50,-490],[-40,-310],[-20,-160],[-10,-80],[-20,-180],[-80,-590],[-70,-690]],[[-84361730,33933690],[420,-150],[100,-30],[130,-40],[70,-20],[270,-50],[260,-50],[100,-10],[110,-10],[250,-20],[60,0],[770,-10]],[[-84499380,33656400],[200,40],[150,30],[110,20],[130,30],[90,30],[90,30],[70,20],[70,20],[70,10],[50,0],[70,0],[80,-10],[460,-30],[190,-10],[320,-30],[180,-20],[120,-20],[80,-20],[90,-30],[120,-50],[60,-30],[450,-210]],[[-84411880,33956030],[-10,-760],[10,-640],[30,-540],[70,-670],[60,-450],[40,-360],[70,-510],[40,-340],[30,-330],[10,-80],[10,-230],[30,-410],[0,-80],[30,-340],[20,-140],[60,-290],[60,-170],[40,-120],[110,-240],[150,-250],[120,-200],[120,-190],[410,-570],[350,-410],[270,-230],[330,-200],[360,-150],[580,-140],[50,-10],[350,-90],[360,-160],[170,-100],[150,-110],[180,-150],[120,-100],[120,-160],[90,-120],[110,-270],[20,-40],[40,-110],[100,-300],[150,-260]],[[-84733320,33734640],[360,210],[330,200],[280,180],[300,200],[400,270],[280,200],[320,240],[250,190],[190,150],[210,170],[160,130],[440,360],[470,430],[950,880],[1320,1290],[650,650],[1190,1170],[830,810],[1050,1050],[1830,1790],[1010,1010],[1450,1420],[790,770],[450,430]],[[-84534430,33943350],[200,-40],[210,-50],[210,-70],[140,-40],[170,-50],[150,-40],[370,-110],[130,-40],[110,-30],[220,-60],[320,-90],[420,-120],[330,-100],[220,-60],[150,-40],[680,-200],[230,-60],[340,-100],[740,-220],[610,-180],[630,-180],[820,-240],[790,-220],[130,-30],[90,-20],[370,-80],[180,-40],[320,-30],[330,0],[410,40],[310,70],[280,90],[320,120],[60,30],[290,150],[430,230],[160,70],[480,230],[450,160],[510,140],[220,40],[390,60],[490,60],[130,0],[250,10],[170,10],[170,10],[550,30],[340,20],[280,10],[300,-20],[80,-10],[120,-10],[100,0],[210,-40],[190,-40],[150,-50],[180,-60]],[[-84753250,33392370],[-140,-190],[-140,-200],[-250,-380],[-130,-200],[-230,-380],[-310,-550],[-110,-210],[-220,-450],[-130,-280],[-170,-410],[-240,-640],[-180,-560],[-90,-290],[-110,-440],[-110,-490],[-140,-700],[-100,-500],[-130,-700],[-190,-960],[-250,-1260],[-140,-750],[-280,-1430],[-180,-920],[-310,-1630],[-370,-1890],[-140,-730],[-180,-890],[-90,-460],[-150,-770],[-80,-440],[-50,-240],[-180,-950],[-150,-810],[-110,-530],[-90,-490],[-160,-800],[-170,-860],[-140,-710],[-110,-560],[-90,-560],[-100,-580],[-40,-320]],[[-84269530,33809030],[290,120],[720,280],[420,150],[360,120],[320,100],[350,100],[310,80],[550,140],[570,130],[530,100],[420,70],[420,50]],[[-84760260,34178540],[-160,330],[-180,320],[-140,250],[-340,570],[-270,430],[-320,470],[-420,540],[-300,340],[-300,350],[-460,520],[-300,340],[-310,350],[-320,370],[-490,540],[-470,550],[-280,340],[-300,430],[-120,170],[-250,460],[-110,220],[-110,230],[-90,220],[-90,230],[-80,240],[-120,470],[-40,170],[-50,270],[-50,500],[-30,470],[10,480],[50,460],[20,130],[20,120],[50,240],[130,480],[80,250],[90,240],[100,240],[100,240],[240,450],[160,270],[230,350],[300,440],[330,470],[310,450],[340,490],[300,440],[590,870],[270,400],[190,290],[220,380],[250,490],[230,510],[170,460],[160,490],[80,300],[60,220],[90,460],[70,480],[30,280],[10,200],[10,240],[10,460],[10,220],[0,240]],[[-84342740,33916590],[520,160],[750,230],[1070,320],[760,230],[860,260],[470,140],[170,50],[1240,390],[560,170],[320,100],[500,150],[160,50],[350,110],[870,260],[390,110],[330,90],[620,160]],[[-84220080,33711940],[2690,-350],[390,-50],[650,-80],[220,-30],[250,-30],[860,-110],[670,-90],[1160,-170]],[[-84349210,33747170],[-20,-300],[0,-350],[10,-180],[0,-180],[0,-70],[0,-60],[0,-70],[-10,-420],[0,-240],[0,-110],[0,-140],[0,-340],[0,-300],[0,-70],[0,-120],[20,-250]],[[-84674970,33660540],[90,110],[60,80],[50,90],[40,100],[40,160],[40,210],[30,290],[30,220],[50,290],[50,220],[80,260],[70,210],[60,160],[80,200],[130,260],[120,220],[220,320],[220,300],[240,290],[250,270],[200,170],[390,330],[300,220],[300,200],[220,130],[360,190],[530,250],[590,280],[600,300],[730,350],[870,430],[170,80],[630,300],[200,100],[370,170],[260,120],[40,20],[350,190],[160,100],[200,140],[350,270],[90,90],[190,210],[190,220],[60,80],[200,290],[190,340],[170,360],[70,180],[100,380],[40,360],[20,250],[-20,360],[-50,330],[-70,270],[-50,180],[-90,360],[-80,370],[-30,370],[-10,200],[-10,200],[30,400],[60,310],[90,390],[140,500],[60,190],[100,360],[80,310],[170,580],[80,270],[90,340],[110,370],[90,300],[40,140],[70,230],[30,90],[130,490],[90,320],[60,200],[150,560],[120,560],[100,590],[60,490],[10,60],[60,560],[30,580],[50,870],[20,300],[30,500],[0,40],[20,360],[20,420],[-10,300],[-10,310],[-60,390],[-60,250],[-120,360],[-150,370],[-180,370],[-190,320],[-230,310],[-230,320],[-350,480],[-200,290],[-50,60],[-230,320],[-100,140],[-330,440],[-60,80],[-260,360],[-240,350],[-160,250],[-150,250],[-100,250],[-140,520],[-120,440],[0,360],[20,310],[80,400],[120,380],[120,270],[130,270],[160,250],[170,240],[310,320],[310,300],[270,270],[240,220],[270,310],[60,80],[110,150],[150,240],[120,260],[180,400],[170,410],[90,210],[150,270],[40,70],[120,190],[120,180],[220,250],[110,100],[230,210],[370,310],[380,290],[260,210],[170,130],[70,60],[330,330],[290,320],[270,320],[310,400],[50,60],[230,270],[290,350],[210,260],[200,250]],[[-84767020,33727030],[-120,-40],[-330,-120],[-540,-190],[-1550,-550],[-3270,-1170],[-1880,-670],[-820,-290],[-1320,-470],[-410,-130],[-360,-110],[-700,-180],[-440,-100],[-460,-90],[-770,-120],[-230,-30],[-380,-40],[-310,-30],[-270,-20],[-360,-20],[-700,-20],[-1460,-10],[-1970,10],[-830,-10],[-1020,0],[-2230,-10],[-860,-10],[-800,-30],[-540,-30],[-620,-40],[-710,-50],[-860,-90],[-360,-40],[-650,-80],[-710,-100],[-840,-130],[-640,-110],[-870,-170],[-1330,-290],[-1380,-300],[-1580,-340],[-1690,-370],[-1500,-330],[-1240,-270],[-1080,-230],[-1060,-200],[-910,-150],[-1030,-140],[-970,-120],[-1970,-250],[-1810,-230],[-2150,-270],[-550,-70],[-660,-70],[-550,-50],[-440,-30],[-450,-20],[-920,-10],[-870,20],[-890,60],[-1080,110],[-1490,170],[-1150,130],[-590,90],[-170,30]],[[-84632680,33510170],[-360,-570],[-1460,-2330],[-870,-1380],[-250,-410],[-180,-290],[-340,-530]],[[-84794160,33363320],[260,-250],[70,-70],[90,-80],[150,-150],[50,-50],[270,-250],[40,-40],[110,-130],[160,-190],[250,-340],[370,-610],[80,-130],[200,-330],[160,-270],[50,-90],[160,-270],[160,-270],[130,-230],[140,-250],[40,-80],[50,-120],[50,-140],[50,-170],[30,-180],[20,-200],[20,-270],[60,-570],[70,-760],[30,-270],[20,-260],[40,-380],[10,-90],[10,-90],[20,-230],[40,-570]],[[-84761700,33395440],[-170,-90],[-360,-170],[-300,-150],[-170,-80],[-250,-120],[-130,-60],[-320,-150],[-540,-260],[-1020,-490],[-360,-170],[-390,-190],[-190,-90],[-80,-40],[-500,-240],[-470,-220],[-480,-230],[-400,-170],[-190,-80],[-350,-170],[-170,-80],[-150,-70],[-150,-70],[-360,-170],[-280,-140],[-340,-160],[-380,-180],[-540,-260],[-490,-240],[-250,-120],[-390,-190],[-410,-190],[-210,-100],[-230,-110],[-740,-350],[-190,-90],[-1190,-580],[-100,-50],[-660,-310],[-150,-70],[-80,-40],[-240,-110],[-280,-140],[-280,-130],[-270,-130],[-540,-260],[-280,-140],[-340,-160],[-200,-90],[-60,-30],[-360,-170],[-630,-310],[-1140,-540],[-370,-170],[-920,-440],[-750,-360],[-460,-220],[-640,-310],[-610,-300],[-140,-70],[-40,-20],[-300,-150],[-530,-240],[-680,-320],[-290,-140],[-210,-100],[-740,-350],[-200,-90],[-180,-80],[-160,-70],[-170,-70],[-130,-50],[-120,-40],[-170,-50],[-150,-40],[-100,-20],[-420,-80],[-810,-90],[-300,-30],[-70,10],[-120,10],[-250,30],[-50,10],[-460,100]],[[-84256590,33716280],[150,10],[320,10],[320,0],[330,-10],[630,-30],[610,-40],[140,-10],[310,-30],[390,-40],[960,-120]],[[-84661360,34079840],[-1810,100]],[[-84330870,33742110],[640,-610],[360,-350],[520,-510],[260,-270],[210,-220],[230,-300],[110,-100],[110,-100],[140,-140],[100,-100],[470,-460],[610,-630],[390,-390],[390,-370],[480,-460],[370,-420]],[[-84763440,34205280],[270,110],[260,120],[80,50],[410,230],[290,190],[210,150],[170,130],[350,300],[390,350],[150,160],[180,210],[160,170]],[[-84308880,33841710],[-210,-130],[-320,-180],[-250,-120],[-320,-130],[-520,-180],[-340,-90],[-250,-50],[-280,-50],[-610,-90],[-750,-80],[-220,-30],[-270,-20],[-290,-40],[-290,-50],[-330,-40],[-1200,-130],[-500,-50],[-600,-70],[-580,-70],[-870,-100],[-310,-50],[-160,-20],[-150,-10],[-150,-10]],[[-84578730,34038870],[120,-380],[250,-930],[170,-580],[110,-390],[330,-1200],[230,-800],[280,-980],[60,-190],[70,-260],[220,-790],[190,-700],[100,-350],[150,-520],[120,-420],[100,-350],[120,-410],[60,-200],[90,-290],[90,-280],[40,-110],[50,-140],[60,-140],[50,-120],[60,-140],[40,-90],[50,-110],[60,-120]],[[-84698840,33441030],[-900,-440],[-1100,-520],[-320,-150],[-550,-260],[-810,-380],[-530,-250],[-720,-340],[-570,-270],[-1430,-680],[-490,-230],[-510,-250],[-560,-280],[-580,-310],[-470,-260],[-580,-330],[-210,-120],[-410,-240],[-930,-540],[-320,-190],[-740,-440],[-550,-330],[-500,-300],[-530,-310],[-500,-300],[-550,-320],[-750,-440],[-820,-490],[-540,-310],[-790,-480],[-780,-460],[-510,-300],[-460,-270],[-560,-330],[-740,-440],[-980,-590],[-240,-150],[-360,-230],[-240,-160],[-390,-280],[-220,-160],[-280,-210],[-180,-140],[-470,-380],[-450,-400],[-330,-310],[-280,-280],[-350,-360],[-270,-300],[-340,-390],[-140,-170],[-180,-230],[-260,-340],[-280,-390],[-440,-610],[-460,-630],[-630,-880],[-320,-440],[-360,-500],[-470,-660],[-400,-550],[-980,-1360],[-980,-1350],[-890,-1240],[-460,-640],[-570,-790],[-770,-1070],[-460,-640],[-400,-550],[-880,-1230],[-420,-580],[-460,-640],[-380,-500],[-270,-340],[-360,-430],[-280,-340],[-360,-410],[-490,-550],[-300,-330],[-410,-420],[-540,-550],[-210,-210],[-1870,-1880],[-1410,-1420],[-250,-250],[-640,-640],[-540,-540],[-430,-430]],[[-84379200,33913290],[0,-50],[50,-370],[0,-130]],[[-84762820,34205770],[-280,-130],[-470,-210],[-70,-30],[-270,-100],[-510,-150],[-440,-100],[-230,-30],[-390,-40],[-230,-20],[-180,0],[-170,0],[-200,0],[-230,10],[-320,30],[-340,50],[-410,90],[-390,90],[-180,40],[-720,180],[-1670,410],[-1110,280],[-480,120],[-420,100],[-210,50],[-380,90],[-160,40],[-430,100],[-390,70],[-430,70],[-320,50],[-390,50],[-540,40],[-420,20],[-390,10],[-570,-10],[-450,-10],[-430,-30],[-380,-30],[-410,-50],[-280,-40],[-110,-20],[-190,-30],[-280,-50],[-500,-110],[-370,-90],[-450,-120],[-620,-180],[-570,-160],[-480,-140],[-360,-100],[-400,-120],[-320,-90],[-240,-70],[-1300,-370],[-180,-50],[-530,-150],[-460,-130],[-360,-110],[-380,-100],[-320,-80],[-240,-50],[-170,-20],[-150,-10],[-270,-10],[-250,0],[-250,10],[-250,30],[-340,60],[-130,30],[-280,80],[-170,60],[-100,40],[-420,190],[-300,150],[-450,210],[-260,120],[-770,360],[-850,390],[-350,140],[-540,200],[-1320,450],[-560,200],[-310,110],[-420,140],[-240,80],[-290,100],[-270,90],[-210,70],[-230,80],[-300,100],[-220,80]],[[-84285130,33867990],[-330,-280],[-300,-260],[-1300,-1160],[-330,-290],[-430,-410],[-180,-160],[-700,-640],[-90,-80],[-150,-120],[-100,-90],[-720,-650],[-860,-770],[-230,-210],[-320,-270],[-230,-220],[-210,-220],[-170,-200],[-200,-240],[-70,-90],[-140,-190],[-60,-90],[-220,-340],[-210,-310]],[[-84643600,33796860],[470,230],[100,60],[60,40],[50,40],[180,170],[240,250]],[[-84564670,34004800],[-240,390],[-250,400],[-420,690],[-410,680],[-500,830],[-80,130],[-170,310],[-120,240],[-200,440],[-90,220],[-120,330],[-90,260],[-50,150],[-30,110],[-30,120],[-50,200],[-110,420],[-260,1100],[-110,460],[-100,400],[-280,1180],[-120,500],[-140,600],[-160,660],[-120,530]],[[-84643710,33495030],[-340,-290],[-490,-450],[-340,-320],[-260,-240],[-100,-90],[-760,-710],[-1200,-1090],[-600,-540],[-990,-920],[-360,-350],[-380,-380],[-360,-370],[-330,-350],[-420,-460],[-170,-190],[-170,-190],[-1710,-1890],[-1380,-1530],[-930,-1030],[-1340,-1480],[-840,-930],[-690,-760],[-760,-850],[-2490,-2760],[-1200,-1320],[-1150,-1270],[-1570,-1730],[-400,-440],[-770,-860],[-900,-1000],[-480,-520],[-1090,-1210],[-1120,-1240],[-220,-240],[-230,-260],[-350,-420],[-170,-200],[-210,-260],[-150,-190],[-370,-460],[-330,-430],[-510,-710],[-480,-680],[-1040,-1550],[-520,-770],[-430,-650],[-330,-480],[-720,-1080],[-680,-990],[-440,-650],[-230,-350],[-240,-350],[-170,-250],[-160,-220],[-150,-210],[-200,-260],[-240,-290],[-290,-330],[-200,-220],[-240,-260],[-210,-220],[-160,-160],[-180,-170],[-260,-240],[-370,-330],[-510,-430],[-460,-370],[-1170,-950],[-890,-720],[-1060,-870],[-820,-660],[-2320,-1880],[-1240,-1010],[-400,-320],[-190,-150],[-200,-160],[-270,-210],[-300,-210]],[[-84231410,34056300],[-150,220],[-330,460],[-70,100],[-90,120],[-90,130]],[[-84356670,33910850],[10,170],[0,60],[-40,310],[-30,310],[-20,240],[-30,220],[-20,170],[-20,90],[-20,80],[-20,80],[-50,200],[-70,330],[-90,410],[-130,580],[-140,620],[-160,710],[-70,310],[-50,260],[-50,300],[-20,130],[-20,170],[-10,90],[-20,250],[-10,260],[-10,420],[-10,900]],[[-84411630,33741330],[-540,60],[-320,30],[-270,20],[-330,20],[-420,20],[-510,20]],[[-84414720,33741520],[-370,10],[-460,10],[-2010,60],[-90,0],[-370,10],[-410,10],[-390,20],[-330,20],[-230,20],[-220,30],[-230,40],[-230,50],[-180,40],[-130,30],[-180,50],[-200,60],[-150,50],[-160,60],[-200,80],[-280,120]],[[-84469750,33884740],[-90,-80],[-120,-110],[-210,-170],[-310,-270],[-120,-110],[-220,-220],[-190,-200],[-240,-250],[-180,-210],[-110,-120],[-320,-420],[-250,-350],[-100,-150]],[[-84450530,33896910],[-170,-170],[-240,-250],[-330,-300],[-460,-390],[-370,-330],[-160,-130],[-630,-520],[-440,-340],[-400,-300],[-440,-300],[-410,-280],[-310,-210],[-360,-230],[-570,-350],[-390,-230],[-350,-180],[-170,-90],[-390,-190],[-100,-50],[-160,-80],[-600,-280],[-410,-200],[-320,-150],[-370,-170],[-410,-180],[-380,-170],[-460,-220],[-450,-220],[-200,-110],[-540,-290],[-220,-120],[-590,-360],[-450,-270],[-400,-250],[-230,-140],[-520,-340],[-150,-90],[-220,-140],[-130,-80],[-230,-150],[-200,-130],[-510,-330],[-700,-440],[-290,-180],[-260,-160],[-230,-140],[-350,-210],[-360,-220],[-260,-160],[-190,-120],[-30,-20],[-250,-170],[-220,-150],[-240,-170],[-260,-190],[-280,-210],[-340,-230]],[[-84798890,33380440],[-140,0],[-210,0],[-150,0],[-200,0],[-280,0]],[[-84189900,34018010],[80,290],[160,570],[20,70],[50,170],[40,150],[20,80],[90,320],[60,290],[50,280],[30,190],[20,190],[20,240],[0,170],[0,70],[0,350],[-30,820],[0,360],[20,240],[20,130],[10,100],[30,180],[30,130],[70,300],[150,360],[60,160],[140,300],[180,360],[240,470],[140,280],[30,50],[190,400],[190,410],[110,240],[100,220],[230,580],[140,430],[60,200],[40,110],[130,460],[70,300],[120,480],[90,350],[90,380],[70,270],[170,680],[80,350],[150,640],[90,380],[50,200],[70,290],[80,330],[70,360],[80,380],[90,400],[60,280],[140,660],[80,410],[260,1300],[40,260],[120,650],[10,70],[70,420],[50,280],[60,250],[40,200],[30,120],[50,160],[60,160],[40,120],[180,360],[100,180],[10,20],[140,210],[170,230],[310,340],[840,870],[750,770],[270,280],[650,670],[570,590],[220,230],[130,130],[30,40],[100,110],[290,320],[210,230],[150,160],[180,210],[190,220],[240,280],[80,90],[90,90],[110,110],[330,350],[80,90],[50,50],[100,110],[530,580]],[[-84635180,33505790],[50,80],[250,410],[200,310],[150,260],[90,160],[140,230],[190,300],[450,720],[420,670],[390,610],[350,560]],[[-84449690,33776660],[-170,60],[-210,40],[-200,20],[-250,10],[-140,0],[-230,-10],[-100,0],[-360,-20],[-60,0],[-500,-20],[-280,-10],[-300,-20],[-150,-10],[-230,-10],[-190,-10],[-220,-10],[-210,-10],[-570,-20],[-1690,-50],[-700,-30],[-190,0],[-570,-10],[-350,-10],[-160,20],[-660,70],[-620,90],[-470,70],[-460,70],[-590,90],[-200,30],[-220,40],[-80,10],[-240,30],[-400,60],[-190,30],[-430,70],[-280,40],[-80,10],[-90,10],[-130,-10],[-100,0],[-250,-40],[-250,-90],[-210,-70],[-130,-40],[-410,-140],[-100,-40],[-280,-90],[-250,-80],[-470,-170],[-650,-230],[-320,-110],[-90,-30],[-340,-120],[-360,-100],[-340,-60],[-540,-100],[-80,-10],[-120,-30],[-210,-40],[-200,-40],[-320,-80],[-330,-80],[-100,-20],[-300,-70],[-190,-40],[-420,-100],[-90,-20],[-260,-10],[-90,-10],[-290,20],[-120,10],[-100,20],[-80,20],[-140,40],[-290,70],[-100,30],[-70,20],[-110,40],[-90,30],[-320,120],[-230,90],[-160,80],[-200,100],[-130,60],[-220,120],[-120,70],[-180,90],[-110,60]],[[-83925120,33982130],[-320,300],[-270,240],[-310,270],[-250,230],[-350,300]],[[-84521490,33765160],[-360,40],[-880,140],[-880,180],[-590,150],[-1480,400],[-1370,390],[-320,90],[-180,40],[-270,60],[-210,50],[-270,70],[-830,230],[-970,270],[-1410,430],[-230,70],[-370,110],[-150,40],[-130,40],[-140,50]],[[-84410600,33804150],[-390,140],[-210,80],[-170,70],[-270,120],[-240,110],[-180,80],[-650,320],[-510,270],[-350,190],[-270,150],[-200,110],[-330,180],[-120,70],[-470,280],[-340,220],[-450,330],[-340,250],[-210,180],[-80,70],[-80,70],[-90,80],[-40,40],[-120,130]],[[-84406470,33945010],[220,-270],[170,-170],[470,-430],[90,-90],[410,-370],[230,-200],[220,-190],[290,-220],[230,-190]],[[-84396120,33771320],[620,0],[570,-10],[430,0],[480,-10],[310,0],[270,0],[240,0],[200,10],[910,-20],[320,10],[200,0],[430,10],[240,0],[210,-10]],[[-83997910,33977050],[-280,-50],[-1190,-230],[-480,-90],[-390,-80],[-370,-80],[-910,-200],[-360,-80],[-230,-60],[-170,-50],[-150,-50],[-170,-60],[-150,-60],[-180,-70],[-200,-90],[-230,-110],[-170,-90],[-120,-70],[-130,-80],[-130,-80],[-120,-80],[-200,-130]],[[-84429310,33699390],[10,320],[30,370],[30,460],[0,70],[40,300],[30,280],[70,380],[80,500],[50,310],[150,540],[50,200],[40,160],[90,320],[290,1040],[40,170],[110,470],[130,510],[70,460],[280,1970],[40,210],[130,900],[120,800],[120,530],[120,510],[190,620],[240,760],[380,1170],[240,730],[20,70],[190,600],[40,210],[260,1250],[90,380],[70,280],[50,190],[110,370]],[[-84170140,34004450],[-60,530],[-20,220],[-10,270],[10,260],[30,380],[30,270],[70,330],[40,230],[110,420],[10,40],[160,540],[190,610],[180,520],[90,240],[160,330],[130,280],[280,470],[210,320],[120,150],[150,200],[440,530],[340,390],[410,460],[70,80],[250,270],[410,450],[240,270],[500,560],[200,220],[510,570],[290,330],[170,200],[560,630],[280,320],[540,610],[100,120],[160,180],[520,620],[490,590],[230,280],[240,300],[190,230],[290,350],[60,80],[200,240],[60,70]],[[-84389900,33771280],[180,-10],[200,0],[120,-10],[340,-10],[220,-10]],[[-84188150,33867370],[-40,440],[-10,110]],[[-84387410,33771240],[150,40],[180,10],[310,0],[440,0],[130,0],[100,0],[1130,0]],[[-84365830,33813630],[-160,-110],[-250,-160],[-430,-290],[-480,-260],[-510,-280]],[[-84513050,33616830],[390,-60],[5620,-860],[3620,-540],[3100,-460],[520,-70],[430,-60],[650,-50],[290,-10],[260,0],[170,0],[180,10],[560,40]],[[-84494080,33934670],[-450,270],[-740,450],[-1310,820],[-980,610],[-1890,1190],[-350,220],[-460,290],[-750,470],[-1410,880],[-590,370],[-1320,820],[-140,90],[-730,460],[-740,460],[-760,480],[-700,440],[-810,510],[-190,120],[-840,520],[-550,350],[-370,240],[-570,360],[-610,380],[-1090,690]],[[-84645370,33770140],[-2790,-580],[-2680,-560],[-1180,-250],[-210,-40],[-1820,-380],[-1000,-210],[-1460,-310],[-1240,-270],[-400,-90]],[[-84747470,33751690],[-1370,-540],[-360,-150],[-990,-410],[-990,-390],[-820,-350],[-600,-250],[-290,-120],[-240,-90],[-460,-180],[-70,-30],[-360,-140],[-160,-70],[-100,-40],[-140,-60],[-220,-90],[-90,-40],[-310,-120],[-550,-220],[-470,-190],[-290,-120],[-640,-270],[-510,-210],[-130,-50],[-130,-50],[-620,-260],[-250,-100],[-500,-210],[-80,-30],[-670,-260],[-50,-20],[-420,-170],[-190,-80],[-310,-130],[-660,-270],[-530,-210],[-610,-250],[-410,-160],[-130,-50],[-550,-220],[-700,-290],[-100,-40],[-220,-80],[-190,-60],[-360,-100],[-100,-20],[-260,-40],[-310,-30],[-330,-40],[-200,-10],[-420,-30],[-300,-20],[-440,-30],[-1130,-80],[-620,-50],[-620,-90],[-1220,-240],[-270,-50],[-390,-80],[-380,-70],[-370,-80],[-510,-100],[-240,-40],[-690,-140],[-580,-120],[-240,-50],[-370,-80],[-50,-10],[-450,-90],[-100,-20],[-310,-60]],[[-84030200,34105690],[80,140]],[[-83992670,34086670],[-660,440],[-220,150],[-430,290],[-210,140]],[[-84383420,33771290],[360,-10],[140,0],[200,0],[170,0],[670,0]],[[-84134750,33959200],[-180,250],[-50,80],[-110,160],[-50,70],[-180,250],[-190,270],[-70,100],[-140,200],[-160,230],[-170,250],[-270,330],[-70,90],[-30,40],[-220,230],[-250,270],[-260,230],[-130,110],[-300,230],[-350,260],[-270,180],[-60,40],[-220,150],[-300,210],[-370,240]],[[-84404840,33770550],[-220,130],[-180,100],[-600,350],[-460,270],[-490,290],[-380,220],[-140,90],[-520,320],[-330,200],[-160,80],[-200,180],[-50,60],[-100,170],[-100,180]],[[-83992920,33978020],[-670,-130],[-580,-110],[-280,-50],[-1600,-310],[-160,-30],[-470,-100],[-920,-180],[-310,-60]],[[-84403090,33763810],[-100,150],[-100,140],[-150,190],[-200,230],[-110,140],[-210,250],[-410,490],[-140,190],[-100,130],[-120,230],[-40,120],[-50,180],[-30,190],[-10,210],[10,110],[-10,190],[0,100],[0,170],[10,90],[0,130],[10,140],[0,620],[0,50],[10,380],[0,50],[30,410],[60,360],[20,160],[10,120],[30,280]],[[-84217220,33712410],[70,250],[100,230],[70,150],[60,100],[50,80],[30,50],[80,120],[70,110],[180,280],[30,50],[110,160],[80,130],[50,70],[170,250],[70,110],[80,150],[70,170],[40,170],[60,300],[20,110],[30,180],[20,100],[40,180],[50,390],[60,340],[10,40],[10,80],[70,530],[20,120],[10,70],[40,280],[20,220],[10,190],[0,90],[-10,330]],[[-84270430,33809440],[-170,-70],[-240,-100],[-220,-90],[-190,-80],[-230,-110],[-150,-70],[-220,-110],[-830,-440],[-280,-150],[-430,-230],[-200,-100],[-120,-70],[-230,-130],[-280,-170],[-260,-190],[-110,-100],[-130,-140],[-130,-170],[-80,-120],[-90,-160],[-100,-200],[-190,-380]],[[-84661420,34079570],[610,-30]],[[-84663150,34079650],[670,-40],[1060,-40]],[[-84387410,33771240],[-400,-20],[-230,0],[-230,0],[-190,10],[-380,10]],[[-84402780,33762960],[30,-170],[0,-40],[20,-220],[0,-120],[0,-200],[0,-180],[0,-160],[0,-50],[0,-640],[-10,-540],[-10,-300],[-10,-310],[0,-360],[0,-440],[0,-140],[0,-170],[0,-360],[0,-50],[0,-150],[0,-60],[-10,-220],[0,-360],[0,-200],[10,-650],[-20,-560],[0,-410],[-10,-460],[0,-270],[0,-190],[0,-370]],[[-84389370,33935740],[-780,-140],[-430,-80],[-290,-50],[-130,-20],[-180,-10],[-160,0],[-150,20],[-190,60],[-180,70],[-160,90],[-220,200],[-480,510],[-570,620],[-370,380],[-190,170],[-140,130],[-40,30],[-420,360],[-440,270],[-210,130],[-420,240],[-250,140],[-180,80],[-160,80],[-350,150],[-470,160],[-490,130],[-380,100],[-120,30],[-350,90],[-250,60],[-440,100],[-110,20],[-140,30],[-520,110],[-300,60],[-180,30],[-270,80],[-130,40],[-130,60],[-180,100],[-130,110],[-150,120],[-100,100],[-100,90],[-160,160],[-210,180],[-280,270],[-270,230],[-250,180],[-280,190],[-250,190],[-450,370]],[[-84604300,33854010],[830,0],[160,0]],[[-83987840,34006400],[-10,260],[-10,120],[-20,310],[-60,280],[-40,180],[-80,240],[-30,90],[-90,260],[-80,210],[-190,420],[-170,390],[-360,770],[-110,260],[-80,230],[-120,450],[-30,170],[-10,120],[-10,210],[10,170],[40,260],[30,190],[30,160],[60,190],[70,210],[100,230],[40,110],[170,330],[120,240],[180,340],[520,1050],[260,520],[160,320],[330,630],[300,610],[120,250],[100,240],[100,340],[190,610],[130,710],[30,270],[10,320],[10,140],[10,400],[-10,1400],[0,220],[0,1140],[0,110],[0,690],[0,710],[0,740],[0,250],[-10,490],[0,410],[0,1060],[0,1040],[0,70],[-10,530],[-20,400],[-50,560],[-40,460],[-210,1090],[-130,550],[-200,690],[-260,830],[-270,820],[-150,470]],[[-84015130,33873000],[-100,40],[-50,20],[-110,50],[-240,110],[-180,80],[-450,230],[-80,100],[-150,80],[-120,50],[-250,120],[-210,100],[-420,190],[-340,150],[-120,50],[-240,90],[-220,80],[-270,90],[-180,50],[-190,50],[-250,60],[-260,50],[-240,40],[-280,40],[-260,30],[-390,40],[-660,70],[-250,30],[-230,30],[-190,30],[-200,40],[-120,30],[-140,40],[-120,40],[-110,40],[-120,50],[-170,80],[-130,70],[-130,80],[-110,70],[-110,80],[-110,90],[-110,100],[-90,90],[-120,120],[-100,110],[-220,270],[-350,440],[-400,500],[-310,370],[-260,300],[-270,300],[-440,470],[-300,330],[-640,690],[-700,750],[-120,130],[-510,550],[-350,350],[-360,340],[-380,310],[-410,290],[-390,260],[-400,250],[-250,160],[-410,260],[-250,150],[-600,380],[-370,240],[-280,210]],[[-84258510,33968490],[-30,20],[-130,110],[-70,60],[-120,100],[-110,100],[-190,180],[-180,160],[-160,150],[-650,610],[-200,190],[-30,30],[-110,130],[-180,200],[-170,200],[-250,320],[-40,40],[-100,120],[-10,20],[-230,350],[-100,170],[-400,660],[-120,200],[-40,60],[-230,330],[-240,340],[-150,200],[-130,200],[-500,730],[-890,1220],[-220,310],[-550,760],[-220,310],[-40,50],[-30,50],[-220,310],[-120,180],[-180,260],[-370,520],[-120,180],[-60,80],[-160,200],[-160,240],[-160,290],[-140,290],[-40,120],[-50,140],[-90,350],[-110,410],[-60,370],[-10,480],[20,490],[10,280],[-10,170],[0,130],[-50,300],[-80,300],[-150,380],[-110,210],[-40,70],[-30,40],[-110,150],[-100,130],[-30,30],[-140,140],[-180,180],[-190,160],[-170,130],[-60,40],[-280,220],[-240,180]],[[-84402960,33641580],[150,430],[140,310],[10,30],[50,100],[220,450],[350,730],[240,500],[270,510],[50,100],[180,360],[180,330],[90,220],[60,130],[90,250],[50,250],[0,240],[-60,250],[-100,240],[-150,230],[-200,190],[-210,160],[-240,130],[-260,100],[-270,60],[-300,20],[-620,0],[-330,40],[-330,80],[-300,130],[-270,170],[-240,190],[-150,190],[-140,250],[-120,260],[-150,390],[-170,390],[-150,250],[-260,320],[-120,130],[-200,190],[-140,120],[-270,170],[-150,100],[-720,440],[-460,290],[-60,40],[-400,250],[-410,270],[-860,530],[-1350,830],[-1360,830],[-590,360]],[[-84669740,34079980],[470,-30],[390,-10],[210,-10],[150,-10],[350,-20],[310,-10],[610,-30],[600,-30],[470,-20],[340,-20],[400,-20],[1110,-60],[630,-30],[550,-30]],[[-84246710,33959060],[-250,230],[-140,110],[-280,220],[-490,390],[-150,110],[-310,230],[-200,150],[-270,210],[-170,180],[-40,40],[-90,110],[-160,170],[-110,150],[-230,290],[-410,580],[-260,300],[-190,220],[-130,130],[-300,240],[-110,60],[-210,130],[-170,100],[-170,100],[-250,170],[-200,140],[-130,70],[-270,140],[-200,140],[-220,140],[-70,50],[-50,40],[-150,120],[-230,200],[-190,190],[-220,230],[-180,200],[-370,390],[-270,260],[-130,100],[-170,130],[-170,130],[-260,170],[-320,200],[-150,90],[-380,230],[-110,60],[-140,80],[-140,80],[-120,70],[-480,290],[-100,60],[-180,110],[-70,40],[-240,140]],[[-84604740,33549240],[300,180],[60,40],[430,260],[410,260],[1410,910],[680,440],[740,480],[500,320],[1490,970],[290,190],[310,190],[310,200],[280,180],[180,120],[60,40],[1290,840],[450,290],[1350,810],[270,170],[480,310],[190,120],[350,210]],[[-84202410,33914740],[600,420],[360,240],[700,460],[420,280],[770,520],[360,240],[480,320],[370,240],[390,240],[250,140],[250,140],[290,160],[500,250],[530,260],[360,170],[2420,1150],[1550,740],[880,420],[820,390],[340,160],[250,120],[270,130],[360,170],[350,170],[870,420],[1090,520],[1340,630],[1200,570],[1000,480],[650,290],[560,280],[420,190],[800,400]],[[-84380220,33761140],[-220,170],[-390,290]],[[-84171570,33930300],[760,290],[530,210],[330,130],[230,90],[380,150],[250,100],[550,220],[1140,440],[1140,450],[740,290],[480,180],[600,240],[660,280],[400,180]],[[-84391780,33795210],[-90,70],[-140,110],[-170,120],[-170,100],[-100,50],[-160,70]],[[-84026160,34046650],[760,460],[230,140],[750,440],[370,210],[480,270],[450,250],[560,300],[430,240],[400,220],[230,120],[300,160],[260,130],[360,190],[170,90],[200,100],[290,140],[290,140],[270,130],[260,120],[170,80],[200,90],[180,80],[450,200],[270,120],[230,100],[260,110],[260,110],[270,110],[400,170],[250,100],[330,130],[410,160],[310,120],[410,160],[370,140],[380,140],[360,130],[560,200],[320,110],[320,110],[260,90],[190,60],[380,110],[560,180],[720,220],[500,150],[360,110],[420,120],[350,100],[750,210],[310,80],[270,70],[280,70],[280,70],[290,70],[300,70],[250,60],[210,50],[290,70],[310,70],[250,60],[220,50],[240,50],[240,50],[340,70],[250,50],[240,50],[290,60],[480,90],[300,60],[200,40],[210,40],[120,20]],[[-84356230,33933310],[360,-10],[350,10],[410,10],[80,0],[580,10]],[[-84360030,33773800],[170,0]],[[-84040260,33890770],[-470,200],[-70,30],[-680,310],[-620,270],[-320,120],[-310,100],[-380,100],[-430,90],[-210,40],[-120,20],[-270,30],[-270,20],[-590,0],[-450,-20],[-180,-10],[-160,-20],[-150,-20],[-230,-40],[-500,-110],[-380,-100],[-220,-70],[-240,-90],[-150,-60],[-770,-340],[-760,-340],[-630,-290],[-310,-140],[-270,-120],[-1450,-650],[-400,-170]],[[-84042920,33958850],[-270,20],[-260,20],[-230,20],[-300,30],[-1620,170],[-550,60],[-1410,150],[-1320,130],[-1270,140],[-1140,120],[-1560,160],[-690,70],[-300,30]],[[-84398320,33745060],[-410,-100],[-70,-10],[-140,-40],[-90,-40],[-220,-70],[-260,-100],[-160,-60]],[[-84490160,33632850],[150,-340],[40,-130],[190,-520],[70,-230],[150,-500],[30,-130],[100,-450],[90,-430],[30,-170],[240,-1640],[70,-490]],[[-84069770,33961640],[-1720,180],[-2520,260],[-1350,140],[-1390,140],[-1430,170],[-1250,120],[-150,10],[-370,40],[-320,30],[-420,50],[-700,80],[-630,60],[-530,60]],[[-84737300,34137530],[20,-410],[0,-230],[0,-110],[0,-90],[-20,-200],[-30,-320],[-60,-450],[-60,-320],[-110,-500],[-120,-440],[-80,-280],[-220,-680],[-220,-720],[-230,-720],[-160,-530],[-220,-700],[-120,-400],[-170,-550],[-220,-740],[-250,-750],[-150,-480],[-150,-490],[-140,-460],[-220,-710],[-140,-470],[-120,-420],[-130,-520],[-60,-310],[-50,-370],[-40,-470]],[[-84798540,34207850],[240,-80],[80,-30],[480,-160],[50,-20],[970,-350],[720,-260],[510,-180],[810,-290],[480,-170],[290,-100],[620,-250],[530,-240],[410,-190],[1350,-610],[350,-180],[330,-140],[230,-80],[370,-120],[220,-60],[200,-40],[300,-40],[240,-20],[250,-10],[200,0],[170,10],[220,20],[280,40],[190,30],[120,30],[220,60],[370,100],[450,130],[630,180],[250,70],[190,60],[210,60],[240,70],[400,110],[520,150],[370,110],[700,190],[760,220],[500,140],[520,150],[400,110],[230,60],[170,40],[100,30],[160,40],[560,110],[340,50],[380,50],[490,50],[560,40],[160,10],[280,10],[600,10],[380,-10],[390,-20],[520,-50],[450,-50],[480,-70],[370,-70],[400,-80],[210,-50],[380,-90],[190,-50],[210,-50],[310,-80],[280,-70],[80,-20],[430,-110],[430,-100],[480,-120],[450,-110],[120,-30],[420,-110],[280,-70],[510,-130],[500,-130],[250,-60],[200,-50],[490,-100],[160,-30],[280,-40],[230,-20],[310,-20],[170,0],[150,0],[160,0],[250,10],[270,20],[130,20],[300,40],[160,30],[260,50],[210,60],[120,30],[210,50],[550,190]],[[-84312080,33817700],[220,-240]],[[-84566080,34010630],[470,260],[390,240],[80,50],[280,180],[60,40],[280,190],[190,140],[370,290],[570,460],[110,90],[240,190],[240,190],[330,270],[370,240],[150,100],[220,100],[140,70],[130,60],[180,60],[190,50],[140,40],[20,0],[330,60],[200,30]],[[-84292190,34003220],[-450,90],[-360,60],[-130,20],[-250,40],[-370,10],[-170,20],[-260,30],[-50,0],[-330,30],[-240,20],[-380,60],[-510,120],[-320,120],[-130,60],[-250,130],[-270,170],[-100,90],[-120,90],[-180,170],[-30,40],[-170,190],[-140,180],[-240,540],[-30,80],[-80,180],[-100,280],[-140,320],[-150,320],[-80,130],[-50,90],[-30,30],[-140,190],[-200,220],[-240,220],[-250,220],[-300,260],[-250,220],[-100,80],[-250,230],[-100,100],[-240,250],[-290,360],[-180,240],[-270,370],[-180,240],[-380,430],[-300,280],[-300,250],[-420,240],[-170,100],[-210,130],[-370,230],[-120,70],[-220,130],[-130,80],[-110,70],[-130,80],[-300,180],[-80,50],[-140,80],[-1120,680],[-1350,790],[-150,90],[-360,220],[-290,180],[-340,220],[-100,60],[-60,40],[-180,110],[-180,120],[-460,300],[-250,190],[-210,160],[-360,300],[-370,320],[-250,220],[-260,230],[-250,230],[-110,100],[-270,240],[-220,170],[-40,30],[-40,30],[-270,190],[-240,160],[-250,150],[-460,240],[-530,270],[-100,50],[-110,50],[-60,30],[-390,190],[-50,30],[-190,100],[-260,130],[-220,110],[-240,120],[-150,70],[-70,40],[-90,40],[-190,100],[-90,40],[-140,60],[-220,80],[-40,20],[-250,70],[-140,40],[-310,80],[-280,60],[-340,90]],[[-84058180,33895010],[-60,150],[-60,140],[-70,150],[-100,160],[-90,130],[-100,120],[-130,150],[-150,150],[-160,140],[-140,110],[-230,160],[-190,110],[-240,110],[-260,100],[-240,70],[-270,60],[-240,40],[-300,30],[-200,10],[-200,0],[-210,-20],[-240,-30],[-190,-30],[-170,-40],[-220,-60],[-170,-60],[-330,-140],[-180,-80],[-360,-150],[-310,-130],[-800,-340],[-180,-70],[-180,-60],[-160,-50],[-200,-50],[-170,-30],[-170,-20],[-180,-10],[-160,0],[-160,10],[-150,10],[-150,20],[-280,60],[-260,80],[-180,70],[-250,130],[-240,150],[-320,200],[-430,270],[-390,260],[-600,380],[-340,210],[-310,190],[-240,130],[-260,130],[-270,130],[-370,160],[-1140,460],[-450,180],[-460,180],[-240,100],[-440,180],[-240,100],[-410,180],[-570,290],[-410,240],[-480,330],[-360,220],[-540,350],[-530,350],[-620,400],[-400,260],[-400,260],[-420,250],[-210,120]],[[-84089070,33907390],[-770,210],[-930,220],[-420,100],[-1180,270],[-1140,260],[-1000,230],[-740,180],[-320,70]],[[-84359580,33853670],[210,90],[190,60],[350,70],[50,10],[260,40],[500,70]],[[-84236750,33945700],[410,330],[190,170],[110,140],[160,220],[150,220],[170,290],[90,190],[70,290],[30,260],[40,520],[50,430],[20,160],[50,290],[60,310],[170,650]],[[-84214310,33711330],[-750,100],[-1210,150],[-1090,140],[-1300,170],[-1550,200]],[[-84760520,34207450],[300,340],[390,410],[170,190],[100,110],[160,150],[190,190],[150,150],[340,350],[290,320],[90,100],[180,190],[230,240],[50,60],[230,230],[120,210],[60,60],[180,180],[350,350],[200,200],[440,440],[250,260],[560,580],[220,230],[490,510],[240,250],[110,120],[230,230],[290,310],[290,320],[130,130],[70,80],[160,160],[130,140],[140,140],[360,390],[390,380],[270,240],[150,120],[150,110],[150,100],[140,90],[150,90],[150,80],[150,80],[140,70],[200,90],[220,90],[210,80],[250,70],[490,140],[390,90],[380,90],[540,130],[1080,230],[750,170],[1140,260],[1150,260],[850,190],[200,40],[620,120],[440,80],[320,50],[240,40],[400,60],[260,30],[270,30],[340,30],[370,30],[310,20],[1700,60],[800,20],[460,-10],[990,40],[1230,50],[540,30],[590,60],[230,10],[600,20],[310,20],[340,20],[430,10],[270,10],[450,20],[350,10],[400,10],[500,10],[690,20],[800,40],[770,40],[920,100],[780,10],[910,10],[1100,50],[380,20],[200,10],[190,10],[150,10],[210,10],[200,10],[210,10],[260,10],[970,40],[810,-20],[510,20],[1040,30],[610,50],[600,50],[210,20],[140,20],[180,30],[200,40],[160,40],[140,40],[160,50],[180,60],[190,70],[210,80],[200,80],[210,90],[180,80],[180,90],[160,90],[160,100],[110,70],[140,90],[140,90],[100,70],[110,80],[70,50],[130,90],[130,80],[130,80],[130,80],[140,80],[140,80],[160,80],[130,60],[140,60],[140,50],[170,60],[290,100],[180,60],[180,50],[160,40],[180,40],[210,40],[380,60],[140,20],[170,20],[150,10],[270,10],[200,0],[330,-10],[290,-10],[340,0],[140,0],[200,-20],[150,-30],[140,-40],[390,-110],[940,-260],[360,-80],[1460,-300],[710,-150],[660,-150],[530,-110],[360,-70],[270,-60],[840,-180],[780,-170],[490,-80],[330,-70],[470,-130],[160,-50],[280,-90],[810,-240],[400,-120],[460,-150],[210,-80],[320,-160],[430,-220],[420,-180],[310,-150],[410,-200],[580,-260],[440,-210],[580,-270],[530,-250],[990,-450],[350,-160],[920,-420],[110,-50],[310,-140],[90,-40],[130,-60],[140,-60],[120,-50],[100,-40],[140,-50],[90,-30],[130,-40],[160,-50],[160,-50],[140,-40],[130,-40],[140,-40],[110,-30],[150,-40],[170,-40],[180,-40],[180,-40],[230,-40],[680,-110],[750,-60],[790,-70],[730,-60],[2770,-210],[590,-50],[2100,-180],[120,-10],[950,-90],[1050,-90],[330,-30],[240,-20],[150,-10],[400,-30],[270,-10],[280,-10],[180,0],[210,0],[300,0],[290,0],[230,-10],[170,-10],[250,-20],[250,-20],[260,-20],[3320,-270],[2240,-180],[1030,-90],[790,-50],[930,-80],[800,-70],[960,-90],[430,-40],[1090,-90],[1210,-90],[920,-80],[110,-10],[1420,-130],[330,-30],[980,-80],[780,-60],[80,-10],[710,-50],[180,-10],[900,-80],[500,-40],[460,-50],[400,-40],[540,-30],[390,0],[140,0],[420,40],[370,40],[390,70],[300,70],[310,80],[250,70],[310,100],[980,300],[1550,470],[650,190],[840,260],[650,200],[770,240],[600,190],[130,40],[200,60],[90,30],[410,120],[390,120],[260,80],[260,80],[520,160],[560,170],[320,90],[610,200],[1460,440],[200,60],[320,100],[570,180],[500,150],[220,70],[640,190],[570,180],[440,130],[120,40],[830,260],[420,130],[250,80],[1000,310],[2230,660],[1610,520],[260,80],[2280,670],[1090,350],[360,100],[1080,340],[1090,310],[270,80],[450,130],[300,80],[250,60],[370,70],[390,50],[390,30],[190,0],[290,0],[520,-20],[290,-10]],[[-84526500,33804580],[-210,70],[-270,110],[-130,60],[-130,50],[-190,90],[-180,80],[-370,180],[-200,120],[-240,130],[-310,200],[-80,50],[-320,210],[-40,30],[-160,120],[-310,220],[-190,120],[-90,70],[-230,160],[-230,160],[-290,200],[-190,130],[-300,210],[-590,400],[-750,540],[-400,310],[-120,110],[-300,270],[-180,170],[-390,380],[-270,260],[-50,50],[-300,290],[-270,220],[-250,210],[-40,30],[-220,170],[-150,110],[-310,220],[-100,70],[-260,190],[-280,180],[-420,260],[-210,110],[-190,110],[-50,20],[-340,160],[-390,180],[-410,180],[-560,250],[-100,40],[-260,120],[-280,110],[-340,130],[-260,80],[-400,80],[-360,40],[-220,10],[-270,0],[-80,0],[-150,-10],[-370,-50],[-40,0],[-200,-30],[-240,-40],[-220,-40],[-260,-50],[-260,-50],[-370,-60],[-350,-30],[-280,-10],[-380,0],[-140,10],[-180,10],[-110,10],[-210,20],[-410,30],[-440,30],[-210,0],[-170,0],[-250,-10],[-260,-30],[-240,-20],[-360,-50],[-450,-50],[-840,-100],[-780,-90],[-560,-70],[-300,-40],[-410,-70],[-220,-40],[-160,-30],[-120,-30],[-260,-50],[-120,-20],[-190,-40],[-320,-60],[-430,-100],[-160,-30],[-370,-70],[-360,-60],[-70,-10],[-270,-30],[-330,-30],[-130,0],[-340,0],[-580,20],[-290,10],[-600,20],[-320,20],[-490,20],[-200,10],[-80,0],[-140,10],[-340,30],[-100,10],[-80,20],[-240,40],[-400,110]],[[-84448130,33646720],[250,240],[310,280],[190,170],[160,130],[130,100],[410,310],[360,250],[240,160],[70,50],[150,90]],[[-84205480,33902680],[-30,180],[-40,230],[-40,280],[-30,200],[-10,80],[-10,80],[-10,70],[-50,280],[-10,90],[-20,140],[-40,290],[-30,270],[-10,100],[-10,120],[-20,190],[-10,80],[-40,280],[-20,210],[-20,160],[-40,220],[-30,200],[-30,190],[-10,100],[-70,680]],[[-84320380,34026950],[250,370],[280,430],[140,200],[470,650],[460,620],[630,880],[590,810],[340,470],[270,370],[460,630],[550,720],[270,380],[50,90],[130,170],[240,360]],[[-84305890,34044380],[230,250],[260,270],[170,160],[370,370],[440,450],[360,350],[260,260],[300,310],[250,250],[60,70],[110,110],[150,140],[190,170],[170,140],[170,140],[200,160],[200,160],[360,270],[480,350],[370,250],[290,190],[290,180],[260,160],[270,160],[280,150],[320,170],[420,210],[330,160],[260,120],[330,150],[360,150],[330,130],[320,120],[270,100],[290,100],[210,70],[300,90],[470,140],[1010,300],[1830,530],[870,260],[1200,350]],[[-84391150,33799660],[260,140],[520,280],[430,220],[480,250],[320,160],[550,290],[520,270],[630,360],[820,490],[550,360],[440,300],[250,190],[800,610],[420,320],[220,170],[2690,2040],[190,150],[1190,890],[60,40]],[[-84379100,33924130],[10,410],[10,590]],[[-84379080,33925130],[-10,480],[0,50],[0,170],[0,210],[0,70],[0,210],[0,160],[-10,320],[-20,540],[-10,250],[0,40],[0,160],[0,70],[0,110],[0,210],[0,90],[-10,110],[-10,170],[0,40],[0,20],[-10,230],[0,50],[-20,260],[-50,320],[-20,100],[-20,80],[-30,130],[-30,120],[-40,200],[-10,30],[-40,110],[-40,100],[-50,100],[-30,110],[-50,130],[-70,190],[-60,170],[-30,80],[-50,140],[-40,130],[-110,380],[-50,270],[-40,200],[0,110],[-10,170],[0,180],[10,90],[10,260],[10,100],[10,100],[10,60],[10,140],[50,360],[100,420],[60,230],[10,50],[60,130],[120,310],[50,120],[80,140],[140,290],[100,170],[60,100],[190,290],[60,80],[100,140],[120,200],[120,200]],[[-84377980,33937520],[200,210],[160,170],[200,200],[60,70],[140,150],[150,160],[100,110],[230,220],[230,220],[210,210],[180,180],[90,90],[120,120],[140,150],[190,190],[270,280],[210,210],[150,150],[130,130],[260,270],[210,210],[80,80],[330,320],[30,30],[340,330],[140,140],[170,180],[160,170],[270,340],[20,20],[240,310],[260,360],[100,190],[150,310],[70,150],[80,160],[100,190],[150,290],[140,300],[20,50],[100,200],[60,160],[100,250],[80,210],[100,270],[20,60],[90,350],[30,110],[40,160],[30,160],[30,240],[30,190],[20,150],[20,110],[20,150],[10,80],[50,260],[40,210],[10,40],[90,250],[120,240],[150,210],[140,180],[190,200],[130,110],[50,30],[170,100],[130,90],[180,130],[310,230],[190,150],[200,170],[320,320],[80,80],[110,120],[200,240],[30,40],[180,260],[100,150],[110,160],[80,110],[70,110],[30,60],[80,130],[30,60],[100,140],[60,80],[120,170],[90,120],[140,180],[120,130],[170,180],[90,70],[180,140],[40,30],[140,120],[70,60],[80,60],[130,110],[120,100],[110,100],[280,250],[50,50],[80,100],[80,90],[50,70],[70,110],[20,40],[100,200],[30,70],[40,90],[20,50]],[[-84235630,33714080],[-910,90],[-860,100],[-950,140],[-640,110],[-1320,160],[-540,70],[-190,20],[-1190,140],[-280,30],[-280,30],[-300,30],[-130,20],[-1590,200],[-980,130],[-860,110],[-1040,140],[-1140,160]],[[-84323830,33726750],[40,160],[110,410],[150,550],[240,990]],[[-84762010,34200090],[-80,-260],[-110,-380],[-150,-510],[-190,-500],[-90,-220],[-120,-260],[-120,-240],[-240,-440],[-140,-230],[-420,-630],[-270,-390],[-340,-490],[-280,-420],[-350,-490],[-330,-470],[-310,-450],[-320,-480],[-160,-250],[-120,-200],[-160,-290],[-190,-370],[-240,-600],[-120,-360],[-110,-460],[-80,-400],[-40,-390],[-10,-350],[-10,-470],[30,-520],[40,-280],[30,-220],[110,-510],[80,-290],[70,-230],[190,-480],[350,-710],[150,-250],[180,-270],[170,-250],[260,-340],[220,-260],[180,-200],[530,-600],[370,-420],[640,-720],[390,-440],[420,-470],[380,-470],[410,-540],[360,-530],[350,-560],[250,-440],[150,-270],[130,-220]],[[-84302350,33866560],[260,230],[180,170],[90,80],[120,120],[80,70],[140,120],[220,190],[210,180],[230,210],[130,120],[530,480],[300,260],[310,300],[50,40],[430,370],[190,170],[660,600],[260,230],[60,60],[130,110],[90,80],[250,240],[120,110],[340,330],[210,200],[80,80],[260,260],[190,180],[370,380],[280,330],[280,380],[140,220],[160,240],[330,510],[80,130],[220,340],[60,100],[160,250],[120,200],[300,560],[210,360],[230,420],[90,160],[330,610],[80,140],[430,780],[170,320],[80,140],[30,60],[300,540],[100,190],[490,880],[350,630],[70,130],[100,170],[110,200],[240,440],[180,330],[40,70],[150,270],[80,140],[110,190],[50,100],[50,90],[80,140],[40,80],[70,130],[100,180],[90,160],[180,330],[110,190],[180,330],[90,170],[200,350],[80,150],[190,330]],[[-84493250,33690420],[-210,-40],[-170,-30],[-180,-30],[-130,-20],[-90,-10],[-130,-10],[-190,-10],[-410,0],[-210,0],[-890,0],[-440,0]],[[-83926210,33982760],[930,-800],[480,-440],[380,-360],[710,-700],[650,-670],[510,-540],[410,-420],[350,-370],[970,-1010],[590,-620],[120,-120],[220,-210],[80,-80],[170,-150],[210,-180],[230,-180],[220,-160],[250,-170],[240,-160],[190,-120],[360,-210],[230,-120],[360,-170],[410,-180],[230,-90],[300,-110],[330,-110],[340,-100],[270,-70],[570,-130],[360,-60],[270,-40],[290,-40],[440,-40],[310,-20],[620,-10],[860,-10],[1640,-20],[530,-10],[1350,-10],[420,0],[1260,-20],[1670,-20],[880,-10],[750,-10],[480,0],[660,-10],[2330,-20],[270,-10],[1390,-20],[3190,-30],[2140,-30]],[[-84349670,33914650],[-280,-80]],[[-84231780,33948960],[550,320],[180,110],[230,130],[820,470],[420,250],[110,60],[140,90],[280,160],[300,170],[220,130],[140,80],[240,130],[240,140],[770,470],[100,60],[250,150],[200,110],[180,110],[630,360],[880,470],[50,30],[550,280],[120,60],[300,140],[440,200],[410,180],[410,170],[420,170],[60,30],[580,240],[140,60],[450,180],[290,120],[390,160],[70,30],[210,90],[700,280],[370,170],[450,200],[420,200],[480,240],[460,240],[190,100],[260,140],[810,420],[910,490],[110,60],[450,240],[60,30],[350,190],[50,30],[200,110],[600,320],[930,500],[580,310],[910,480],[450,240],[200,100],[260,140],[230,120]],[[-84363270,33910210],[-250,0]],[[-84484510,33760670],[-850,410],[-570,280],[-610,290],[-490,240],[-270,140],[-300,150],[-1000,470],[-600,290],[-830,410],[-510,250],[-390,190],[-860,420],[-720,360],[-370,180],[-110,60],[-130,60],[-670,290],[-110,50],[-480,190],[-300,110],[-280,90],[-390,120],[-220,60],[-140,40],[-230,50],[-220,50],[-180,40],[-210,40],[-250,50],[-130,20],[-110,20],[-450,70],[-340,40],[-340,40],[-270,20],[-220,10],[-280,10],[-310,10],[-210,0],[-280,0],[-190,-10],[-170,-10],[-1130,-70],[-1100,-80]],[[-84558680,33812340],[-90,30],[-200,80],[-90,40],[-270,130],[-110,60],[-100,60],[-260,160],[-200,160],[-40,30],[-160,130],[-540,420],[-920,720],[-280,210],[-210,150],[-110,80],[-80,50],[-340,180],[-80,40],[-60,30],[-310,120],[-120,40],[-130,50],[-90,30],[-90,30],[-160,50],[-160,50],[-50,20],[-220,70],[-430,130],[-150,50],[-190,60],[-300,100],[-260,80],[-310,100],[-650,210],[-70,20],[-310,100],[-150,50],[-600,190],[-400,130],[-430,150],[-240,80],[-110,30],[-230,70],[-190,60],[-200,70],[-440,150],[-160,50],[-220,70],[-120,40],[-290,90],[-480,160],[-330,100],[-310,90],[-430,100],[-80,10],[-350,60],[-320,40],[-260,20],[-190,20],[-260,20],[-410,40],[-250,20],[-170,10],[-170,10],[-230,20],[-130,10],[-160,10],[-290,20],[-210,10],[-590,40]],[[-84913850,34380110],[480,-550],[380,-430],[170,-200],[750,-840],[380,-430],[440,-500],[340,-370],[500,-570],[200,-220],[370,-410],[310,-350],[340,-380],[330,-370],[280,-310],[520,-580],[170,-180],[110,-110],[230,-240]],[[-84340190,33833650],[380,330],[270,240],[120,100],[150,130],[200,170],[150,130],[120,100],[140,120],[80,70],[150,130],[40,30],[140,120],[230,210],[40,30],[170,140],[40,30],[120,110],[120,90],[130,110],[240,190],[120,80],[20,20],[110,80],[320,220],[370,250],[140,90],[170,110],[150,100],[70,50],[80,50],[150,100],[100,60],[360,240],[190,120],[120,80],[130,90],[180,120],[180,120],[110,80],[400,290],[670,520],[380,330],[160,140],[220,200],[70,60],[360,320],[650,570],[170,150],[120,120],[220,200],[100,90],[310,260],[30,30],[220,200],[240,220],[150,140],[270,240],[90,70],[110,100],[150,140],[140,130],[190,180],[60,50],[130,120],[160,150],[220,190],[130,120],[140,120],[80,70],[150,130],[350,320],[270,230],[110,100],[180,160],[250,230],[110,100],[70,60],[140,120],[70,70],[180,160],[90,90],[170,150],[330,300],[90,90],[390,350],[710,650],[300,260],[130,120],[330,280],[220,190],[210,190],[330,300],[220,200],[120,110],[120,110],[70,70],[150,130],[170,150],[350,320],[610,550],[200,180],[310,270],[310,280],[270,240],[250,220],[280,250],[230,200],[300,280],[290,270],[930,830],[300,270],[220,200],[50,40],[250,220],[170,160],[180,150],[290,260],[110,100],[90,80],[150,140],[150,140],[200,170],[320,280],[70,70],[1310,1180],[60,50],[410,370],[230,200],[140,130],[80,70]],[[-84659630,34079750],[-790,40]],[[-84309670,33740040],[-10,70],[-10,90],[0,70],[0,430],[-10,240],[-20,490],[0,800],[0,340],[0,290],[0,2180],[0,220],[-10,490],[0,200],[-10,890],[0,350],[0,90]],[[-84309720,33751080],[0,320],[0,50],[0,170],[-10,780],[0,1210],[-10,270],[-10,90],[-20,90],[-10,30],[-80,90],[-100,120],[-150,190],[-120,140],[-80,170],[-60,290],[-50,280],[-30,260],[-20,220],[10,420],[-20,600],[-10,190],[-20,110],[-10,70],[0,100],[0,110],[20,190],[0,300],[10,360],[0,220],[-20,660]],[[-84353830,33974960],[210,70],[270,120],[50,20],[170,80],[180,90],[270,190],[150,120],[130,130],[180,230],[70,90],[160,280],[200,440],[180,360],[130,270],[160,360],[130,290],[30,70],[430,970],[90,220],[190,490],[30,90],[40,150],[60,230],[40,230],[30,230],[20,140],[-10,230],[-20,270]],[[-84488590,33625020],[60,-430]],[[-84195130,33968010],[310,160],[370,200],[520,260],[190,90],[120,60],[220,110],[340,170],[200,90],[170,80],[210,100],[470,210],[30,10],[1360,600],[840,360],[400,170],[300,130],[60,20],[400,170],[370,150],[370,150],[20,10],[190,80],[540,210],[840,360],[900,400],[530,220],[610,230]],[[-84441990,33772820],[-150,80],[-140,80],[-90,50],[-610,340],[-260,150],[-540,270],[-170,90],[-380,120],[-280,60],[-400,60],[-370,60],[-340,70],[-240,50],[-530,130],[-70,30],[-350,140],[-490,290],[-200,150],[-250,180],[-110,90],[-430,330],[-220,170],[-400,320],[-580,450],[-100,80]],[[-84374230,34011680],[610,200],[630,200],[1360,480],[200,80],[710,300],[1340,490],[860,290],[710,240],[560,160],[290,60],[220,40],[500,60],[310,10],[240,0],[650,0],[640,0],[170,40],[650,-30]],[[-84385450,33765550],[-210,130],[-220,130],[-260,140],[-350,180]],[[-84364570,33955340],[10,30],[40,200],[20,120],[20,150],[0,110],[0,130],[-10,50],[0,50],[-20,120],[-30,200],[-30,90],[-10,30],[-20,90],[-20,70],[-50,180],[-20,90],[-130,470],[-200,740],[-190,720],[-30,110],[-100,340],[-20,100],[-60,240],[-50,180],[-20,70],[-10,50],[-80,340],[-30,140],[-40,200],[-50,240],[-10,110],[-20,150],[-10,180],[0,210],[50,270],[80,270],[20,60],[60,190],[50,150],[70,150],[80,170],[100,150],[170,270],[190,270],[40,60],[30,40],[30,50],[260,380],[390,480],[270,400],[190,230],[70,100],[150,210],[220,310],[150,200],[80,110],[310,400],[50,70],[200,260],[330,450],[160,220],[150,200],[50,60],[150,200],[30,40],[240,330],[200,270],[180,250],[120,150],[150,200],[170,210],[50,50],[190,210],[70,60],[180,180],[290,280],[100,100],[450,420],[250,260],[170,220],[50,70],[30,40],[60,80],[50,80],[130,200],[160,270],[140,220],[80,120],[100,170],[180,310],[160,210],[40,60],[40,50],[160,160],[60,60],[50,40],[220,170],[270,160],[140,90],[350,150],[200,80],[290,120],[50,20],[200,90],[340,140],[60,20],[50,20],[170,70],[280,120],[140,60],[360,130]],[[-84390850,33790430],[-20,200],[-20,190],[-30,190],[-20,110],[-30,130],[-30,130],[-40,150],[-60,180],[-110,280],[-100,210],[-110,190],[-120,200],[-270,370],[-230,280],[-410,520],[-180,220],[-90,130],[-80,120],[-50,80],[-60,100],[-70,130],[-70,140],[-40,90],[-40,90],[-30,70],[-40,110],[-30,90],[-40,110],[-30,110],[-30,130],[-20,110],[-30,300],[-20,230],[-10,290],[10,160],[20,190],[20,110],[20,80],[20,80],[20,80],[30,100],[20,60],[30,90],[30,80],[40,100],[30,70],[50,110],[50,100],[290,470],[120,170],[170,210],[200,220],[150,140],[90,70],[90,80],[170,120],[180,120],[240,140],[170,100]],[[-84362060,33514470],[190,140]],[[-84381880,33771280],[30,420],[10,70],[10,60],[60,670]],[[-84592370,33557120],[310,210],[170,110],[1260,810],[510,320],[330,210],[370,250],[790,520],[260,160],[250,150],[580,380],[350,230],[490,320],[150,100],[250,200],[550,470],[300,290],[180,190],[140,180],[160,190],[30,40],[170,210],[90,110],[140,180],[220,270],[280,340],[220,280],[320,440],[210,300],[200,280],[270,390],[50,80],[210,290],[190,260],[190,240],[330,410],[50,60],[270,270]],[[-84520160,33612620],[340,170],[280,140],[770,380],[1080,540],[340,180],[240,110],[180,90],[250,120],[160,80],[120,60],[780,410]],[[-84408400,33744050],[0,120],[10,90],[0,80]],[[-84581530,33566860],[530,340],[50,30],[220,130],[310,150],[430,180],[90,40],[250,110],[70,30],[60,30],[110,50],[280,130],[150,70],[110,50],[480,230],[310,150],[680,330],[300,140],[1170,560],[80,40],[40,20],[400,190],[320,160],[210,110],[480,240],[450,200],[390,180],[120,60],[520,240],[210,100],[710,340],[1160,550],[640,310],[1000,480],[180,90],[250,140],[260,150],[350,210],[310,190],[260,170],[140,90],[170,80],[120,60],[100,50],[90,50],[550,270]],[[-84551250,33581790],[290,280],[70,70],[90,80],[50,40],[100,110],[130,180],[240,290],[220,320],[110,170],[150,210],[100,180],[260,480],[200,500],[120,340],[100,380],[20,70],[100,400],[70,450],[30,490],[0,100],[0,550],[0,80],[-30,1420],[-20,690],[-10,340],[0,190],[0,150],[0,160],[0,410],[0,100],[-10,150],[-30,330],[-30,130],[-20,100],[-20,120],[-20,100],[-10,30],[-110,430],[-60,230],[-70,250],[-30,110],[-40,150],[-50,210],[-100,390],[-30,100],[-70,290],[-70,280],[-50,220],[-10,40],[-30,340],[0,320],[0,50],[50,280],[60,230],[10,40],[60,150],[60,190],[120,210],[120,180],[200,220],[190,210],[230,220],[370,330]],[[-84347380,33915350],[-480,-150],[-430,-130],[-770,-240],[-610,-180]],[[-84597700,33855210],[880,-20],[170,0],[1110,-10],[1270,-10],[320,10],[290,0],[420,30],[460,60],[410,80],[530,160],[190,60],[300,130],[210,90],[160,70],[340,160]],[[-84363520,33910210],[-570,10],[-220,10],[-460,20],[-450,40],[-410,50],[-420,60],[-390,70],[-550,100]],[[-84505370,33940750],[-580,-280],[-570,-280],[-360,-170],[-180,-90],[-230,-90],[-330,-140],[-260,-90],[-380,-80],[-70,-10],[-420,-30],[-350,0],[-490,40],[-510,100],[-450,120],[-300,110],[-480,220],[-190,90],[-700,330],[-830,340]],[[-84429630,33698120],[-180,10],[-340,10],[-380,10],[-530,10],[-1040,10]],[[-84029500,33934810],[-260,430],[-150,240],[-180,230],[-210,210],[-230,190],[-360,240],[-320,220],[-270,170],[-420,270],[-500,320],[-60,50],[-320,220],[-170,130],[-230,170],[-200,150],[-340,280]],[[-84050840,33953040],[-130,260],[-120,230],[-130,190],[-80,100],[-90,110],[-210,210],[-260,230],[-280,180],[-270,150],[-360,150],[-320,110],[-230,50],[-80,10],[-310,60],[-40,10],[-70,10],[-270,40],[-730,110],[-400,60],[-160,40],[-290,60]],[[-84088420,33989770],[-360,330],[-840,790],[-580,540],[-400,380],[-150,160],[-180,270],[-150,290],[-80,200],[-70,310],[-20,110],[-10,100],[-10,250],[0,100],[0,60],[-10,170],[-10,360],[0,110],[0,430],[-10,80],[0,50],[0,60],[-10,130],[-20,90],[-20,120],[-20,90],[-60,220],[-150,340],[-170,280],[-110,180],[-350,550],[-110,170],[-180,290],[-60,90],[-50,80],[-360,590],[-70,110]],[[-84357750,33922790],[0,260],[0,210],[-10,710],[-10,890],[0,650],[10,270],[0,180]],[[-84357810,33939620],[-20,500],[-20,340],[-20,360],[-30,680],[-10,170],[-10,190],[-10,360],[-20,550],[-10,280],[-10,340],[-10,820],[-10,620],[10,270],[20,990],[70,1660],[60,1320],[40,1060],[10,310],[10,230],[40,770],[60,600],[70,500],[80,430],[80,350],[120,490],[180,600],[170,530],[170,460],[230,550],[220,470],[250,480],[220,390],[180,290],[130,220],[140,210],[140,210],[210,310],[140,200],[590,860],[310,440],[310,450],[280,410],[760,1100],[170,230],[570,820],[450,650],[390,570],[500,730],[560,870],[430,700],[430,760],[510,960],[580,1160],[320,640],[720,1440],[950,1900],[330,650],[790,1570],[800,1620],[450,880],[170,350],[450,900],[520,950],[490,970],[270,550],[210,410],[70,150],[130,290],[110,280],[20,40]],[[-84253980,33826660],[100,30],[370,120],[30,10],[340,130],[400,180],[170,70],[210,90],[550,240],[110,50],[400,190]],[[-84325160,33448600],[110,-290],[110,-290],[20,-40],[70,-190],[80,-220],[140,-330],[180,-450],[190,-470],[140,-300],[180,-390],[150,-330],[100,-200],[530,-1090],[250,-500],[170,-330],[160,-320],[20,-50],[90,-170],[70,-140],[30,-60],[50,-100],[50,-110],[60,-130],[70,-150],[100,-220],[70,-180],[110,-250],[320,-790],[90,-270],[90,-290],[20,-60],[60,-270],[90,-360],[20,-100],[90,-410],[40,-230],[30,-180],[30,-200],[70,-530],[40,-580],[10,-240],[40,-650],[60,-980],[30,-390],[80,-1220],[10,-210],[80,-1080],[30,-590],[30,-410],[30,-340],[20,-260],[30,-330],[30,-340],[30,-410],[40,-250],[100,-710],[10,-80],[100,-640],[160,-830],[270,-1170],[30,-120],[170,-600],[140,-490],[130,-390],[70,-230],[40,-110],[290,-830],[140,-360],[100,-250],[160,-400],[140,-320],[190,-430],[190,-420],[230,-520],[170,-370],[580,-1300],[660,-1450],[1020,-2250]],[[-84548250,33597650],[510,540],[50,50],[100,110],[200,200],[180,180],[410,410],[460,370],[400,290],[560,360],[440,240],[470,230],[1160,570],[570,280],[230,120],[300,150],[1880,920],[230,110],[750,370],[1380,690],[1100,540],[350,170],[1130,560],[490,240],[20,10],[350,170],[580,280],[540,270],[210,100],[630,310],[350,170],[930,460],[860,420],[190,100],[600,290],[510,250],[300,150],[500,250],[370,180],[360,180],[260,130],[370,180],[220,110],[220,110],[580,290],[320,160],[220,110],[200,100],[160,90],[580,280],[240,110],[540,260],[420,210],[820,410],[870,430],[490,240],[930,460]],[[-84293560,34070810],[730,-70],[220,-30],[260,-30],[120,-20],[540,-100],[350,-50],[170,-20],[430,-30],[180,-10],[80,-10],[380,-10],[300,0],[290,-10],[240,-10],[180,-10],[40,0],[90,0],[270,0],[460,-10],[90,0],[640,-40],[340,-40],[380,-90],[270,-70],[300,-100],[290,-120],[380,-170],[160,-90],[350,-160],[230,-100],[330,-150],[270,-110],[50,-20],[200,-60],[180,-60],[320,-70],[220,-30],[170,-20],[550,-30],[230,-10],[780,0],[90,0],[510,-10],[440,-10],[70,0],[380,-20],[70,0],[490,-40],[430,-30],[100,-10],[620,-40],[80,0],[610,-40],[220,-20],[20,0],[550,-30],[260,-20],[100,0],[200,0],[410,-10],[730,-10],[110,0],[440,10],[500,10],[580,10],[230,10]],[[-84184250,33972810],[530,260],[150,70],[440,190],[420,180],[460,190],[1220,530],[260,110],[1430,600],[230,100],[610,270],[1070,440],[990,400],[800,330],[770,360],[260,120],[280,160],[260,180],[320,260],[300,290],[200,220],[230,320],[160,270],[100,170],[90,230],[110,270],[100,350],[30,120],[120,430],[220,780],[110,450],[50,210],[130,550],[130,550],[110,450],[90,330],[60,240],[90,340],[20,60],[190,670],[100,390],[130,450],[90,330],[160,570],[70,240],[50,200],[70,260],[50,230],[50,180],[60,230],[60,260],[40,130],[30,120],[70,290],[40,150],[30,130],[70,240],[130,400],[100,310],[150,480],[30,80],[190,530],[240,590],[90,210],[100,250],[150,380],[160,430],[30,80],[400,930],[170,400],[70,180],[240,690],[70,230],[10,40],[50,200],[110,620],[30,400],[10,170],[10,210],[0,250],[-20,240],[-30,400],[-30,160],[-30,210],[-60,250],[-60,270],[-40,130],[-130,420],[-90,240],[-150,350],[-180,370],[-30,50],[-180,310],[-20,40],[-90,140],[-140,220],[-210,330],[-320,470],[-160,290],[-230,430],[-60,130],[-100,250],[-40,90],[-40,130],[-120,340],[-50,220],[-60,240],[-70,410]],[[-84038510,34362110],[-160,-100],[-130,-80],[-530,-330],[-350,-210],[-350,-220],[-460,-280],[-200,-120],[-950,-580],[-110,-70],[-100,-60],[-180,-120],[-550,-350],[-550,-340],[-270,-170],[-90,-70],[-780,-550],[-460,-440],[-250,-290],[-210,-250],[-290,-450],[-140,-260],[-150,-330],[-310,-730],[-170,-420],[-160,-380],[-80,-180],[-160,-400],[-370,-870]],[[-84029450,33934710],[-50,100]],[[-84046720,34353430],[140,340]],[[-84210770,33987530],[120,180],[680,990],[290,430],[230,350],[50,70],[270,370],[190,270],[300,420],[190,260],[130,170],[620,810],[250,320],[180,250],[240,350],[230,340],[620,900],[140,200],[180,270],[230,300],[200,230],[190,180],[280,210],[180,130],[120,80],[190,120],[320,190],[970,600],[490,300],[390,240],[190,110],[200,120],[310,180],[150,90],[90,60],[200,130],[330,220],[600,410],[340,230],[160,110],[300,190],[310,190],[170,110],[420,250],[430,280],[400,290],[330,280],[210,200],[170,200],[270,320],[320,420],[100,140],[470,670],[560,790],[240,340],[230,370],[130,230],[230,460],[350,720],[550,1110],[160,340],[140,300],[30,60],[250,530],[20,40],[210,470],[70,220],[60,180],[40,130],[160,660],[50,270],[60,300],[40,230],[80,460],[150,790]],[[-84369730,33547640],[20,-90],[50,-280],[40,-180],[30,-110],[80,-280],[70,-250],[120,-380],[30,-80],[40,-110],[40,-100],[30,-90],[10,-20],[100,-230],[120,-280],[80,-180],[150,-330],[110,-210],[180,-350],[100,-190],[220,-420],[330,-640],[670,-1300],[410,-800],[250,-490],[140,-260],[50,-110],[200,-380],[100,-200],[50,-100],[40,-90],[160,-350],[60,-110]],[[-84352790,33825580],[140,20],[270,30],[160,0],[60,0],[140,-10],[200,-20],[180,-20],[200,-10],[190,-10],[80,-10],[320,-40],[330,-30],[200,-10],[190,0],[190,30],[60,10],[90,20],[80,20],[160,50],[110,30],[80,50],[90,60],[80,80],[120,70],[100,50],[120,80],[50,40],[160,140],[40,30],[60,60],[100,100],[130,110],[150,140],[170,150],[290,270],[140,120],[60,50],[160,150],[90,80],[90,80],[70,60],[90,70],[130,120],[130,120],[210,180],[150,130],[60,50],[70,60],[70,60],[50,50],[50,40],[130,120],[390,330],[200,170],[230,210],[170,150],[730,650],[230,210],[260,220],[110,100],[170,150],[330,270],[630,550],[100,90],[140,120],[300,270],[20,20],[50,50],[190,170],[120,110],[80,70],[50,40],[60,60],[110,90],[100,90],[80,70],[130,100],[40,40],[190,170],[100,90],[50,40],[400,350]],[[-84566420,33574380],[-550,-270],[-90,-50],[-100,-50],[-120,-60],[-170,-80],[-140,-90],[-260,-170],[-310,-190],[-350,-210],[-260,-150],[-250,-140],[-180,-90],[-1000,-480],[-640,-310],[-1160,-550],[-710,-340],[-210,-100],[-520,-240],[-120,-60],[-390,-180],[-450,-200],[-480,-240],[-210,-110],[-320,-160],[-400,-190],[-40,-20],[-80,-40],[-1170,-560],[-300,-140],[-680,-330],[-310,-150],[-480,-230],[-110,-50],[-150,-70],[-280,-130],[-110,-50],[-60,-30],[-70,-30],[-250,-110],[-90,-40],[-430,-180],[-310,-150],[-220,-130],[-50,-30],[-530,-340]],[[-84415920,33800500],[-20,-270],[-30,-300]],[[-84589660,33856500],[250,120],[230,110],[140,60],[180,90],[120,50],[200,90],[170,60],[190,50],[180,50],[180,30],[560,60],[360,10],[210,-10],[210,-30],[180,-30],[590,-110],[310,-60],[390,-70],[820,-160],[330,-50],[440,-80],[220,-30],[630,-80],[250,-20],[190,-10],[410,-30],[410,-30],[500,-20],[940,-10],[370,0],[850,-10],[870,0]],[[-84459970,33698580],[-320,-170]],[[-84367690,33848220],[-620,1020],[-370,650],[-80,140],[-290,510],[-210,430],[-190,440],[-130,370],[-10,40],[-50,220],[-50,320],[-20,230],[-10,300],[10,360],[20,480],[100,1060],[110,1380],[50,560]],[[-84363160,33896200],[1250,2180],[720,1260],[120,200],[990,1740],[790,1350],[90,150],[540,980],[220,440],[230,490],[220,530]],[[-84192020,34011260],[80,350],[90,320],[40,120],[80,280],[180,580],[60,200],[110,370],[350,1140],[90,310],[70,210],[30,70],[200,580],[140,380],[140,440],[50,180],[130,420],[50,160]],[[-84240450,33944120],[-120,-70],[-110,-60],[-310,-180],[-250,-150],[-130,-80],[-520,-300],[-560,-330],[-400,-230],[-450,-270],[-720,-410],[-230,-140],[-510,-290],[-1010,-550]],[[-84433950,33771300],[-170,-10],[-280,-10],[-130,-10],[-440,0],[-470,20],[-560,60],[-250,20],[-980,110],[-390,50],[-410,40],[-110,10],[-120,10],[-480,60],[-150,20],[-540,50],[-300,60],[-210,70],[-260,130],[-110,50],[-210,100],[-100,50],[-500,230],[-80,40],[-150,70],[-220,100],[-420,200]],[[-84012030,34398820],[-190,-130],[-540,-370],[-30,-20],[-240,-170],[-280,-190],[-200,-130],[-320,-210],[-250,-160],[-450,-310],[-250,-170],[-590,-400],[-380,-250],[-230,-170],[-190,-140],[-90,-60],[-340,-260],[-250,-220],[-300,-290],[-260,-300],[-220,-250],[-520,-630],[-630,-830],[-730,-960],[-180,-240],[-250,-330],[-170,-220],[-270,-350],[-490,-640],[-670,-870],[-650,-880],[-510,-810],[-140,-270],[-130,-290],[-220,-610],[-130,-490],[-40,-140],[-90,-490],[-90,-670],[-110,-820],[-190,-1460],[-130,-990],[-90,-690],[-130,-840],[-30,-230],[-80,-350],[-110,-480],[-140,-390],[-80,-220],[-210,-450],[-220,-370],[-180,-310],[-120,-170],[-250,-360],[-310,-370],[-440,-520],[-310,-360],[-310,-370],[-250,-280],[-180,-210],[-50,-50],[-210,-240],[-100,-120],[-400,-460],[-230,-280],[-50,-70],[-60,-70],[-210,-260],[-320,-400],[-330,-420],[-630,-860],[-960,-1330],[-220,-300],[-430,-600],[-610,-840],[-190,-260],[-130,-180],[-180,-250],[-60,-80],[-130,-170],[-80,-100],[-190,-260],[-150,-210],[-340,-450],[-150,-190],[-170,-230],[-70,-90],[-100,-110],[-180,-190],[-130,-150],[-110,-120],[-110,-120]],[[-84324570,34060920],[320,400],[220,230],[160,200],[90,100],[370,440],[300,350],[240,290],[160,180],[50,60],[220,260],[520,620],[410,400],[260,220],[140,120],[220,140],[170,110],[230,110],[360,180],[270,120],[210,90],[200,90],[350,150],[40,20],[200,60],[290,90],[340,110],[490,110],[260,40],[160,20],[150,20],[280,30],[60,0],[40,0],[240,20],[350,0],[380,-10],[320,0],[110,0],[660,-10],[200,0],[310,-10],[360,-10],[110,0],[660,-10],[350,-10],[330,0],[520,-10],[390,0],[90,0],[220,-10],[160,0],[190,0],[200,0],[230,-10],[320,-10],[310,0],[90,0],[480,-20],[160,0],[280,-20],[250,-20],[460,-30],[130,-10],[90,0],[240,0],[230,-10],[50,0],[40,0],[200,20],[220,10],[160,20],[140,10],[250,10],[80,10],[60,10],[270,40],[150,20],[110,20],[90,20],[450,90],[410,110],[120,40],[360,100],[190,60],[170,60],[440,190],[220,90],[270,120],[80,40],[40,20],[310,140],[160,80],[370,180],[190,90],[250,120],[100,50],[270,130],[340,150],[190,90],[250,110],[60,30],[50,20],[130,60],[60,30],[100,40],[130,60],[430,200],[40,20],[180,90],[140,80],[280,170],[70,50],[130,80],[80,60],[50,50],[140,110],[130,110],[40,40],[160,140],[150,160],[90,100],[180,200],[140,150],[180,180],[170,200],[300,340]],[[-84249670,33878940],[-10,590],[0,390],[0,250],[-10,260],[-10,230],[-10,200],[-10,180],[-30,230],[-30,200],[-30,170],[-50,240],[-70,320],[-50,210],[-100,330],[-130,390],[-230,560],[-100,210],[-120,230],[-140,270],[-130,220],[-100,160],[-150,250],[-70,110],[-310,430],[-170,210],[-370,440],[-400,420],[-210,200],[-190,180],[-150,140],[-200,170],[-210,180],[-240,190],[-210,160]],[[-84331770,33572540],[340,-230],[970,-640],[2070,-1380],[2100,-1410],[500,-330],[1400,-930]],[[-84313660,33841430],[110,-210],[130,-230],[80,-190],[120,-240],[120,-210],[130,-290],[60,-120],[230,-480],[80,-170]],[[-84372210,33583610],[570,-160],[530,-150],[1290,-370],[1340,-380],[670,-180],[750,-190],[860,-200],[860,-190],[730,-160],[660,-140],[1640,-350],[2360,-510],[1150,-250],[1170,-250],[980,-210],[1070,-230],[1070,-230],[330,-70],[800,-170],[860,-190],[1290,-280],[1250,-270]],[[-84244800,33819450],[-860,-470],[-670,-360],[-470,-240],[-140,-80],[-680,-340],[-920,-450],[-330,-150],[-470,-200],[-450,-180],[-220,-130],[-360,-200],[-330,-180],[-180,-90],[-640,-340],[-250,-130],[-160,-80],[-120,-60],[-130,-80],[-440,-230],[-460,-230],[-460,-230],[-390,-190],[-370,-190],[-910,-450],[-820,-410],[-1730,-850]],[[-84387130,33632840],[-170,-160],[-150,-130],[-180,-140],[-190,-140],[-150,-110],[-120,-80],[-130,-80],[-240,-140],[-70,-40],[-100,-50],[-180,-90],[-240,-110],[-230,-90],[-280,-100],[-240,-80],[-210,-60],[-140,-40],[-180,-40],[-220,-40],[-250,-50],[-150,-20],[-210,-20],[-520,-30],[-370,0],[-240,10],[-150,10],[-200,20],[-180,20],[-210,30],[-220,40],[-140,30],[-210,50],[-660,180],[-410,120],[-680,210]],[[-84536600,33564260],[450,360],[180,150],[150,130],[240,210],[180,160],[260,230],[240,230],[220,230],[460,490],[540,560],[870,900],[460,480],[1730,1800],[460,480]],[[-84407210,33684280],[590,170],[340,90],[460,120]],[[-84513050,33940840],[-590,220],[-840,320],[-850,330],[-170,60],[-240,20],[-520,190],[-160,50],[-380,130]],[[-84405240,33684820],[1720,440]],[[-84051030,33953060],[30,-80],[30,-80]],[[-84379030,33919100],[20,360],[0,120],[0,100],[0,40],[10,230],[0,130],[-10,180],[-10,120],[0,40],[-10,100],[-10,160],[-10,110],[-10,130],[-10,130],[-10,240],[-20,170],[-40,110],[0,60],[0,40],[-10,240],[-10,130],[-10,210],[0,50],[0,70],[-10,200],[-10,360],[40,350],[10,100],[10,110],[10,230],[0,80],[20,330]],[[-84086120,33988180],[150,-50],[490,-160],[910,-310],[250,-90],[130,-40],[170,-60],[290,-90],[900,-300],[280,-90],[440,-150]],[[-84364740,33814270],[570,460],[590,520],[300,270],[120,120],[170,180],[290,290],[560,610],[440,540],[190,250],[750,1110],[350,500],[390,560],[30,50],[90,120],[220,330],[370,500],[90,110]],[[-84110630,34013530],[250,-200],[90,-80],[110,-80]],[[-84292830,33918790],[-510,250],[-450,210],[-410,160],[-390,150],[-510,180],[-670,190],[-280,70],[-250,60],[-280,60],[-330,60]],[[-84288650,33910880],[260,190],[180,130],[230,170],[350,260],[250,190],[280,220],[190,170],[260,240],[220,240],[120,120],[170,160],[190,230],[270,360],[130,160],[270,370],[220,340],[110,230],[20,50],[40,140]],[[-84425280,33623290],[-390,-220],[-160,-90],[-300,-170],[-640,-350],[-440,-240],[-370,-190],[-510,-310],[-330,-180],[-400,-220],[-400,-230],[-410,-230],[-460,-260],[-890,-510],[-630,-350],[-610,-340],[-240,-130],[-230,-120],[-550,-280]],[[-84231310,33749740],[-70,320],[-50,330],[-30,270],[-200,1330],[-80,540],[-130,870],[-70,510],[-20,140],[-70,490],[-50,330],[-30,220],[-40,310],[-30,280],[-30,410]],[[-84369410,33649270],[-400,-500],[-70,-100],[-110,-150],[-120,-160],[-160,-200],[-190,-270],[-370,-480],[-360,-470],[-470,-620],[-700,-900],[-480,-600],[-300,-380],[-170,-190],[-500,-620],[-480,-580],[-360,-420],[-720,-810],[-1110,-1250],[-370,-400],[-200,-220],[-230,-230],[-100,-90],[-90,-80],[-130,-110],[-100,-80],[-100,-80],[-110,-90],[-120,-90]],[[-84366190,33813240],[540,380],[340,230],[200,150],[370,270]],[[-84397830,33677700],[-220,1300],[-180,1100],[-160,1020],[-70,450],[-70,450],[-40,260],[-30,220],[-30,250],[-20,230],[-10,230],[-10,290],[0,630],[10,420],[0,250]],[[-84380830,33761600],[-470,350],[-260,200],[-80,60],[-460,350]],[[-84505880,33940300],[670,320],[480,230],[200,100],[200,110],[180,80],[70,40],[1060,530],[870,430],[500,260]],[[-84127030,33822920],[380,-20],[540,-20],[890,-60],[990,-50],[1880,-90],[1340,-70],[530,-30],[260,-10],[970,-40],[600,-30],[530,-30],[610,-30],[520,0],[480,30],[260,30],[390,50],[480,70],[700,120]],[[-83953030,33984360],[410,20]],[[-84535340,33695980],[-220,-50],[-140,-50],[-110,-40],[-110,-40],[-210,-90],[-560,-270],[-360,-190],[-360,-190],[-200,-110],[-400,-220],[-210,-80],[-250,-90],[-230,-70],[-350,-70],[-380,-40],[-230,-10],[-310,10],[-50,10],[-310,40],[-150,30],[-90,20],[-280,80],[-170,60],[-260,110],[-270,140],[-230,140],[-240,180],[-830,640],[-740,590],[-300,250],[-240,190],[-250,270],[-180,230],[-40,70],[-140,260],[-150,360],[-30,80],[-110,300],[-40,90],[-70,180]],[[-83925120,33982130],[-140,80],[-460,330],[-160,110],[-150,120],[-160,140],[-50,40],[-60,40],[-70,20],[-120,-10],[-280,-240]],[[-84592910,33556770],[80,40],[460,310]],[[-84258510,33968490],[430,-280],[370,-240]],[[-84245790,33709840],[270,350],[180,230],[170,210],[170,200],[230,260],[220,230],[200,200],[200,190],[140,130],[480,440],[480,440],[700,640],[180,160],[570,520],[340,310],[270,260],[140,140],[240,250],[260,290],[150,180],[130,170],[100,130],[110,150],[130,180],[140,200],[120,180],[120,190],[130,220],[150,270],[130,250],[190,380]],[[-84407410,33632580],[-530,-130],[-880,-230],[-300,-80],[-700,-200],[-490,-150],[-590,-200]],[[-84273770,33698930],[2870,-30],[2140,0],[1870,-30],[840,-10],[210,10],[1090,-10],[1850,-20],[1390,-30]],[[-84230420,33826820],[-3120,-1560],[-80,-40],[-2760,-1360]],[[-84383880,33771290],[460,0]],[[-84362900,34014300],[0,170],[0,70],[0,550]],[[-84092240,34049340],[-170,-150],[-140,-130]],[[-84073570,33975440],[-150,450],[0,130]],[[-84081170,33986680],[-630,230],[-220,80],[-870,310],[-750,250],[-290,100],[-170,60],[-130,40],[-260,80],[-20,10],[-410,160],[-490,140]],[[-84349210,33743970],[-20,250],[0,120],[0,70],[0,300],[0,340],[0,140],[0,110],[0,240],[10,420],[0,70],[0,60],[0,70],[0,180],[-10,180],[0,350],[20,300]],[[-84326500,34022160],[490,-100],[670,-130],[470,-120],[390,-100],[220,-40],[390,-90],[460,-100],[500,-120]],[[-84361580,34022270],[130,330],[110,300],[140,250],[130,220],[100,210]],[[-84616520,33817020],[-80,-20],[-640,-170],[-620,-170],[-810,-220],[-250,-70],[-420,-110],[-150,-40],[-250,-70],[-120,-30]],[[-84371410,33843800],[340,180]],[[-84568920,34016150],[-70,300],[-90,370],[-60,260],[-130,520],[-100,400],[-70,300],[-70,290],[-140,570],[-110,470],[-190,780],[-40,150],[-60,220],[-50,170],[-40,140],[-80,260],[-50,140],[-70,190],[-60,160],[-80,190],[-80,190],[-100,220],[-120,250],[-80,150],[-110,190],[-190,310],[-150,240],[-230,340],[-170,230],[-330,460],[-450,600],[-430,570],[-80,110],[-310,420],[-310,420],[-280,370],[-110,150],[-260,360],[-340,450],[-270,370],[-50,70],[-70,100],[-70,110]],[[-84362070,33850420],[100,100],[50,50],[40,50]],[[-84270430,34068670],[500,0],[550,20],[150,0],[330,0],[260,10],[230,10],[660,0],[890,-10],[130,0],[500,-30],[430,-50],[280,-30],[220,-30],[350,-40],[270,-40],[200,-40],[310,-60],[540,-120],[630,-170],[120,-40],[550,-170],[850,-270],[170,-60],[340,-130],[330,-120],[210,-80],[300,-120],[320,-120],[390,-150],[2690,-1010],[1410,-540],[750,-280],[660,-240],[780,-290],[100,-40],[180,-70],[400,-150],[530,-210],[410,-140],[720,-270],[530,-200],[580,-220],[170,-70],[140,-50],[900,-350],[210,-80],[690,-270],[180,-70],[290,-110],[180,-80],[440,-140],[430,-160],[300,-110],[350,-140],[180,-70],[430,-150],[430,-140],[510,-160],[350,-100],[540,-150],[510,-130],[410,-100],[220,-50],[380,-80],[110,-30],[320,-80],[520,-130],[690,-170],[740,-190],[540,-130],[170,-40],[680,-170],[580,-150],[530,-130],[300,-80],[380,-110],[750,-210],[470,-150],[380,-100],[340,-110],[280,-130],[110,-50],[240,-140],[230,-150],[210,-170]],[[-84118730,34022020],[-120,340]],[[-84535070,33696030],[-270,-50]],[[-84180610,33926050],[630,280],[1310,620],[1050,510],[1060,500],[550,260],[530,260],[250,120],[1570,740],[1530,710],[560,250]],[[-84352610,33932910],[210,-140],[110,-120]],[[-84400330,33628070],[-60,870]],[[-84400940,33633790],[-80,580],[-60,460]],[[-84283000,33548680],[-260,100],[-540,220],[-540,220],[-270,100],[-270,110],[-400,160],[-230,90],[-1010,400],[-1430,570],[-1400,560],[-1180,470],[-1020,400],[-1240,490],[-880,320],[-460,160],[-520,170],[-1580,520],[-3040,990],[-1690,550],[-1860,600],[-1260,410],[-840,270],[-430,140],[-200,70],[-220,80],[-190,70],[-290,110],[-330,140],[-520,220],[-310,140],[-200,90],[-240,120],[-260,130],[-280,150],[-430,240],[-400,230],[-680,400],[-970,570],[-470,260],[-1230,740],[-870,510],[-790,480],[-190,110],[-140,80],[-160,100],[-170,100],[-130,90],[-80,60]],[[-84408950,33773190],[-450,-30]],[[-84489000,33627820],[110,-730],[100,-720],[110,-720],[90,-630]],[[-84545140,33698700],[-200,580],[-80,250],[-130,330],[-110,260],[-160,260],[-70,100],[-40,70],[-170,250],[-220,230],[-120,110],[-130,120],[-500,470],[-340,330],[-740,700],[-250,210],[-490,440],[-300,270],[-300,250],[-260,200],[-180,130],[-320,200],[-460,270],[-360,210],[-70,40],[-1200,700],[-20,10],[-390,230],[-490,280],[-30,20],[-450,260],[-550,320],[-650,380],[-820,490],[-140,110],[-260,160],[-270,170],[-360,200],[-220,120],[-170,70],[-240,80],[-260,70],[-150,50],[-80,60],[-110,110]],[[-84349290,33762170],[0,-110],[10,-310]],[[-84013060,34095960],[350,-230]],[[-83908260,33969210],[10,-650],[-10,-700],[-20,-750],[-10,-670],[-40,-450],[-30,-190],[-40,-230],[-20,-130],[-50,-230]],[[-84218520,33706900],[70,220],[40,180],[0,40],[40,340]],[[-84399430,33621580],[-100,480],[-100,480],[-90,530],[-120,810],[-40,300],[-60,430],[-120,960],[-100,740],[-70,560],[-40,410],[-40,500],[-20,290]],[[-84217590,33710680],[60,190],[30,170],[30,230],[60,230],[20,90],[30,130],[100,500],[40,190]],[[-84515620,33614900],[290,170],[560,360],[540,420],[760,640],[420,340],[170,120],[200,150],[380,280],[310,240],[280,230],[40,40]],[[-84415500,33697500],[-470,120],[-210,50],[-230,50],[-270,50],[-120,20],[-140,20],[-110,10],[-140,10],[-310,10],[-810,20],[-1180,10],[-490,10],[-1000,0]],[[-84781010,33329890],[130,-250],[400,-750]],[[-84379720,33751860],[130,140],[80,80],[180,230],[180,260]],[[-83914940,33958070],[-850,-530],[-540,-360],[-820,-510],[-570,-390],[-380,-280],[-190,-150],[-460,-380],[-450,-400],[-190,-180],[-340,-340],[-170,-180],[-280,-320],[-220,-250],[-230,-290],[-250,-370],[-280,-400],[-370,-620],[-330,-620],[-310,-680],[-290,-630],[-150,-350],[-140,-310],[-150,-360],[-60,-130],[-100,-240],[-90,-200]],[[-84052250,33889510],[-100,-60],[-160,-80],[-170,-70],[-230,-80],[-240,-70],[-240,-50],[-250,-40],[-240,-10],[-250,0],[-240,20],[-180,30],[-150,30],[-160,40],[-220,60],[-220,80],[-220,110],[-210,120],[-190,130],[-180,140],[-100,90],[-70,60],[-400,410],[-280,260],[-70,80],[-370,360],[-120,120],[-150,170],[-170,230],[-90,160],[-60,130],[-50,130],[-50,170],[-30,120],[-30,150],[-20,170],[-10,210],[10,210],[10,210],[50,670],[20,470],[-10,150],[-20,140],[-20,120],[-50,210]],[[-84144180,33945230],[350,170],[430,220],[700,290],[850,410],[630,310],[740,360],[1150,550],[910,450],[790,390]],[[-84339070,33481090],[140,-490]],[[-84398330,33616800],[550,-1940],[450,-1620],[690,-2460]],[[-84340990,33829620],[1570,700],[420,190],[240,100],[690,300],[190,90],[380,160],[180,90],[570,250],[670,300],[680,290],[760,340],[560,250],[770,330],[670,300],[160,70],[110,50],[250,100],[510,220],[720,330]],[[-84398260,33646600],[-310,-840]],[[-84283150,33797790],[230,190],[160,130],[160,150],[140,140],[280,280],[90,100],[260,290],[60,0],[40,20],[40,30],[120,120]],[[-84373910,33578810],[-440,510]],[[-84488260,33652790],[-750,160],[-510,100],[-460,120],[-510,170],[-490,250],[-680,390],[-610,380],[-430,270],[-980,600],[-670,380],[-400,220],[-150,70],[-300,130],[-350,140],[-150,60],[-170,60],[-150,40]],[[-84806770,33243110],[-10,-540],[-10,-220],[-30,-300],[-40,-740],[-60,-910],[-40,-670],[-80,-1350],[-70,-960],[-40,-360],[-20,-170],[-30,-200],[-30,-210],[-70,-400],[-130,-580]],[[-84350260,33981420],[-20,270],[-20,290],[0,200],[-40,500],[-20,240],[-10,230],[-20,120],[-20,280],[-10,270],[-20,290],[-20,190],[-30,260],[-20,140],[-30,270],[-10,100],[-30,250],[-10,100],[-40,300],[-20,140],[-10,110],[-100,630],[-10,80],[-40,170],[-50,240],[-20,80],[-10,60],[-20,60],[-40,80],[-40,100],[-10,30],[-40,110],[-10,30],[-30,130],[0,20],[-50,240],[-100,230],[-90,200],[-90,190],[-130,400],[-20,60],[-30,150],[-50,190],[-30,160],[-30,140],[-20,160],[-20,170],[-10,310],[0,60],[-10,400],[0,100],[0,100],[10,120],[20,220],[40,260],[10,70],[40,300],[70,350],[20,110],[10,50],[10,100],[10,70],[0,30],[40,250],[130,720],[40,230],[30,200],[60,350],[40,240],[90,520],[60,350],[20,130],[10,60],[70,410],[50,270],[100,610],[20,140],[30,200],[20,180],[20,190],[40,310],[30,230],[40,340],[10,70],[40,460],[20,310],[20,250],[30,420],[0,190],[10,300],[10,200],[20,660],[-10,250],[-10,360],[0,90],[0,140],[-10,150],[-10,240],[-10,160],[0,130],[-10,220],[-10,200],[0,50],[0,60],[-10,220],[-40,760],[-20,450],[0,40],[-20,220],[-20,150]],[[-84622580,33397970],[-610,270],[-210,90],[-450,180],[-70,30],[-240,120],[-210,100],[-740,320],[-1350,600],[-1140,500],[-920,400],[-470,200],[-110,40],[-300,130],[-370,140],[-300,110],[-390,120],[-220,70],[-80,20],[-350,90],[-370,90],[-420,90],[-400,70],[-120,20],[-270,40],[-390,50],[-400,40],[-450,30],[-480,20],[-520,0],[-340,0],[-700,-10],[-1060,-20],[-3200,-50],[-2020,-30],[-1620,-20],[-1530,-30],[-180,0],[-300,-10],[-90,0],[-240,-10],[-110,0],[-300,-20],[-80,-10],[-340,-40],[-390,-80],[-290,-70],[-80,-20],[-280,-80],[-230,-70],[-250,-90],[-630,-230],[-900,-340],[-1270,-470],[-770,-290],[-280,-100],[-650,-240],[-290,-100],[-320,-90],[-310,-70],[-320,-60],[-250,-40],[-160,-20],[-130,-20],[-310,-30],[-330,-20],[-330,-20],[-430,0],[-420,20],[-450,50],[-450,70],[-340,70],[-410,100],[-320,90],[-350,120],[-330,130],[-420,200],[-190,90],[-410,220],[-240,140],[-300,200],[-260,190],[-290,230],[-290,260],[-160,160],[-520,480],[-230,220],[-140,130],[-760,730],[-80,80],[-790,730],[-980,940],[-350,330],[-320,300],[-280,240],[-250,190],[-230,170],[-210,140],[-190,120],[-240,140],[-220,130],[-60,30],[-140,70],[-160,80],[-260,120],[-330,140],[-390,140],[-450,140],[-370,100],[-310,70],[-290,50],[-60,10],[-160,20],[-210,30],[-370,40],[-190,10],[-270,20],[-170,0],[-260,10],[-560,0],[-880,10],[-90,0],[-380,0],[-350,0],[-270,0],[-240,0],[-810,-20],[-160,-10],[-160,0],[-670,-10],[-150,0],[-280,0],[-70,0],[-540,20],[-240,20],[-180,20],[-170,20],[-710,90],[-1120,160]],[[-84050560,34028060],[2160,1670],[170,130],[120,90],[570,450],[1340,1070],[2120,1660]],[[-84257710,33967970],[-370,240],[-430,280]],[[-84392140,33752050],[-630,380],[-680,360],[-240,140],[-890,480],[-210,80]],[[-84031430,34043020],[240,180],[350,260],[280,210],[570,420],[380,270],[320,230],[290,200],[290,200],[260,180],[240,160],[480,320],[380,250],[390,250],[270,170],[530,330]],[[-84417680,33740680],[0,-300],[0,-270],[0,-180],[0,-280],[-10,-510],[0,-70],[-10,-250],[0,-130],[0,-50],[0,-110],[-10,-530]],[[-84378300,33937060],[-410,-30],[-290,-20],[-380,-30],[-280,-30],[-230,-20],[-240,-20],[-270,-30],[-490,-50],[-690,-70],[-180,-20],[-280,-30],[-220,-30],[-490,-60],[-490,-70],[-450,-50],[-540,-60],[-490,-50],[-530,-60],[-620,-60],[-440,-50],[-490,-50],[-350,-40],[-370,-40],[-360,-50],[-420,-100],[-420,-80],[-290,-50]],[[-84349450,33724000],[0,110],[10,270],[0,120],[0,210],[20,1060],[10,620],[20,1160],[10,1520],[10,1000],[10,1820],[10,940],[0,160],[-10,700],[10,420],[10,290],[0,270],[10,250],[0,70],[30,800],[10,220],[-10,870],[20,640],[10,450],[-10,470],[0,650],[0,290],[10,240],[0,110],[10,450]],[[-84349260,33740180],[0,190]],[[-84499220,33656600],[-160,-20],[-200,-30],[-140,-30],[-50,-10],[-210,-50],[-580,-160],[-310,-110],[-360,-150],[-130,-60],[-130,-60],[-310,-140],[-560,-260],[-90,-40],[-1390,-600],[-300,-140],[-90,-40],[-310,-130],[-810,-270],[-260,-70],[-530,-70]],[[-84391150,34004420],[150,100],[170,110],[120,80],[190,130],[190,130],[200,140],[680,440],[340,230],[130,90],[210,140],[440,300],[140,90],[1290,870],[1160,780],[520,320],[490,230],[360,150],[570,190],[460,130],[300,90],[50,10],[580,150],[770,210],[280,80],[780,240],[600,180],[240,70],[310,90],[550,150],[1320,380],[210,60],[740,210],[380,110],[510,150],[390,110],[310,90],[790,230]],[[-84402580,33641060],[-490,-20],[-150,0],[-340,0],[-280,10]],[[-84170540,33702720],[210,630],[50,150],[150,440]],[[-84395350,33631720],[-910,290],[-500,160],[-950,290],[-510,140],[-450,110],[-510,110],[-350,70],[-230,40],[-190,30],[-220,30],[-390,50],[-280,30],[-110,10],[-170,20],[-210,20],[-390,30],[-230,10],[-250,10],[-620,10],[-330,-10],[-310,-10],[-390,-20],[-290,-20],[-320,-30],[-390,-40],[-380,-50],[-270,-40],[-300,-50],[-390,-70],[-550,-110],[-670,-150]],[[-84494470,33768500],[-100,170],[-80,150],[-100,190],[-70,150],[-70,160],[-60,150],[-60,150],[-120,310],[-130,350],[-320,920],[-120,370],[-80,270],[-40,140],[-50,200],[-50,230],[-30,180],[-50,270],[-40,290],[-20,200],[-20,230],[-10,230],[-10,230],[-10,460],[0,230],[20,1460],[0,960],[0,250],[20,1760],[10,1100],[0,330],[10,260],[10,230],[20,260],[30,230],[30,200],[40,210],[40,180],[50,190],[50,170],[60,190],[80,230],[60,160],[60,140],[60,140]],[[-83787840,34322100],[330,740]],[[-84441900,33748890],[230,-170],[160,-110],[150,-100],[200,-120],[360,-210],[160,-90],[170,-90],[160,-80],[140,-70],[180,-80],[220,-90],[240,-100],[210,-80],[140,-50],[140,-50],[200,-60],[270,-80],[280,-70],[270,-60],[240,-50],[390,-70],[330,-50],[310,-40],[320,-30],[270,-20],[280,-10],[680,0],[560,0],[680,10],[390,0],[290,0],[330,-10],[200,-10],[280,-20],[200,-20],[250,-30],[270,-40],[290,-50],[260,-50],[240,-50],[290,-70],[190,-50]],[[-84477680,33620550],[-330,-30],[-250,-20],[-300,-30],[-280,-30],[-220,-30],[-300,-40],[-360,-40]],[[-83692640,34394070],[470,280],[580,340],[580,340],[370,210]],[[-84390330,33773330],[0,-230],[-10,-260],[-20,-540]],[[-84391460,33787750],[10,-430],[0,-140],[0,-210],[10,-290],[0,-120],[0,-350],[0,-370],[10,-350],[10,-370],[0,-130],[10,-170],[10,-130],[10,-120],[10,-130],[10,-130],[20,-230],[30,-320],[50,-490],[20,-310],[20,-270],[20,-430],[-10,-330],[0,-390]],[[-84053840,33959970],[-2450,250],[-2020,220],[-940,90],[-790,80],[-560,60],[-220,40],[-410,40],[-670,70],[-1080,110],[-1160,120],[-2650,280],[-1830,190],[-1150,120]],[[-84352460,33933010],[-190,140],[-200,100],[-320,110],[-230,70],[-430,90]],[[-84082550,33962980],[-620,70],[-490,40],[-1540,170],[-870,90],[-1590,170],[-360,40],[-500,50],[-260,30],[-260,20],[-270,30],[-1590,170],[-160,10],[-310,30],[-290,30],[-450,50],[-250,30],[-230,30],[-310,30],[-440,50],[-570,70],[-430,40],[-460,50]],[[-83972380,33919650],[-170,-30]],[[-84236750,33945700],[1300,810]],[[-84481540,33859720],[-50,-120],[-170,-430],[-130,-330],[-50,-120],[-70,-170],[-110,-260],[-120,-310],[-80,-190],[-560,-1370],[-550,-1370],[-360,-870],[-750,-1840],[-80,-200],[-90,-220],[-130,-330],[-440,-1080],[-360,-880],[-90,-210],[-80,-200],[-120,-320],[-50,-110],[-220,-500]],[[-84437550,33903760],[-1040,-400],[-530,-200],[-870,-340],[-1280,-490],[-260,-100],[-1080,-420],[-630,-240],[-370,-150],[-420,-160],[-610,-240],[-440,-170],[-290,-120],[-230,-100],[-120,-50],[-330,-160],[-300,-160],[-300,-170],[-300,-180],[-130,-80],[-110,-80],[-160,-120],[-160,-120],[-180,-140],[-200,-160],[-310,-270],[-220,-200],[-690,-590],[-190,-170],[-700,-600],[-230,-200],[-250,-220],[-50,-50]],[[-84702710,33940550],[300,90],[270,90],[240,90],[410,150],[670,260],[490,190],[410,150],[580,220],[600,230],[40,20],[750,280],[540,210],[620,230],[1220,460],[260,100],[360,130],[130,50],[160,50],[250,80],[60,20],[600,160],[440,110],[90,20],[730,150],[820,150],[80,10],[270,40],[530,70],[470,60],[610,70],[860,100],[230,30],[50,10],[420,40],[370,40],[250,30],[80,10],[700,60],[440,40],[70,10],[810,70],[530,30],[1480,60],[920,70],[1530,140],[970,130],[140,20],[440,70],[60,10],[920,190],[610,140],[300,80],[610,170],[520,160],[240,90],[260,90],[550,190],[420,180],[630,260],[950,400],[110,50],[470,210],[320,140],[190,80],[800,340],[340,150],[1030,440],[1170,510],[740,320],[2160,930],[480,210],[390,170],[180,80],[140,60],[560,240],[310,130],[530,230],[130,50],[250,110],[330,140],[430,190],[620,270]],[[-84410900,33631590],[-670,-240],[-370,-150],[-410,-170],[-350,-150],[-350,-170],[-270,-130],[-430,-220],[-240,-130],[-340,-190],[-150,-90],[-190,-110],[-100,-60],[-600,-390],[-650,-410],[-1090,-710],[-280,-180],[-320,-210],[-450,-300],[-400,-250],[-500,-310]],[[-84246650,33855320],[40,-280],[40,-380],[30,-430],[20,-420],[10,-470],[-10,-450],[-20,-400],[-40,-460],[-40,-330],[-70,-530]],[[-84377840,33583230],[-310,320]],[[-84309110,33814110],[160,-230]],[[-84342190,33492080],[120,-410],[220,-790]],[[-84251260,33827920],[-40,-150],[-400,-190],[-110,-50],[-550,-240],[-210,-90],[-170,-70],[-400,-180],[-340,-130],[-30,-10],[-370,-120],[-100,-30]],[[-84349260,33740180],[-10,-450],[0,-110],[-10,-240],[0,-290],[0,-650],[10,-470],[-10,-450],[-20,-640],[10,-870],[-10,-220],[-30,-800],[0,-70],[-10,-250],[0,-270],[-10,-290],[-10,-420],[10,-700],[0,-160],[-10,-940],[-10,-1820],[-10,-1000],[-10,-1520],[-20,-1160],[-10,-620],[-20,-1060],[0,-210],[0,-120],[-10,-270],[0,-110]],[[-83819110,34268000],[160,120],[150,140],[370,340],[660,630],[130,130],[1040,980],[970,900],[420,400],[540,500],[230,230],[280,240],[390,380],[320,350],[420,530],[570,850],[1150,1720],[1510,2210],[1850,2750],[410,600]],[[-84349260,33740370],[0,-190]],[[-84241540,33951200],[-160,260]],[[-84449690,33776660],[100,-80],[580,-450],[400,-320],[220,-170],[430,-330],[110,-90],[250,-180],[200,-150],[490,-290],[350,-140],[70,-30],[530,-130],[240,-50],[340,-70],[370,-60],[400,-60],[280,-60],[380,-120],[170,-90],[540,-270],[260,-150],[610,-340],[90,-50],[140,-80],[150,-80]],[[-83945830,33930310],[-820,-320],[-470,-190],[-590,-230],[-450,-210],[-1290,-680],[-480,-260],[-1410,-760],[-920,-490],[-240,-130],[-100,-50],[-670,-360],[-970,-530],[-2330,-1260],[-3750,-2030],[-2040,-1110],[-1250,-680],[-620,-340],[-320,-170],[-710,-380],[-750,-410],[-280,-150],[-240,-90],[-280,-80],[-240,-50],[-130,-20],[-50,0],[-290,-10],[-330,40],[-390,80],[-880,220],[-300,80],[-330,90],[-280,70],[-220,30],[-280,30],[-330,-10],[-290,-30],[-390,-80],[-840,-190]],[[-84033850,33938430],[-210,210],[-200,190],[-210,210],[-120,120],[-220,230],[-430,460],[-370,400],[-240,250],[-360,370],[-240,200],[-140,110],[-420,300],[-370,210],[-480,240],[-120,50],[-270,100],[-380,130],[-530,140],[-740,180],[-210,70],[-190,90],[-190,80],[-160,80],[-200,140],[-170,130],[-240,210],[-480,540],[-170,200],[-320,380],[-60,60],[-340,390],[-120,140],[-170,200],[-50,60],[-280,350],[-450,670],[-260,400],[-130,180],[-250,360],[-150,190],[-220,200],[-320,220],[-370,170],[-930,290],[-140,50],[-460,150],[-420,140],[-310,100],[-40,10],[-260,100],[-210,110],[-300,210],[-280,240],[-80,70],[-190,170],[-260,260],[-150,180],[-250,320],[-190,330],[-120,210],[-140,300],[-50,110],[-70,200],[-30,70],[-20,40],[-60,130],[-20,50],[-50,110],[-140,360],[-140,330],[-80,210]],[[-84118250,34020790],[220,-220],[320,-320],[320,-310],[370,-410]],[[-84653490,33953740],[520,-50],[290,-30],[490,-50],[150,-20],[170,-20],[330,-50],[840,-130],[50,-10],[680,-130],[300,-70],[480,-110],[800,-170],[130,-30],[500,-130],[380,-100],[350,-90],[780,-220],[940,-300],[720,-230],[60,-20],[230,-70],[240,-70],[540,-170],[1540,-500],[280,-90],[610,-200],[430,-140],[240,-80],[1050,-370],[500,-190],[690,-250],[820,-320],[220,-80],[520,-200],[1480,-600],[450,-190],[1090,-440],[570,-210],[580,-190],[810,-250],[200,-50],[230,-60],[590,-160],[420,-100],[180,-40],[310,-60],[370,-80],[140,-30],[470,-80],[140,-20],[270,-40],[340,-60],[240,-30],[240,-30],[170,-20],[440,-50],[180,-20],[120,-10],[340,-30],[340,-30],[50,0],[400,-20],[400,-10],[800,-40]],[[-84417680,33740680],[10,200],[10,80],[10,140],[0,360],[0,70],[0,70],[30,340]],[[-84576220,33818450],[-350,30],[-270,20],[-180,20],[-120,10],[-300,20],[-180,20],[-270,20],[-210,20],[-180,10],[-190,20],[-400,30],[-150,10],[-130,10],[-270,30],[-280,20],[-810,60],[-580,40],[-880,70],[-180,10],[-310,0],[-140,-10],[-450,-30],[-250,-50],[-130,-30],[-190,-50],[-130,-40],[-180,-50],[-270,-90],[-120,-40],[-290,-90],[-230,-80],[-220,-70],[-260,-80],[-190,-60],[-180,-50],[-90,-30],[-190,-50],[-260,-80],[-200,-60],[-180,-60],[-220,-70],[-40,-10],[-50,-20],[-500,-160],[-360,-110],[-200,-60],[-220,-60],[-450,-150],[-70,-20],[-110,-30],[-350,-110],[-180,-60],[-360,-110],[-190,-60],[-150,-50],[-140,-40],[-270,-80],[-330,-100],[-110,-30],[-230,-70],[-200,-60],[-200,-60],[-170,-60],[-540,-180],[-320,-100],[-250,-80],[-150,-50],[-140,-40],[-200,-60],[-270,-90],[-240,-70],[-100,-30],[-400,-120],[-150,-40],[-340,-70],[-50,-10],[-250,-50],[-140,-20],[-120,-10],[-310,-10],[-210,-10],[-480,30],[-200,10],[-380,30],[-230,10],[-600,50],[-190,20],[-180,10],[-310,20],[-400,30],[-230,20],[-120,10],[-320,20],[-370,30]],[[-84362060,33514470],[370,-380],[520,-540],[110,-100],[280,-250],[210,-210],[520,-530],[560,-580],[180,-180],[740,-750],[430,-430],[600,-600],[280,-290],[100,-100],[240,-240],[470,-490],[280,-280],[380,-380],[60,-60],[110,-110],[510,-520],[490,-490],[730,-750],[70,-70],[1010,-1020],[300,-300],[250,-230],[490,-490],[210,-220],[1280,-1290],[520,-520],[180,-190]],[[-84365240,33537650],[140,-400],[100,-300],[80,-250],[90,-370],[90,-360],[170,-820],[50,-280],[110,-560],[60,-340],[40,-170],[10,-70],[50,-230]],[[-84378030,33639100],[-230,-170],[-100,-70],[-150,-90],[-230,-130],[-270,-140],[-250,-120],[-430,-190],[-820,-360],[-480,-210],[-400,-180],[-320,-140],[-290,-130],[-210,-100],[-220,-110],[-250,-130],[-230,-130],[-200,-120],[-160,-100],[-180,-120],[-150,-100],[-180,-130],[-240,-190],[-230,-190],[-160,-140],[-180,-160],[-210,-200],[-530,-550],[-510,-530],[-510,-530],[-540,-560],[-240,-240]],[[-84349210,33743970],[-10,-120],[0,-120],[10,-200],[10,-210],[0,-140],[0,-210],[0,-160],[0,-60],[-10,-190],[0,-150],[-10,-110],[0,-100],[0,-110],[0,-140],[-10,-340],[-10,-260],[-10,-280],[0,-210],[0,-110],[0,-90],[-10,-290]],[[-84430760,33848580],[0,310],[-50,430],[-10,130],[-30,690],[-10,750],[-20,460],[-40,450],[-50,320],[-40,180],[-40,180],[-70,240],[-60,210],[-110,360],[-100,330],[-70,210],[-80,240],[-70,240],[-210,680],[-110,320],[-100,300],[-110,300],[-170,390],[-140,290],[-140,260],[-160,290],[-160,270],[-140,230],[-160,240],[-170,230],[-190,240],[-200,250],[-270,300],[-160,180],[-400,460],[-530,610],[-610,690],[-1850,2090],[-310,360]],[[-84506010,33654010],[400,60],[160,40],[150,30],[310,90],[100,30],[190,70],[280,120],[190,80],[150,60],[320,140],[430,180],[170,80],[250,110],[100,40],[450,190],[250,110],[420,180],[670,300],[170,70],[400,140],[280,90],[790,180]],[[-84304620,33895640],[210,210],[70,80],[150,150],[70,70],[40,40],[110,110],[80,80],[90,90],[120,120],[130,130],[120,120],[160,160],[60,60],[130,130],[110,110],[180,180],[60,50],[170,170],[110,110],[130,130],[150,150],[290,290],[280,270],[160,160],[240,240],[670,660],[90,90],[150,140],[40,40],[120,120],[50,50],[140,140],[70,70],[130,130],[120,130],[40,40],[90,80],[70,70],[210,210],[60,60],[320,320],[50,50],[130,130],[90,90],[80,80],[140,130],[190,190],[190,190],[440,440],[210,210],[640,630],[80,80],[360,360],[50,50],[100,100],[120,130],[130,130],[80,80],[140,140],[120,120]],[[-83929980,33853390],[610,-180],[280,-80],[40,-10],[470,-140],[260,-80],[1020,-310],[780,-240],[370,-110],[400,-120],[480,-150],[230,-70],[420,-130],[540,-160],[240,-70],[220,-60],[400,-120],[210,-60],[300,-90],[940,-280],[190,-60],[70,-20],[650,-180],[260,-100],[210,-60],[550,-170],[60,-10],[100,-30],[320,-100],[310,-90],[380,-110],[290,-90],[390,-120],[290,-80],[90,-30],[370,-110],[260,-80]],[[-84290100,33793510],[650,400],[1400,850],[310,190],[460,270],[460,280],[380,220],[90,50],[140,90],[260,160],[250,150],[300,180],[470,290],[110,70],[140,90],[170,100],[300,180],[250,150],[120,70],[320,210],[170,130],[200,150]],[[-84416000,33799580],[10,100],[20,250]],[[-84551850,33772940],[-660,110],[-730,110],[-750,110]],[[-84416000,33799580],[-460,30],[-240,10],[-50,0],[-210,10],[-120,0],[-300,10],[-110,0]],[[-84496330,33961040],[240,210],[110,90],[170,140],[210,180],[120,100],[120,110],[190,170],[60,50],[140,120],[220,210],[30,30],[50,40],[220,200],[470,400],[130,110],[160,140],[200,190],[140,140],[50,50],[210,220],[200,230],[220,320],[340,460],[190,260],[250,320],[250,310],[240,330],[340,440],[110,150],[80,100],[180,240],[120,160],[330,450],[30,40],[230,290],[50,80],[70,100],[190,240],[30,40],[170,230],[120,160],[90,120],[250,340]],[[-84472210,33882080],[-80,-120],[-180,-280],[-140,-240],[-90,-160],[-150,-290],[-80,-160],[-90,-200],[-160,-380],[-60,-130],[-90,-230],[-90,-220],[-80,-200],[-230,-560],[-50,-140],[-110,-270],[-130,-330],[-350,-850],[-180,-430],[-150,-380],[-390,-950],[-220,-540],[-390,-970],[-550,-1350],[-50,-120],[-150,-370],[-110,-260],[-90,-220],[-110,-270],[-310,-760],[-110,-280],[-30,-80]],[[-84014740,33856310],[-270,60],[-330,80],[-120,30],[-310,80],[-600,160],[-80,50],[-120,30],[-250,50],[-150,40],[-430,120],[-160,50],[-180,60],[-240,90],[-120,50],[-220,100],[-90,40]],[[-84281570,33799240],[90,110],[90,100],[60,70],[150,180],[120,150],[290,350]],[[-84435570,33808350],[250,-190],[220,-230],[40,-40],[90,-130],[110,-150],[80,-190],[80,-170],[160,-430],[150,-420],[120,-340],[40,-120],[60,-170],[150,-400],[140,-250],[220,-370],[90,-160],[30,-40],[90,-110],[150,-190],[20,-20],[110,-110],[120,-120],[120,-120],[250,-240],[310,-240],[360,-270],[140,-100],[50,-40],[270,-200],[590,-450],[430,-290],[630,-430],[250,-170],[80,-40],[220,-110],[80,-40],[230,-90],[190,-70],[250,-100],[270,-60],[150,-40],[430,-80],[120,-10],[240,-10],[90,0],[310,-20],[370,20],[130,10],[460,60],[180,20],[580,70],[110,10],[340,50],[570,70],[240,40],[150,20],[140,10],[460,50],[450,40],[240,-10],[50,0],[200,-30],[180,-50],[100,-20],[310,-110],[100,-50],[110,-60],[400,-200],[40,-20],[240,-130],[390,-210],[270,-140],[100,-50],[100,-50],[200,-100],[310,-110],[210,-70],[110,-30],[160,-40],[210,-60],[160,-20],[60,-10],[280,-20],[110,0],[300,-10],[40,0],[340,-10]],[[-84022430,33856900],[-240,-90],[-200,-80],[-350,-150],[-350,-130],[-390,-110],[-600,-160],[-130,-30],[-260,-110],[-330,-90],[-330,-90],[-240,-70],[-430,-120],[-250,-70],[-260,-70],[-110,-30],[-250,-70],[-250,-70],[-370,-100],[-580,-150],[-490,-120],[-340,-90],[-110,-40],[-160,-40],[-570,-160],[-170,-40],[-330,-90],[-200,-50],[-250,-70],[-120,-30],[-160,-40],[-170,-50],[-370,-100],[-180,-50],[-290,-70],[-180,-50],[-250,-60],[-340,-80],[-260,-70],[-360,-70],[-50,-10],[-380,-80],[-230,-40],[-220,-40],[-50,-10],[-430,-80],[-160,-30],[-280,-50],[-40,-10],[-540,-100],[-30,-10],[-440,-80],[-70,-10],[-280,-50],[-440,-70],[-160,30],[-180,-40],[-330,-60],[-360,-60],[-350,-60],[-180,-30],[-230,-40],[-350,-70],[-490,-90],[-1090,-200],[-900,-160],[-360,-90],[-260,-80],[-90,-30],[-270,-90],[-300,-120],[-140,-60],[-50,-20],[-110,-50],[-380,-190],[-230,-130]],[[-84307070,33686050],[430,330],[830,620],[590,440],[570,420],[210,150],[300,210],[320,200],[270,160],[250,140],[500,260],[200,100],[210,100],[420,180],[690,290],[4870,2010],[480,200],[1020,420],[600,250],[860,360],[1400,570],[840,350],[660,270],[850,350],[650,270],[1280,530],[270,110],[510,210],[480,200],[900,370],[640,260],[950,400],[840,340],[840,340],[590,220],[580,200],[560,170],[600,170],[650,160],[840,180],[590,100],[580,80],[650,80],[920,70],[680,30],[870,10],[150,0],[310,0]],[[-84362290,33934100],[-300,190],[-60,40],[-260,200],[-120,90],[-240,210],[-90,70],[-130,100],[-320,250],[-140,100],[-240,180],[-90,50],[-330,200],[-160,80],[-150,70],[-320,130],[-330,110],[-350,100],[-850,240],[-960,270],[-410,120],[-830,230],[-590,160],[-390,60],[-340,20],[-380,-10],[-380,-20],[-500,-50],[-530,-60],[-510,-60],[-460,-40],[-410,-10],[-350,-10],[-310,0],[-300,0],[-210,-10],[-310,0],[-280,0],[-640,-10],[-1020,-10],[-650,0],[-160,0]],[[-84379080,33925130],[-10,-590],[-10,-410]],[[-84469630,33884830],[-120,-90]],[[-84429740,33908230],[1570,1380],[200,180],[330,300],[240,210],[840,740],[380,340],[330,280]],[[-84487340,33839870],[60,-470],[20,-180],[90,-670],[40,-310],[50,-380],[50,-400],[120,-870],[110,-850],[110,-820],[130,-940],[60,-450],[60,-480],[60,-450],[50,-400],[20,-190],[20,-190],[10,-180],[0,-140],[0,-190],[-10,-320],[-10,-140],[-10,-160],[-30,-230],[-30,-190],[-60,-310],[-70,-290],[-90,-290],[-50,-160],[-120,-330],[-100,-240],[-100,-220],[-120,-230],[-60,-110],[-190,-310]],[[-84353830,33974960],[-310,-130]],[[-84044100,33851430],[-210,-140],[-190,-140],[-60,-40],[-130,-100],[-290,-230],[-240,-230],[-280,-240],[-290,-250],[-80,-70],[-200,-190],[-50,-50],[-130,-120],[-230,-200],[-260,-240],[-50,-50],[-130,-120],[-30,-30],[-320,-280],[-190,-170],[-160,-120],[-170,-130],[-340,-250],[-240,-150],[-170,-100],[-170,-110],[-140,-90],[-170,-180],[-360,-180],[-290,-140],[-180,-90],[-350,-170],[-200,-90],[-330,-150],[-270,-130],[-200,-100],[-280,-130],[-190,-90],[-140,-70],[-110,-50],[-160,-80],[-110,-50],[-140,-70],[-40,-20],[-240,-120],[-100,-50],[-130,-60],[-200,-90],[-200,-90],[-210,-110],[-190,-90],[-280,-140],[-360,-180],[-170,-80],[-100,-50],[-130,-60],[-170,-80],[-520,-250],[-340,-150],[-450,-220],[-670,-340],[-80,-40],[-510,-240],[-470,-220],[-240,-120],[-430,-210],[-190,-90],[-380,-180],[-150,-70],[-200,-100],[-130,-60],[-160,-80],[-360,-170],[-300,-140],[-90,-50],[-300,-140],[-290,-140]],[[-84307300,33636780],[-580,570],[-290,270],[-440,450],[-780,770],[-1860,1830],[-2890,2850],[-4220,4160],[-1400,1380],[-1250,1220],[-40,40],[-840,840],[-590,600],[-200,220],[-200,230],[-320,410],[-310,460],[-180,290],[-200,330],[-160,300],[-140,280],[-120,280],[-180,440],[-90,260],[-80,250],[-80,280],[-60,240],[-60,250],[-30,140],[-20,120],[-60,390],[-30,280],[-20,220],[-10,210],[-10,200],[0,100],[0,100],[0,160],[0,110],[10,160],[10,140],[10,180],[20,220],[20,240],[20,200],[30,230],[40,350],[40,310],[60,510],[40,320],[40,370],[40,320],[60,490],[50,410],[40,380],[20,210],[10,180],[10,160],[10,220],[0,160],[-10,210],[-10,170],[-10,140],[-20,190],[-40,240],[-50,250],[-40,190],[-50,200],[-50,180],[-70,220],[-110,320],[-110,320],[-140,390],[-190,540],[-170,470],[-80,230],[-80,220],[-90,260],[-80,240],[-70,220],[-40,180],[-20,100],[-20,120],[-10,60],[-20,150],[-10,100],[-10,140],[0,140],[0,200]],[[-84296910,33920180],[-190,30],[-420,70],[-530,70],[-280,30],[-410,30],[-520,20],[-600,0],[-750,0],[-1510,0],[-1090,0],[-670,0],[-1200,0],[-160,0],[-270,-10],[-700,0],[-150,0],[-1130,0],[-2460,0],[-750,-10],[-300,0],[-1870,0],[-380,0],[-390,0],[-360,0],[-750,0]],[[-84191530,33885070],[280,-320],[90,-110],[60,-70],[40,-60],[70,-90],[30,-50],[130,-190],[120,-220],[40,-80],[70,-150],[60,-140],[120,-310],[210,-630],[210,-720],[70,-200],[110,-310],[60,-190],[70,-230],[80,-260],[160,-540],[140,-400],[50,-170],[130,-440],[50,-130],[130,-400],[40,-130],[50,-180],[140,-450],[140,-440],[320,-990],[110,-360],[150,-490],[40,-110],[70,-260],[30,-110],[90,-270],[40,-300],[40,-440],[10,-340],[-10,-200],[-10,-90],[-50,-380],[-40,-260],[-100,-580],[-30,-190],[-40,-280],[-40,-240],[-10,-60],[-10,-50],[-60,-390],[-60,-330],[-10,-60],[-40,-260],[-10,-130],[-30,-260],[-40,-340],[10,-290],[0,-200],[0,-160],[0,-80],[20,-260],[10,-280],[10,-80],[10,-120],[0,-50],[10,-190],[0,-60]],[[-84340500,33486160],[120,-440],[10,-50],[110,-380],[60,-200],[50,-180],[420,-1450],[230,-810],[170,-600],[120,-460],[40,-140],[100,-360]],[[-84401710,33641050],[370,-50],[210,-40],[20,0],[100,-30],[140,-40],[210,-70],[70,-20],[170,-60],[170,-60]],[[-84538830,33563020],[-150,-90],[-140,-80],[-150,-80],[-290,-150],[-280,-140],[-290,-140],[-310,-140],[-890,-390],[-1800,-780],[-1370,-590],[-1470,-640],[-2240,-970],[-1330,-580],[-280,-120],[-950,-410],[-880,-380],[-1090,-480],[-1240,-530],[-2620,-1140],[-1770,-770],[-2660,-1150],[-3430,-1490],[-2790,-1210],[-1480,-640],[-1240,-550],[-1170,-520],[-440,-190]],[[-84434300,33656940],[-320,-260],[-190,-150],[-220,-200],[-160,-160],[-690,-680],[-450,-390]],[[-84358610,33768210],[40,-400],[10,-120],[20,-340],[20,-340],[20,-220],[10,-320],[-30,-210],[-60,-240],[-70,-140],[-100,-200],[-160,-230]],[[-84427280,33983650],[40,-220],[80,-440]],[[-84429310,33699390],[-30,-300],[-40,-420],[-10,-80],[-80,-480],[-20,-140],[-40,-250],[-40,-190],[0,-20],[0,-30],[-30,-150],[-20,-310],[-30,-150],[-30,-140]],[[-84348950,33773850],[-190,-10],[-150,0]],[[-84007060,33972960],[290,200],[320,220],[550,390],[700,490],[390,270],[100,70],[160,110],[440,310],[340,220],[210,120],[160,90],[200,90]],[[-84197340,33896200],[140,-160],[170,-300],[50,-160],[10,-40],[40,-160],[10,-70],[10,-60],[50,-110],[60,-130],[50,-220],[50,-200],[20,-80],[40,-190],[150,-670],[50,-230],[30,-110],[60,-190],[110,-290],[110,-310],[100,-260],[60,-100],[190,-350],[70,-140],[110,-220],[170,-310],[80,-140],[200,-390],[70,-150],[120,-260],[70,-180],[150,-370],[50,-120],[100,-230],[60,-150],[180,-480],[20,-50],[80,-180],[80,-180],[100,-220],[90,-200],[70,-170],[40,-90],[40,-80],[120,-190],[30,-50],[150,-210],[180,-200],[230,-250],[130,-130],[70,-70],[110,-100],[100,-90],[250,-240],[180,-160],[150,-150],[120,-120],[170,-170],[310,-300]],[[-84320120,33920390],[-570,10],[-570,-10],[-990,0],[-1550,0],[-700,0],[-840,0],[-470,-10],[-880,0],[-280,0],[-480,0],[-600,-10],[-480,-10],[-340,-10],[-510,-40],[-400,-30],[-330,-40],[-370,-40],[-560,-80],[-760,-130],[-210,-40],[-450,-90],[-590,-140],[-670,-170]],[[-84240150,33943480],[170,-180],[280,-230],[170,-130],[200,-130],[70,-50],[200,-120],[30,-20],[250,-180],[300,-240],[160,-150],[220,-300],[60,-80],[330,-460],[200,-290],[140,-210],[360,-520],[270,-390],[270,-380],[430,-630],[40,-60],[190,-280],[100,-140],[70,-110],[310,-460],[170,-250],[270,-340],[140,-170],[40,-40],[110,-110],[190,-170],[120,-120],[390,-300],[290,-190],[330,-170],[140,-70],[150,-70],[190,-70],[480,-180],[340,-90],[70,-20],[380,-70],[630,-70],[530,-20],[620,50],[210,30],[570,100],[130,20],[670,110],[450,70],[510,80],[280,20],[260,0],[300,-20],[220,-20],[330,-40],[170,-50],[290,-80],[380,-150],[90,-40]],[[-84257760,33812910],[-560,-280],[-330,-180],[-210,-110],[-350,-180],[-60,-30],[-130,-60],[-100,-50],[-350,-170],[-150,-70],[-280,-130],[-340,-150],[-530,-180],[-270,-90],[-260,-80],[-270,-80],[-250,-60],[-280,-70],[-560,-130],[-290,-50],[-510,-90],[-520,-70],[-720,-100],[-1420,-200],[-230,-40],[-350,-50],[-170,-20]],[[-84478200,33620700],[-830,-90],[-110,-10],[-190,-20],[-260,-40],[-300,-50],[-300,-50],[-320,-60],[-510,-100],[-260,-50],[-300,-70],[-260,-60],[-310,-80],[-520,-120],[-260,-60],[-290,-60],[-310,-50],[-240,-30],[-250,-20],[-260,-10],[-430,20],[-170,20],[-190,30],[-220,50],[-230,60],[-160,50],[-280,110],[-260,120],[-130,70],[-130,80],[-220,150],[-110,80],[-140,120],[-150,130],[-170,180],[-150,180],[-150,220],[-110,180],[-100,200],[-120,300],[-50,170],[-50,210],[-40,220],[-50,300]],[[-84268610,33549180],[-10,1060],[20,260],[30,310],[30,340],[30,360],[20,270],[10,240],[0,150],[0,180],[-10,170],[-10,190],[-10,130],[-10,170],[-20,230],[-20,160],[-20,150],[-30,180],[-30,200],[-30,160],[-40,210],[-40,200],[-40,190],[-30,140],[-40,180],[-30,130],[-30,120],[-40,150],[-30,110],[-40,140],[-40,130],[-50,150],[-40,120],[-60,170],[-50,140],[-60,170],[-60,160],[-60,150],[-60,150],[-80,190],[-130,320],[-300,790]],[[-84412900,33677480],[-200,-560],[-150,-530],[-270,-900],[-180,-510],[-590,-1870],[-340,-1020],[-690,-2190],[-320,-1030],[-120,-340]],[[-84378790,33754030],[-20,-80],[-60,-190],[-70,-200],[-90,-230],[-90,-200],[-130,-230]],[[-84232000,33949060],[-580,-340],[-430,-240],[-490,-260],[-180,-90],[-530,-250],[-1260,-620]],[[-84171410,33818450],[-170,-130],[-120,-80],[-200,-110],[-160,-90],[-130,-80],[-490,-290],[-320,-190],[-660,-410],[-560,-370],[-590,-360],[-500,-350]],[[-84496350,33751160],[390,1000],[360,870]],[[-84129600,33951500],[210,-240],[230,-310],[230,-310],[60,-90],[130,-190],[120,-190],[90,-150],[70,-110],[60,-80],[70,-50],[110,-60],[510,-770],[230,-350],[220,-320],[20,-30],[560,-820],[130,-180],[170,-250],[230,-330],[40,-60],[210,-300],[70,-100],[80,-110],[190,-280],[350,-500],[30,-50],[150,-210],[460,-660],[420,-600],[240,-360],[100,-140],[70,-100],[140,-210],[130,-180],[90,-130],[20,-20],[50,-60],[150,-240],[80,-120],[50,-70],[90,-140],[30,-40],[30,-40],[270,-390],[250,-360]],[[-84349730,33824490],[340,160],[620,300],[270,130],[260,130],[720,350],[440,230],[480,260],[370,210],[360,220],[210,140],[450,300],[340,250],[360,280],[860,680],[260,200],[320,220],[240,150],[330,200],[250,130],[300,150],[150,70],[250,110],[240,110],[320,150]],[[-84421010,33697730],[610,0],[830,-10],[400,0],[850,-10],[940,-20],[270,-10],[140,-10],[110,-10],[100,-10],[150,-20],[180,-30],[160,-30],[90,-20],[90,-20],[520,-140]],[[-84030200,34105690],[290,-170],[110,-60],[70,-40],[200,-80],[220,-70],[120,-30],[300,-50],[410,-70],[770,-170],[330,-60],[520,-110],[270,-60],[360,-80],[180,-50],[340,-120],[230,-110],[90,-40],[190,-110],[110,-60],[190,-120],[360,-250],[330,-220],[670,-460],[1030,-710],[290,-200],[470,-320],[330,-220],[1040,-720],[680,-460],[430,-300],[380,-240],[330,-230],[300,-210],[170,-110],[640,-450],[280,-180],[580,-390],[200,-130],[130,-90],[100,-70],[380,-260],[850,-580],[350,-240],[240,-160],[170,-110],[240,-170],[320,-220]],[[-84310950,33890530],[320,250],[170,130],[280,220],[240,180],[400,310],[50,40],[140,110],[150,120],[230,180],[350,260],[310,240],[560,430],[70,60],[200,150],[60,40],[130,100],[280,210],[150,120],[50,40],[40,30],[240,190],[480,370],[250,230],[310,300],[370,330],[230,230],[130,110],[140,130]],[[-84343400,34037250],[-30,-120],[-90,-410],[-30,-160],[-100,-190],[-80,-140],[-50,-110],[-90,-150]],[[-84404610,33695460],[-60,290],[-30,240],[-20,350],[10,180],[10,130],[50,370],[20,140],[20,120],[40,210],[140,670],[160,760],[160,790],[40,200],[50,290],[40,260],[60,490]],[[-84382100,33762560],[-310,250],[-180,150],[-190,160],[-170,150],[-190,170],[-170,160],[-460,460],[-330,340],[-140,140],[-80,80],[-150,150],[-160,150],[-100,90],[-110,90],[-160,130],[-170,130],[-280,190]],[[-84388030,33746410],[140,110],[70,50],[80,60],[240,180]],[[-84390890,33781530],[10,1320],[20,1850]],[[-84324960,33448640],[-80,240],[-90,300],[-90,290],[-120,360],[-70,250],[-60,240],[-90,350],[-10,40],[-70,280],[-10,30],[-90,320],[-200,710],[-50,190],[-80,280],[-160,580],[-30,120],[-240,910],[-40,160],[-250,890],[-20,70],[-150,490],[-100,310],[-280,700],[-110,240],[-130,290],[-180,360],[-210,380],[-120,200],[-140,220],[-220,320],[-200,290],[-250,330],[-350,430],[-290,320],[-320,340],[-260,250],[-360,340],[-310,270],[-980,780],[-1050,840],[-90,70],[-420,350],[-480,430],[-200,200],[-300,370],[-120,160],[-90,130],[-80,120],[-100,160],[-110,190],[-50,90],[-70,150],[-200,450],[-170,490],[-120,500],[-80,360],[-20,110],[-200,1130],[-20,120],[-220,1190],[-330,1740],[-140,740],[-260,1390]],[[-84387100,33632610],[290,270],[290,300],[290,310],[700,730],[930,970],[180,170],[220,190],[360,300],[190,150],[120,90],[290,200],[250,160],[370,210],[220,120],[270,140],[290,130],[200,90],[1290,580],[1430,630]],[[-84160640,34020070],[-180,-210],[-620,-750],[-240,-300],[-390,-480],[-820,-990],[-320,-370],[-90,-100],[-50,-60],[-640,-720],[-340,-380],[-180,-200],[-630,-710],[-300,-340],[-80,-100],[-100,-110],[-310,-360],[-510,-580],[-390,-410],[-70,-80],[-220,-240],[-180,-200],[-90,-100],[-550,-630],[-220,-210],[-190,-230],[-260,-350],[-70,-100],[-130,-190],[-100,-140],[-120,-200],[-130,-260],[-170,-340],[-240,-560],[-50,-140],[-180,-550],[-120,-410],[-90,-280],[-120,-430],[-130,-540],[-50,-310],[-30,-280],[-20,-430],[0,-120],[-10,-320],[20,-300],[90,-520]],[[-84213500,33850940],[320,90],[320,90],[280,80],[240,70],[190,50],[200,50],[210,60],[110,30],[190,50],[100,30],[110,30],[230,70],[200,50],[40,10],[110,30]],[[-84215070,33911220],[-280,-50],[-170,-20],[-150,-20],[-380,-50],[-420,-60],[-1470,-200],[-2570,-350],[-1050,-140],[-670,-90],[-350,-50],[-920,-140],[-1250,-210],[-680,-130],[-640,-130],[-1230,-280],[-900,-230],[-1240,-350],[-580,-180],[-320,-100],[-790,-270],[-450,-160],[-250,-90],[-250,-90],[-1070,-410],[-840,-350],[-820,-370],[-780,-370],[-610,-300],[-470,-240],[-400,-210],[-280,-150],[-460,-260],[-290,-160],[-230,-130],[-220,-130],[-270,-160],[-460,-280],[-340,-210],[-370,-230],[-560,-350],[-560,-350]],[[-84261510,33698810],[340,0],[690,-10],[230,0],[860,-10],[510,20],[290,20],[310,30],[290,30],[280,40],[300,50],[600,130],[600,170],[340,110],[100,30],[260,100],[390,150],[330,150],[300,140],[400,210],[550,340],[240,170],[240,170],[220,170],[160,140],[280,230],[180,180],[110,120],[430,460],[200,250],[500,650],[500,650],[330,420],[170,230],[640,830],[210,270],[340,460],[480,620],[170,220],[180,240],[510,650],[110,150],[140,180],[140,180],[150,200],[140,190],[160,190],[170,240],[130,160],[90,120],[90,120],[110,140],[230,330]],[[-84255250,33935470],[-1010,-570],[-630,-330],[-420,-210],[-1350,-650]],[[-84396030,33652320],[90,260],[80,230]],[[-84264660,34082970],[-210,-390],[-250,-480],[-260,-500],[-300,-560],[-330,-630],[-1270,-2470],[-390,-740],[-820,-1610],[-440,-830],[-840,-1690],[-320,-570]],[[-84370910,33773650],[-380,-100],[-330,-90],[-170,-40],[-250,-70],[-310,-80],[-40,-10],[-400,-100],[-360,-120],[-140,-50],[-100,-30],[-160,-50],[-90,-30],[-110,-40],[-230,-70],[-190,-70],[-230,-80],[-110,-40],[-240,-80],[-170,-50],[-300,-90],[-330,-60],[-310,0],[-170,20],[-460,80],[-270,50],[-220,50],[-200,20],[-190,20],[-310,10],[-240,0],[-310,10],[-130,0],[-230,10],[-450,10],[-450,-10],[-230,0],[-240,0],[-280,0],[-270,-10],[-280,-10],[-510,-30],[-470,-20]],[[-84349350,33501900],[-220,230],[-540,550],[-610,610],[-890,900],[-150,150],[-880,900],[-690,680],[-380,390],[-650,660],[-550,570],[-540,540],[-820,840],[-450,440],[-1230,1240],[-1000,1010],[-110,120],[-270,270],[-380,390],[-210,210],[-190,200],[-250,260],[-80,80],[-620,640]],[[-84361870,33514610],[-340,410],[-170,230],[-160,240],[-210,360],[-190,350],[-160,360]],[[-84363430,33517800],[-40,380],[-10,160],[0,300],[0,40],[10,420],[20,410],[0,160],[10,180],[10,250],[30,430],[20,400]],[[-84457900,33624410],[-460,-680],[-360,-530],[-240,-360],[-350,-460],[-160,-210],[-140,-170],[-170,-190],[-170,-200],[-170,-170],[-120,-110],[-130,-110],[-180,-140],[-180,-120],[-150,-90],[-170,-100],[-130,-70],[-90,-50],[-100,-50],[-160,-70],[-110,-50],[-100,-40],[-160,-60],[-170,-60],[-120,-40],[-230,-70],[-160,-40],[-230,-50],[-220,-40],[-140,-20],[-180,-20],[-420,-40],[-480,-10],[-440,20],[-550,50],[-270,30],[-270,30],[-270,30],[-250,30],[-440,50],[-1460,160],[-520,60],[-490,90]],[[-83957310,33861650],[420,-130],[50,-10],[250,-60],[470,-170],[160,-50],[210,-60],[200,-70],[250,-70],[410,-130],[90,-30],[170,-50],[400,-130],[560,-170],[560,-180],[650,-190],[420,-130],[260,-80],[320,-100],[710,-210],[240,-70],[450,-130],[1000,-300],[740,-220],[610,-180],[440,-130],[1050,-320],[350,-100],[260,-80],[820,-250],[370,-110],[680,-210]],[[-84236380,33823860],[-700,-340],[-1090,-540],[-550,-270],[-290,-150],[-730,-360],[-810,-430],[-980,-530],[-820,-440],[-430,-240],[-1000,-540],[-240,-140],[-280,-150],[-160,-80],[-340,-200]],[[-84293730,34070990],[-1250,120],[-510,40],[-180,20],[-360,30],[-120,10],[-490,50]],[[-83890550,33973730],[-930,20],[-170,0],[-1130,10],[-520,10],[-5910,60],[-3190,40],[-1090,10],[-520,10],[-480,10],[-3310,30],[-430,0],[-1610,30],[-1060,10],[-670,0],[-1410,20],[-310,10],[-320,20],[-230,20],[-260,30],[-230,30],[-250,40],[-320,60],[-270,60],[-330,80],[-220,60],[-330,100],[-250,80],[-330,120],[-230,90],[-360,160],[-150,70],[-370,190],[-330,180],[-420,260],[-270,180],[-210,150],[-130,100],[-340,280],[-200,180],[-240,230],[-210,210],[-170,180],[-590,610],[-490,520],[-820,860],[-1200,1250],[-280,290],[-740,740],[-450,440],[-290,260]],[[-84362900,34015090],[0,-550],[0,-70],[0,-170]],[[-84095400,33964150],[530,-50],[180,-20]],[[-84340510,33859080],[160,280],[30,80],[50,130],[70,180],[100,290],[110,280],[10,20],[140,240],[30,60]],[[-84052740,34026700],[-1820,-1430],[-110,-90],[-1740,-1360],[-220,-170],[-140,-110],[-500,-390],[-1610,-1280],[-940,-730],[-650,-530],[-720,-550],[-350,-310],[-270,-250],[-330,-320],[-350,-370],[-250,-260],[-50,-60],[-110,-120],[-350,-400],[-150,-190],[-210,-280],[-340,-450],[-310,-370],[-430,-540],[-370,-480],[-190,-250],[-520,-660],[-80,-120],[-130,-190],[-360,-470],[-300,-390]],[[-84339410,33986960],[80,240],[140,410],[140,380],[140,440],[150,460],[200,670],[100,370],[90,330],[130,540],[170,930],[100,620],[130,700],[140,900],[80,510],[120,750],[90,540],[30,220],[160,920],[80,500],[150,950],[180,1130],[110,640],[90,570],[240,1460],[90,630],[90,460],[70,340],[60,260],[140,350],[120,410],[130,400],[210,580],[110,260],[70,160],[130,310],[170,340],[190,370],[90,170],[90,150],[210,370],[120,170],[120,140],[290,440],[330,470],[300,440],[500,690],[100,140],[120,170],[120,160],[590,810],[530,730],[800,1100],[320,430],[530,740],[890,1220],[510,700],[230,320],[240,340],[280,370],[490,670],[370,510]],[[-84373380,33810660],[850,300],[940,320],[440,170],[750,260],[480,170],[880,320],[820,350],[680,340],[530,280],[50,30],[320,170],[370,220],[360,250],[660,470],[540,430],[290,250],[310,280],[460,450],[170,180],[140,150]],[[-84378650,33743480],[-660,0],[-1740,-20],[-130,0],[-330,0],[-1860,0]],[[-84080300,33902960],[460,-260],[260,-150],[320,-190],[300,-190],[430,-280],[630,-410],[640,-420],[420,-270],[450,-300],[670,-430],[490,-270],[460,-230],[460,-200],[820,-320],[290,-120],[440,-180],[540,-220],[700,-290],[400,-170],[380,-180],[300,-150],[370,-210],[360,-220],[590,-380],[360,-230],[620,-400],[410,-250],[260,-140],[190,-80],[240,-80],[190,-50],[250,-50],[130,-20],[150,-10],[180,0],[180,0],[250,20],[180,30],[180,40],[210,60],[220,80],[230,90],[810,340],[770,330],[220,90],[210,80],[200,60],[180,50],[140,30],[160,30],[230,30],[160,10],[140,0],[170,0],[260,-20],[160,-20],[190,-30],[170,-40],[150,-40],[190,-60],[200,-80],[190,-90],[240,-130],[200,-130],[180,-140],[190,-170],[170,-180],[150,-190],[120,-190],[110,-210],[80,-210],[40,-120],[30,-130],[30,-150],[10,-130],[10,-140],[0,-140],[-10,-210],[-10,-220],[-20,-340],[-10,-250]],[[-83988040,34006410],[-20,-240],[-10,-70],[-20,-210],[-30,-180],[-30,-150],[-30,-150],[-100,-350],[-90,-330],[-150,-440],[-250,-820],[-160,-500],[-120,-360],[-150,-470],[-250,-810],[-100,-330],[-170,-550],[-320,-1040],[-180,-530],[-70,-280],[-40,-200],[-20,-190],[-10,-420],[0,-130],[20,-110],[10,-80],[50,-270],[50,-250],[50,-150],[60,-180],[60,-150],[90,-180],[110,-170],[20,-40],[60,-90],[140,-220],[390,-450],[810,-740],[320,-280],[530,-460],[340,-310],[390,-350],[110,-110],[190,-230],[190,-230],[170,-230],[150,-250],[100,-200],[60,-110],[120,-200],[70,-100],[90,-60],[310,-490],[230,-350],[170,-250],[120,-170],[50,-80],[70,-110],[170,-250]],[[-84340290,33486160],[-240,830],[-140,500],[-100,340],[-300,1030],[-70,240],[-30,120],[-130,480],[-30,110],[-110,380],[-90,330],[-110,380]],[[-84568830,33407640],[90,80]],[[-84568850,33407810],[-90,-80]],[[-84506690,33653980],[680,30]],[[-83933690,33935060],[200,100],[440,230],[270,140],[480,240],[200,100],[2350,1190],[40,20],[890,470],[440,240],[450,310],[350,320],[150,170],[150,200],[150,220],[170,280],[70,130],[160,360],[220,510],[180,400],[180,420],[230,520],[180,390],[570,1240]],[[-84170130,33703940],[-150,-440],[-50,-150],[-210,-630]],[[-84139920,33964110],[330,-200],[440,-240]],[[-84535340,33695980],[270,50]],[[-84235330,33713890],[1130,-140],[2650,-340],[2720,-340],[1090,-150],[1780,-220],[1160,-150],[680,-90],[1030,-130],[3010,-390]],[[-84421540,33742290],[-140,60],[-110,50],[-100,50],[-130,70],[-290,150],[-1010,510],[-2400,1240],[-520,270],[-710,360]],[[-84479710,33620170],[230,30],[220,30],[160,20],[340,40],[170,20],[210,20],[230,20],[320,30],[260,20],[180,10]],[[-84403520,33685260],[270,70],[270,70],[210,70],[280,80],[240,90],[250,110],[170,80],[180,100],[150,90],[90,60],[100,70],[90,70],[60,50],[100,90],[110,100],[80,80],[140,160],[70,90],[110,160],[110,170],[110,210],[40,90],[40,100],[90,290],[40,150],[20,100],[20,160],[10,110],[10,110],[0,100],[-20,190],[-10,80],[-20,120],[-30,140],[-70,270],[-40,110],[-60,130],[-70,140],[-90,160],[-70,110],[-90,140],[-180,240],[-410,490],[-270,310],[-280,340]],[[-84591550,33397230],[-320,-100],[-500,-140],[-220,-40],[-340,-50],[-120,-10],[-250,-30],[-500,-40],[-280,-10],[-550,10],[-320,10],[-520,20],[-30,0],[-840,20],[-1070,20],[-240,0],[-1210,30],[-110,0],[-1260,20],[-180,0],[-430,10],[-140,0],[-260,10],[-160,10],[-170,0],[-370,10],[-690,10],[-510,10],[-910,20],[-490,10],[-470,20],[-510,20],[-730,20],[-1180,10],[-290,0],[-1960,10],[-1450,0],[-1110,-10],[-350,-10],[-220,-10],[-630,-30],[-300,-20],[-840,-60],[-470,-40],[-610,-60],[-350,-30],[-370,-30],[-250,-20]],[[-84568940,33407730],[-340,-310],[-620,-540],[-440,-390],[-240,-190],[-210,-180],[-230,-180],[-340,-280],[-120,-100],[-380,-290],[-400,-290],[-290,-200],[-520,-310],[-270,-160],[-160,-80],[-320,-170],[-330,-130],[-330,-130],[-340,-150],[-350,-140],[-340,-150],[-240,-90],[-240,-90],[-50,-10],[-190,-60],[-50,-20],[-290,-90],[-250,-70],[-160,-40],[-430,-140],[-320,-100],[-290,-90],[-820,-260],[-430,-130],[-690,-200],[-440,-130],[-300,-90],[-180,-50],[-850,-240]],[[-84078860,33995470],[-150,-190],[-1010,-1250],[-300,-380],[-530,-670],[-700,-900],[-450,-570],[-290,-380],[-280,-410],[-160,-240],[-90,-140],[-110,-180],[-200,-330],[-130,-240],[-90,-160],[-140,-250],[-250,-470],[-490,-960],[-90,-180],[-370,-740]],[[-84558380,33708670],[110,-20]],[[-84231480,33749400],[30,-210],[80,-550],[60,-420],[90,-630],[170,-1130],[90,-620],[110,-750],[90,-630],[50,-310],[40,-270],[30,-230],[30,-240],[50,-510],[20,-250],[10,-250],[0,-370],[0,-330],[-20,-470],[-30,-510],[-20,-250]],[[-84137810,33948640],[-980,-490],[-1190,-570],[-2350,-1140],[-1410,-680]],[[-84089200,33907300],[510,-160],[540,-180],[530,-200],[540,-210],[520,-220],[520,-240],[480,-240],[280,-140],[480,-260],[580,-320],[380,-210],[470,-260],[550,-310],[660,-360],[130,-70],[400,-220],[460,-260],[420,-230],[450,-250]],[[-84235470,33947260],[-530,-290],[-230,-140],[-230,-140],[-650,-420],[-390,-280],[-430,-300]],[[-84509040,33587780],[-350,-200],[-350,-210],[-310,-190],[-380,-240],[-590,-370],[-240,-150],[-350,-230],[-440,-300],[-450,-310],[-610,-440],[-420,-310],[-630,-500],[-470,-380],[-670,-560],[-690,-560],[-1420,-1170],[-810,-660]],[[-84207460,33961770],[-190,-100],[-60,-30],[-130,-70],[-160,-90],[-470,-250]],[[-84361060,33513780],[-20,20],[-750,770],[-40,40]],[[-84363100,33516560],[-70,180],[-130,380],[-70,250],[-60,430]],[[-84395820,33486630],[-280,-140],[-340,-180],[-510,-260],[-590,-300],[-980,-510],[-820,-340],[-820,-340],[-420,-180],[-270,-130],[-710,-390],[-490,-220],[-300,-160],[-520,-260],[-470,-240],[-360,-190],[-370,-190],[-240,-120],[-160,-80],[-230,-120],[-100,-50],[-80,-40],[-470,-260],[-310,-170],[-70,-40],[-310,-190],[-330,-220],[-370,-290],[-130,-100],[-230,-180],[-310,-240],[-500,-400],[-600,-480],[-880,-700],[-480,-380],[-490,-390],[-350,-340],[-350,-430],[-250,-420],[-320,-710],[-230,-470],[-60,-120],[-220,-450],[-160,-320],[-200,-310],[-220,-370],[-310,-450],[-370,-530],[-280,-380],[-190,-290],[-20,-40],[-160,-270],[-110,-210],[-280,-530],[-130,-400],[-40,-140],[-140,-500],[-100,-360],[-10,-40],[-60,-230],[-60,-200],[-90,-180],[-170,-280],[-90,-130],[-70,-80],[-50,-70],[-160,-220],[-120,-150],[-210,-230],[-200,-220],[-140,-150],[-330,-350],[-350,-370],[-90,-110],[-140,-170],[-40,-40],[-340,-400],[-190,-220],[-130,-170],[-210,-260],[-250,-370],[-320,-490],[-50,-80],[-220,-350],[-560,-900],[-600,-1030],[-100,-180],[-250,-430],[-170,-310],[-330,-710],[-140,-290],[-60,-150],[-40,-140],[-40,-170],[-30,-290],[-30,-520],[-20,-410],[-10,-450],[-10,-300],[-30,-370],[-100,-390],[-40,-130],[-60,-160],[-230,-450],[-100,-160]],[[-84590810,33397330],[340,160],[370,170],[260,130],[60,30],[180,100],[300,150],[730,400],[510,270],[950,510],[60,30],[390,210],[570,310],[570,290],[530,250],[600,240],[850,260],[1040,280],[810,220]],[[-84526290,33444730],[1010,390],[350,150],[350,130],[430,180],[230,90],[220,80],[320,130],[660,260],[360,150],[280,110],[670,270],[650,260],[370,150],[430,170],[180,70],[110,40],[280,110],[180,70],[200,80],[220,90],[320,130],[70,30],[140,60],[660,260],[210,80],[300,110],[390,160],[740,270],[1120,430],[650,240],[160,60],[490,180],[460,150],[220,70],[540,150],[280,60],[550,110],[510,80],[290,50],[200,20],[150,20],[450,50],[1220,150],[140,20],[410,40],[300,40],[130,10],[250,30],[190,20],[200,20],[250,20],[30,0],[250,10],[340,-10],[80,0],[270,-20],[160,-30],[470,-110],[250,-80],[270,-90],[810,-310],[450,-190],[120,-50],[460,-200],[540,-240],[360,-160],[150,-70],[110,-50],[400,-150],[410,-150],[280,-90],[250,-80],[430,-120],[760,-160],[410,-70],[470,-70],[610,-60],[1060,-50],[780,20],[160,10],[590,70],[220,30],[170,30],[80,10],[200,30],[450,90],[120,20],[300,40],[630,120],[480,90],[550,60],[450,30],[340,10],[130,0],[540,0],[480,-20],[600,-50],[750,-70],[450,-30],[1120,-80],[590,-40],[280,-20],[610,-50]],[[-84456020,33627390],[40,140],[40,150],[60,250],[40,210],[30,240],[20,160],[10,140],[10,180],[0,420],[-20,230],[-20,190],[-20,160],[-20,120],[-40,210],[-30,160],[-70,280],[-60,240],[-60,250],[-120,440],[-180,710],[-120,450],[-80,340],[-80,370],[-50,190],[-50,200],[-60,230],[-40,210],[-30,170],[-40,260],[-30,270],[-10,380],[0,130],[0,110],[10,140],[40,320]],[[-84395820,33486630],[410,200],[80,40],[720,370],[610,330],[430,250],[270,170],[140,80],[600,390],[380,220],[220,110],[70,40],[310,140],[840,380],[900,400],[450,200],[540,250],[270,130],[260,120],[580,330],[350,220],[250,150],[140,90],[680,440],[590,390],[200,130],[920,600],[820,540],[560,360],[280,190],[570,390],[430,290],[230,150],[660,440],[220,150],[530,340],[180,120],[60,40],[310,190],[350,220],[140,90],[30,20],[530,350],[100,70],[600,410],[60,40],[560,410],[240,230],[110,100],[240,260],[140,180],[230,320],[120,160],[120,160],[180,250],[470,650],[580,760],[240,320],[230,270],[60,60],[370,380],[510,470],[330,290],[170,150],[90,80],[150,140],[200,170],[380,310],[360,330],[200,190],[250,220],[180,180],[240,280],[40,50],[180,230],[110,170],[190,290],[290,440],[200,310],[60,90],[410,680],[300,500],[190,300],[390,620],[330,530],[240,390],[240,380],[640,1040],[270,430],[30,40],[310,510],[410,640],[600,930],[130,200],[50,80],[30,50],[30,50],[50,80],[50,70],[30,40],[40,50],[30,30],[70,60],[70,60],[40,30],[90,60],[100,60],[130,60],[290,110],[160,40],[180,20],[190,0],[220,-10],[420,-20],[320,-10],[160,10],[130,20],[180,50],[50,20],[60,30],[80,50],[130,90]],[[-84378580,33840200],[-200,-80],[-200,-100],[-140,-80],[-80,-50],[-260,-180]],[[-84213220,33984370],[-100,-150],[-100,-160],[-60,-80],[-150,-230],[-290,-440],[-210,-300]],[[-84389480,33745620],[-380,-280],[-240,-180],[-180,-130],[-120,-90],[-110,-90],[-200,-180],[-200,-190],[-200,-220],[-160,-200]],[[-84157670,33982990],[230,-330],[210,-310],[170,-270],[250,-380],[360,-570],[250,-390],[130,-230],[420,-710]],[[-84381790,33750430],[-380,-330],[-360,-290]],[[-84188200,33867920],[10,-110],[40,-440]],[[-84410010,33803500],[290,-120],[470,-190],[260,-100],[430,-160],[290,-100],[460,-150],[160,-50],[230,-70],[400,-120],[210,-60],[280,-80],[610,-150],[660,-160],[320,-70],[250,-50],[280,-50],[460,-90],[750,-150],[330,-60],[290,-50],[300,-50],[310,-50],[520,-80]],[[-84502560,33720310],[-30,430],[-10,170],[0,180],[-10,670],[0,250],[10,1020],[0,1100],[0,750],[0,180],[0,380],[10,700],[10,300],[10,140],[0,30],[40,430]],[[-83994320,34087480],[640,-430],[240,-160],[630,-420]],[[-84493710,33757760],[180,420],[140,360],[100,270],[110,320],[100,310],[50,170],[50,190],[50,210],[40,180],[30,150],[50,290],[80,480],[50,430],[40,620],[10,380],[0,320],[-140,1310],[-80,400],[-30,180],[-60,280],[-70,270],[-90,290],[-90,260],[-80,220],[-100,250],[-130,300],[-160,370],[-120,250],[-110,220],[-230,430],[-350,610]],[[-84235870,33946150],[250,200],[170,160]],[[-84618340,33396630],[560,-30],[420,-10],[100,0],[240,0],[210,10],[110,0],[300,20],[350,30],[110,10],[340,30],[600,60],[340,30],[470,40],[170,10],[230,20],[50,0],[420,20],[370,10],[380,20],[390,10],[420,10],[360,0],[1040,0],[740,0],[1720,-20],[1660,-10],[620,-10],[180,-10],[40,0],[1320,-30],[480,-10],[240,-10],[340,-10],[190,0],[1250,-40],[380,-10],[300,0],[90,0],[420,-10],[1390,-20],[110,0],[1240,-20],[90,0],[150,0],[290,-10],[270,-10],[520,-10],[460,-10],[550,-10],[520,-10],[240,-10],[510,0],[240,0],[340,20],[290,30],[280,30],[350,50],[240,70],[260,80],[460,130],[570,190]],[[-84384970,33771290],[-1130,0],[-100,0],[-130,0],[-440,0],[-310,0],[-180,-10],[-150,-40]],[[-84352550,33773820],[-260,-10],[-390,0],[-220,0],[-100,0],[-160,0],[-410,0],[-270,10],[-230,0],[-300,0],[-470,0],[-200,0],[-180,0],[-170,0],[-250,0],[-90,0],[-300,-10],[-230,0],[-170,0],[-220,0],[-140,0],[-160,10],[-60,0],[-230,0],[-310,0],[-200,0],[-490,0],[-230,-10],[-90,0],[-180,0],[-600,-10]],[[-84374350,33579320],[-460,520],[-50,50],[-210,240],[-120,130],[-290,330],[-130,130],[-90,100],[-260,310],[-160,190],[-160,180],[-50,50],[-120,140],[-40,50],[-200,220],[-160,180],[-200,220],[-260,300],[-140,150],[-40,40],[-180,200],[-170,180]],[[-84369750,33549480],[-30,260],[-70,530],[-20,180],[-10,70],[-20,140],[-30,280],[-50,370],[-70,480],[-30,230],[-20,180],[-10,70],[-50,340],[-40,300],[-40,330],[-30,220],[-40,270],[-30,230],[-10,80],[-30,220],[-20,130],[-10,100],[-20,180],[-120,900],[-30,220],[-30,270],[-40,290],[-80,600],[-30,180],[-70,530],[-20,150],[-50,300],[-50,380],[-40,330],[-40,340],[-30,260],[-60,460],[-40,310],[-50,560],[0,340],[10,150],[0,50],[0,80],[0,50],[20,620],[10,260],[10,130],[0,110],[0,90],[10,190],[10,300],[0,90],[0,120],[10,190],[0,120],[10,190],[10,240],[10,140],[0,200],[0,250],[0,70],[-10,200],[-10,140],[-20,180],[-30,200],[-40,310],[-80,540],[-40,300],[-30,210],[-60,480],[-40,270],[-90,580],[-120,840],[-10,80],[-30,190],[-20,160],[-10,100],[-20,240],[-20,230],[-20,320],[10,400],[0,60],[0,50],[10,200],[0,140],[10,170],[0,20],[30,240],[10,270],[10,190],[10,110],[30,480],[10,220],[20,210]],[[-84363150,33910030],[450,20],[190,10],[150,10],[200,20],[360,40],[100,10],[90,10],[280,40],[320,60],[540,100],[550,130],[530,150],[760,240],[260,100],[130,60],[160,70],[310,140],[180,80],[100,40],[760,340],[290,140],[150,70],[820,380],[270,120],[580,250],[870,370],[1670,640]],[[-84092480,34048870],[250,190],[150,150],[180,170]],[[-84358330,33905570],[-340,-780],[-250,-520],[-270,-510],[-330,-600],[-80,-140],[-300,-500],[-750,-1300],[-450,-780],[-1210,-2120],[-610,-1050],[-230,-400],[-60,-110],[-100,-170]],[[-84018410,33857400],[-120,60],[-290,100],[-190,50],[-250,50],[-290,30],[-440,10],[-230,-10],[-190,-20],[-230,-40],[-400,-90],[-150,-50],[-150,-60],[-320,-140],[-180,-100],[-200,-110],[-190,-90],[-200,-90]],[[-84394980,33659510],[30,-360],[20,-250],[20,-400],[0,-490],[-10,-320],[-20,-300],[-20,-180],[-40,-340],[-20,-180],[-30,-200],[-30,-180],[-30,-180],[-40,-200],[-40,-210],[-40,-160],[-40,-160],[-50,-180],[-50,-190],[-60,-210],[-50,-180],[-80,-260],[-70,-220],[-80,-290],[-60,-130],[-130,-350],[-190,-500]],[[-84109610,34012920],[-320,330],[-110,90]],[[-84401170,33689980],[340,-430],[260,-340],[510,-670],[210,-300],[210,-320],[140,-230],[80,-150],[80,-160],[60,-130],[60,-140],[50,-140],[40,-120],[20,-60],[20,-70],[30,-100],[40,-150],[40,-190],[20,-130],[20,-160],[10,-120],[20,-210]],[[-84079710,33902770],[-600,350],[-420,230],[-200,110],[-220,120],[-650,360],[-440,240],[-440,250],[-690,380],[-440,240],[-330,180],[-330,190],[-690,370],[-700,360],[-450,210],[-250,110],[-450,190],[-500,200],[-510,190],[-510,170],[-540,170]],[[-84358100,33942580],[0,-90],[20,-270],[10,-210],[30,-710],[40,-890],[10,-470],[0,-370],[0,-170],[60,-1990],[-30,-2090],[0,-430],[0,-420],[10,-970],[0,-80],[0,-100],[0,-100],[0,-70],[10,-180],[-20,-870],[10,-470],[10,-1350],[10,-480],[-30,-1720]],[[-84430480,33746470],[290,-90],[190,-60],[180,-60],[240,-90],[200,-80],[240,-100],[350,-160],[210,-100],[210,-110],[1330,-690],[730,-380]],[[-84374210,34011830],[-460,-130],[-390,-110],[-200,-60],[-300,-90],[-200,-60],[-510,-150],[-370,-110],[-1270,-360],[-380,-110],[-650,-180],[-80,-20],[-930,-270],[-690,-200],[-1080,-300],[-870,-250],[-300,-90],[-780,-230],[-580,-170],[-520,-200],[-510,-250],[-530,-340],[-640,-420],[-550,-350],[-620,-420],[-90,-60],[-580,-400],[-1100,-730],[-170,-110],[-170,-120],[-330,-220],[-100,-70]],[[-84273960,34064990],[-510,-1030],[-660,-1280],[-330,-640],[-490,-950],[-130,-250],[-130,-230],[-80,-130],[-50,-80],[-150,-220],[-170,-220],[-150,-190],[-170,-190],[-170,-180],[-170,-170],[-200,-180],[-190,-160],[-250,-190],[-240,-170],[-270,-180],[-330,-210],[-540,-350],[-1010,-660],[-530,-340],[-830,-530],[-280,-180],[-330,-190],[-250,-140],[-440,-230],[-260,-130],[-220,-100],[-180,-80],[-190,-80],[-150,-60]],[[-84317570,34020170],[340,-90],[280,-60],[310,-80],[140,-40],[250,-70],[40,-20],[220,-80],[140,-60],[90,-40],[190,-100],[90,-40],[70,-40],[150,-70],[240,-120],[220,-110],[260,-130],[190,-100],[50,-30],[390,-190],[60,-30],[110,-50],[100,-50],[530,-270],[460,-240],[250,-150],[240,-160],[270,-190],[40,-30],[40,-30],[220,-170],[270,-240],[110,-100],[250,-230],[260,-230],[250,-220],[370,-320],[360,-300],[210,-160],[250,-190],[460,-300],[180,-120],[180,-110],[60,-40],[100,-60],[340,-220],[290,-180],[360,-220],[150,-90],[1350,-790],[1120,-680],[140,-80],[80,-50],[300,-180],[130,-80],[110,-70],[130,-80],[220,-130],[120,-70],[370,-230],[210,-130],[170,-100],[420,-240],[300,-250],[300,-280],[380,-430],[180,-240],[270,-370],[180,-240],[290,-360],[240,-250],[100,-100],[250,-230],[100,-80],[250,-220],[300,-260],[250,-220],[240,-220],[200,-220],[140,-190],[30,-30],[50,-90],[80,-130],[150,-320],[140,-320],[100,-280],[80,-180],[30,-80],[240,-540],[140,-180],[170,-190],[30,-40],[180,-170],[120,-90],[100,-90],[270,-170],[250,-130],[130,-60],[320,-120],[510,-120],[380,-60],[240,-20],[330,-30],[50,0],[260,-30],[170,-20],[370,-10],[250,-40],[130,-20],[360,-60],[450,-90]],[[-84358020,33854010],[-500,-70],[-260,-40],[-50,-10],[-350,-70],[-190,-60],[-210,-90]],[[-84341120,33858420],[-170,-120],[-130,-90],[-130,-70],[-150,-80],[-80,-40],[-250,-100],[-140,-60],[-150,-50],[-320,-110],[-200,-50],[-110,-20],[-410,-80],[-260,-30],[-190,-30],[-60,0],[-210,-10],[-120,0],[-110,10],[-310,10],[-140,20],[-220,20],[-300,40],[-420,60],[-210,30],[-170,20],[-190,30],[-380,50],[-270,10],[-310,10],[-170,-10],[-270,-40],[-160,-30],[-40,-10],[-160,-40],[-210,-80],[-310,-140],[-360,-230],[-160,-100],[-560,-430],[-70,-60],[-660,-510],[-130,-100],[-210,-120],[-260,-100],[-170,-60],[-290,-100],[-690,-220],[-370,-120],[-250,-90],[-400,-150],[-260,-100],[-190,-70],[-490,-170],[-180,-60],[-540,-160],[-280,-80],[-520,-150],[-120,-40],[-40,-10],[-150,-40],[-140,-50],[-200,-30],[-100,0],[-220,-10],[-190,-10],[-380,-20],[-530,-30],[-70,0],[-120,0],[-170,-10]],[[-84177510,34047880],[-330,-400],[-40,-50],[-260,-290],[-140,-160],[-230,-250],[-40,-40],[-120,-130],[-470,-500],[-180,-190],[-730,-800],[-320,-330],[-440,-470],[-490,-520],[-270,-280],[-270,-270],[-270,-280],[-330,-320],[-170,-170],[-340,-360],[-20,-20],[-150,-150],[-590,-610],[-120,-130],[-150,-170],[-130,-170],[-70,-80],[-10,-20],[-150,-220],[-140,-260],[-120,-210],[-100,-210],[-20,-40],[-80,-240],[-80,-300],[-50,-270],[-100,-620],[-90,-510],[-200,-1090],[-10,-60],[-80,-360],[-60,-270],[-60,-320],[-10,-40],[-40,-210],[-20,-120],[-100,-490],[-70,-330],[-40,-160],[-30,-140],[-20,-100],[-50,-260],[-100,-500],[-70,-300],[-110,-490],[-90,-400],[-60,-270],[-170,-720],[-230,-870],[-210,-810],[-110,-480],[-30,-140],[-20,-70],[-120,-430],[-70,-220],[-10,-20],[-70,-220],[-250,-690],[-30,-90],[-160,-370],[-160,-360],[-220,-430],[-110,-230],[-50,-100],[-10,-20],[-420,-830],[-30,-70],[-310,-650],[-100,-280],[-60,-230],[-60,-240],[-60,-360],[-30,-390],[10,-520],[10,-260],[-20,-290],[-30,-500],[-10,-210],[-10,-130],[-10,-150],[-10,-90],[-20,-250],[-10,-70],[-10,-110],[-30,-180],[-50,-190],[-90,-280],[-20,-80],[-40,-130],[-60,-260],[-40,-180],[-30,-110]],[[-84421760,33456560],[120,180],[30,50],[160,310],[160,440],[70,330],[20,230],[10,150],[20,340],[0,420],[10,460],[0,360],[20,280],[20,120],[20,170],[60,290],[90,300],[330,710],[170,310],[250,430],[100,180],[600,1030],[560,900],[220,350],[50,80],[320,490],[250,370],[210,260],[130,170],[190,220],[340,400],[40,40],[140,170],[90,110],[350,370],[330,350],[140,150],[200,220],[210,230],[120,150],[160,220],[50,70],[70,80],[90,130],[170,280],[90,180],[60,200],[60,230],[10,40],[100,360],[140,500],[40,140],[130,400],[280,530],[110,210],[160,270],[20,40],[190,290],[280,380],[370,530],[310,450],[220,370],[200,310],[160,320],[220,450],[60,120],[230,470],[320,710],[250,420],[350,430],[350,340],[490,390],[480,380],[880,700],[600,480],[500,400],[310,240],[230,180],[130,100],[370,290],[330,220],[310,190],[70,40],[310,170],[470,260],[80,40],[100,50],[230,120],[160,80],[240,120],[370,190],[360,190],[470,240],[520,260],[300,160],[490,220],[710,390],[270,130],[420,180],[820,340],[820,340],[980,510],[590,300],[510,260],[340,180],[280,140]],[[-84296880,33616350],[-30,340],[-150,820],[-100,630],[-150,940],[-240,1510],[-60,360],[-340,2060],[-230,1450],[-70,440],[-60,380],[-50,270],[-80,360],[-120,480],[-130,410],[-130,340],[-150,360],[-210,470],[-190,370],[-230,390],[-90,140],[-80,130],[-100,150],[-60,90],[-90,130],[-190,270]],[[-84395420,33631560],[1110,-340],[690,-180],[500,-100],[330,-50],[320,-40],[390,-10],[420,-10],[110,0],[130,10],[230,20],[290,40],[410,60],[200,40],[170,40],[540,150],[420,150],[290,120],[140,60],[120,60],[90,40],[180,90],[220,130],[280,190],[290,200],[100,70],[170,140],[180,170]],[[-84378920,33638350],[290,170],[260,150],[210,130],[110,70],[230,170],[430,350],[310,290],[120,120],[130,130],[260,290],[280,310],[440,480],[430,480],[330,360],[660,750],[340,390],[790,940],[390,490],[670,840],[1010,1320],[1170,1510],[620,810],[190,250]],[[-84296760,34071110],[-300,-340],[-170,-200],[-180,-180],[-140,-150],[-180,-200],[-90,-100],[-150,-160],[-160,-140],[-40,-40],[-130,-110],[-140,-110],[-50,-50],[-80,-60],[-130,-80],[-70,-50],[-280,-170],[-140,-80],[-180,-90],[-40,-20],[-430,-200],[-130,-60],[-100,-40],[-60,-30],[-130,-60],[-50,-20],[-60,-30],[-250,-110],[-190,-90],[-340,-150],[-270,-130],[-100,-50],[-250,-120],[-190,-90],[-370,-180],[-160,-80],[-310,-140],[-40,-20],[-80,-40],[-270,-120],[-220,-90],[-440,-190],[-170,-60],[-190,-60],[-360,-100],[-120,-40],[-410,-110],[-450,-90],[-90,-20],[-110,-20],[-150,-20],[-270,-40],[-60,-10],[-80,-10],[-250,-10],[-140,-10],[-160,-20],[-220,-10],[-200,-20],[-40,0],[-50,0],[-230,10],[-240,0],[-90,0],[-130,10],[-460,30],[-250,20],[-280,20],[-160,0],[-480,20],[-90,0],[-310,0],[-320,10],[-230,10],[-200,0],[-190,0],[-160,0],[-220,10],[-90,0],[-390,0],[-520,10],[-330,0],[-350,10],[-660,10],[-110,0],[-360,10],[-310,10],[-200,0],[-660,10],[-110,0],[-320,0],[-380,10],[-350,0],[-240,-20],[-40,0],[-60,0],[-280,-30],[-150,-20],[-160,-20],[-260,-40],[-490,-110],[-340,-110],[-290,-90],[-200,-60],[-40,-20],[-350,-150],[-200,-90],[-210,-90],[-270,-120],[-360,-180],[-230,-110],[-170,-110],[-220,-140],[-140,-120],[-260,-220],[-410,-400],[-520,-620],[-220,-260],[-50,-60],[-160,-180],[-240,-290],[-300,-350],[-370,-440],[-90,-100],[-160,-200],[-220,-230],[-320,-400]],[[-84163380,33933550],[450,240],[270,150],[300,170],[310,190],[320,200],[360,240],[340,240],[440,320],[650,480],[620,460],[120,90],[1600,1180],[1500,1120],[1140,800]],[[-84078250,33995840],[380,490],[280,350],[290,370],[580,720],[490,610],[850,1090],[630,810],[210,260],[310,400],[190,280],[80,110],[60,90],[400,620],[470,820],[560,1000],[570,1010],[560,990],[150,300],[300,530],[360,630],[410,710],[420,730],[420,720],[300,470],[300,450],[310,440],[360,510],[300,410],[300,400],[410,530]],[[-83922660,33949130],[280,650],[360,860],[200,450],[220,440],[210,420],[230,390],[190,310],[260,380],[190,270],[200,260],[250,300],[670,710],[130,130],[570,540],[560,460],[180,130],[1100,750],[540,340],[720,460],[250,160],[280,180],[250,170],[490,320],[90,60],[330,190],[370,230]],[[-84264850,33539270],[-570,820],[-440,650],[-490,640],[-670,900],[-350,520],[-240,390],[-240,480],[-310,730]],[[-84343400,33666710],[-170,-70],[-160,-70],[-390,-160],[-350,-150],[-600,-250],[-480,-200],[-420,-180],[-930,-390],[-510,-210],[-730,-310],[-1060,-440],[-550,-220],[-220,-90],[-390,-150],[-410,-170],[-1360,-600],[-1260,-530],[-850,-360],[-1510,-630],[-1100,-460],[-980,-410],[-670,-280],[-210,-90],[-260,-110],[-180,-80],[-190,-90],[-170,-80],[-140,-70],[-120,-60],[-80,-40],[-100,-50],[-90,-50],[-200,-110],[-230,-130],[-180,-110],[-210,-130],[-150,-100],[-170,-110],[-260,-180],[-190,-140],[-170,-130],[-200,-160],[-170,-140],[-190,-170],[-160,-140],[-90,-80],[-110,-100],[-90,-90],[-80,-80],[-50,-50],[-130,-140],[-220,-230],[-150,-170],[-160,-190],[-180,-220],[-220,-280],[-140,-190],[-150,-190],[-140,-190],[-200,-260],[-200,-260],[-190,-250]],[[-84287140,33379200],[200,20],[120,10],[180,10],[200,0],[180,0],[130,-10],[170,-20],[140,-20],[120,-20],[140,-30],[120,-30],[370,10]],[[-84147250,33446990],[170,0],[700,10]],[[-84495600,33753030],[130,320],[80,200],[210,530],[300,760],[300,730],[270,670],[260,680],[170,420],[170,420]],[[-84403950,33742400],[470,250]],[[-84302280,33382100],[210,-270],[210,-270],[60,-70],[280,-360]],[[-84208420,33459250],[-590,1200],[-710,1420],[-370,860],[-330,810],[-850,2060],[-480,1160],[-320,780]],[[-84341640,33490900],[-350,1210]],[[-84377280,33583550],[-370,430],[-250,360],[-50,80],[-130,220],[-70,150],[-40,90],[-90,240],[-50,210],[-40,200],[-10,100],[-20,200],[0,250],[20,240],[40,200],[90,330]],[[-83971980,33919580],[160,30],[420,90],[500,80],[270,20],[200,-20],[330,-50],[30,0],[230,-60],[430,-110],[470,-130],[490,-130],[420,-120],[350,-50],[370,0],[360,30],[390,80],[330,120],[320,150],[880,480],[840,460],[340,190],[1190,650],[1940,1050],[3630,1960],[4620,2510],[130,70],[220,120],[1510,810],[620,350],[730,400],[770,390],[180,90],[190,90],[430,200],[930,400],[450,190],[560,210],[260,100],[980,370]],[[-84058280,33893220],[-20,-310],[0,-140],[10,-130],[10,-140],[20,-140],[40,-160],[30,-120],[40,-120],[40,-100],[50,-110],[70,-130],[90,-140],[90,-130],[100,-130],[110,-120],[120,-130],[160,-160],[230,-210],[70,-70],[230,-220],[450,-440],[160,-150],[130,-100],[140,-100],[140,-90],[140,-80],[140,-70],[130,-60],[150,-60],[150,-50],[150,-40],[170,-40],[160,-30],[130,-20],[170,-20],[130,-10],[170,0],[180,0],[150,10],[140,10],[140,20],[160,30],[130,30],[140,40],[180,60],[190,70],[350,150],[2000,910]],[[-84104600,33962820],[470,60],[280,40],[820,140],[590,120],[610,130],[1100,230],[190,40],[870,190],[180,40],[270,50],[230,50],[470,90],[460,70],[310,40],[210,20],[250,20],[370,20],[430,10],[400,0],[290,-10],[230,-10],[170,-10]],[[-84511670,33617890],[-40,-40],[-280,-230],[-310,-240],[-380,-280],[-200,-150],[-170,-120],[-420,-340],[-760,-640],[-540,-420],[-560,-360],[-290,-170]],[[-84469210,33620540],[-500,10],[-290,10],[-500,10]],[[-84445870,33648690],[-130,-80],[-150,-100],[-520,-340],[-450,-340],[-140,-110],[-230,-190],[-220,-190],[-300,-280],[-180,-170]],[[-84401110,33688610],[10,-320],[-20,-230],[-40,-230],[-60,-230],[-90,-230],[-80,-180],[-130,-220],[-160,-230],[-170,-210],[-80,-80],[-100,-100],[-190,-170],[-220,-160],[-200,-140],[-140,-80],[-200,-100],[-120,-50],[-150,-60],[-250,-80],[-180,-50],[-600,-180]],[[-84391230,33779710],[20,-1100],[10,-150],[20,-220],[20,-250],[20,-190],[30,-250],[50,-320],[60,-350],[60,-270],[290,-1360],[170,-800]],[[-84362530,33816460],[-320,-330],[-360,-380],[-80,-70],[-160,-150],[-120,-110],[-430,-400],[-400,-330],[-500,-400],[-310,-230],[-180,-130],[-440,-300]],[[-84356550,33823790],[-50,-40],[-50,-50],[-240,-240],[-50,-50],[-310,-370]],[[-84581530,33566860],[-270,-270],[-50,-60],[-330,-410],[-190,-240],[-190,-260],[-210,-290],[-50,-80],[-270,-390],[-200,-280],[-210,-300],[-320,-440],[-220,-280],[-280,-340],[-220,-270],[-140,-180],[-90,-110],[-170,-210],[-30,-40],[-160,-190],[-140,-180],[-180,-190],[-300,-290],[-550,-470],[-250,-200],[-150,-100],[-490,-320],[-350,-230],[-580,-380],[-250,-150],[-260,-160],[-790,-520],[-370,-250],[-330,-210],[-510,-320],[-1260,-810],[-170,-110],[-310,-210]],[[-84285070,33379120],[660,-130],[540,-80],[980,-150],[360,-50],[940,-130],[490,-80],[420,-60],[830,-130],[720,-90],[360,-70],[210,-30],[380,-50],[1280,-200],[620,-100],[830,-130],[580,-80],[250,-40],[300,-60],[850,-120],[900,-140],[140,-20],[750,-110],[1080,-170],[420,-60],[430,-60],[150,-20],[550,-50],[540,10],[120,10],[330,40],[290,50],[610,180],[340,120],[280,120],[190,80],[170,90],[300,160],[400,270],[290,230],[140,120],[210,230],[220,280],[470,640],[440,640],[190,270],[290,410],[190,240],[280,400],[450,640],[670,920],[300,450],[480,680],[390,590],[190,320],[650,1080],[790,1530],[230,450],[560,1170],[310,710],[240,470],[130,230],[150,230],[280,460],[150,220],[160,190],[310,360],[240,250],[410,390],[560,490],[290,230],[270,160],[80,60],[380,270],[510,300],[170,90],[350,170],[160,80],[130,50],[150,70],[200,80],[160,60],[270,110],[400,130],[410,130],[520,140],[510,110],[520,90],[470,60],[830,50],[540,20],[230,10],[990,60],[420,10],[590,30],[210,10],[320,20],[600,60],[250,50],[110,20],[560,120],[510,170],[430,170],[340,170],[200,110],[380,220],[290,190],[280,210],[260,210],[610,590],[390,360],[270,240],[330,310],[400,370],[180,140],[700,580],[140,90],[70,50],[380,260],[430,250],[100,50],[340,190],[560,260],[300,130],[250,110],[210,80],[250,80],[270,80],[680,150],[520,100],[520,120],[780,100],[540,20],[270,0],[280,10],[570,-30],[480,-10],[800,-40],[1060,-100],[1270,-50],[1200,0],[490,-20],[680,-20],[540,10],[160,10],[420,50],[450,70],[330,70],[360,110],[90,30],[230,90],[420,150],[250,120],[300,160],[720,400],[730,430],[540,320],[600,310],[70,40],[430,260],[200,120],[1140,640],[680,380],[340,220],[210,120],[670,440],[700,450],[850,580],[100,70],[690,470],[550,370],[150,110],[490,340],[610,430],[540,350],[560,340],[290,160],[450,220],[500,240],[520,210],[550,210],[570,170],[570,150],[670,160],[500,90],[740,120],[160,30],[640,110],[460,70],[1390,230],[270,40],[540,110],[560,140],[90,20],[540,160],[710,260],[570,240],[450,230],[510,300],[100,60],[390,250],[350,270],[140,130],[150,140],[400,340],[380,380],[70,70],[220,230],[90,90],[260,260],[330,320],[570,570],[180,190],[410,350],[320,270],[90,70],[340,270],[30,30],[220,180],[270,220],[120,100],[100,80],[330,270],[240,180],[140,100],[320,240],[380,320],[420,330],[590,450],[290,220],[160,120],[300,230],[160,130],[150,130],[50,40],[210,160],[460,350],[330,240],[240,210],[310,250],[240,200],[320,250],[360,290],[540,430],[180,150],[120,100],[320,260],[230,210],[170,170],[250,250],[80,90],[200,210],[260,280],[80,90],[200,220],[170,200],[140,150],[140,150]],[[-84409850,33683640],[-350,-210],[-140,-100],[-270,-230],[-300,-290],[-160,-190],[-120,-170],[-110,-190],[-110,-230],[-100,-230],[-170,-470],[-100,-300],[-50,-160],[-160,-500],[-160,-520],[-140,-430],[-170,-490],[-140,-460],[-160,-530],[-140,-460]],[[-84406110,33684760],[-440,-120],[-510,-140],[-310,-80]],[[-84342190,33981770],[-710,-1510],[-270,-540],[-1070,-2060]],[[-84392770,33730160],[-50,-180],[-40,-120],[-230,-640],[-110,-340]],[[-84379250,33752900],[-150,-230],[-170,-230],[-230,-270],[-280,-310],[-320,-300],[-530,-470]],[[-84361150,33820650],[-310,-600],[-80,-160],[-70,-170],[-100,-290]],[[-84369800,33856190],[-150,-1780],[-40,-600],[-40,-470],[-20,-250],[-10,-250],[0,-250],[20,-230],[40,-340],[10,-70],[40,-200],[90,-340],[90,-270],[140,-330],[80,-180],[270,-500],[110,-190],[140,-250],[320,-570],[350,-620],[210,-380]],[[-84408290,33743240],[20,-120],[20,-100],[70,-550],[10,-110],[20,-210]],[[-84408400,33744050],[30,-240],[50,-350],[10,-60],[20,-160]],[[-84368150,33848120],[280,-460],[200,-300],[210,-280],[190,-260],[270,-340],[250,-300],[150,-160],[150,-160],[320,-300],[170,-150],[250,-200],[250,-180],[470,-300],[410,-240],[330,-190],[370,-230],[390,-220],[220,-130],[270,-160],[140,-90],[120,-70],[430,-290],[240,-190],[220,-180],[210,-190],[190,-190],[180,-180],[310,-370],[200,-280],[160,-240],[150,-250],[130,-250],[100,-220],[100,-230],[90,-250],[60,-200],[70,-260],[100,-480],[50,-500],[40,-520],[30,-460],[60,-790],[40,-520],[10,-570],[-10,-510],[-10,-230],[-30,-430],[-50,-430],[-70,-490],[-40,-220],[-70,-350],[-50,-250],[-130,-550],[-110,-440],[-70,-330],[-110,-520],[-50,-320]],[[-84180860,33428140],[80,80],[130,140],[60,80],[100,110],[100,120],[40,50],[180,210],[110,130],[100,120],[140,160],[200,230],[150,180],[120,140],[80,90],[160,170],[180,170],[70,70],[120,110],[230,210],[110,100],[140,120],[260,250],[50,40],[110,90],[40,80],[120,100],[110,90],[140,120],[60,50],[120,100],[30,30],[140,110],[40,40],[30,30],[430,360],[260,200],[380,300],[240,180],[110,80],[60,40],[190,130],[110,60],[150,80],[70,30],[150,60],[230,90],[90,20],[100,30],[130,20],[80,20],[260,30],[200,10],[80,10],[260,0],[140,0],[260,-10],[220,-10],[150,0],[280,-10],[220,-10],[100,0],[440,-10],[200,-10],[340,-10],[340,-10],[140,0],[170,0],[340,-10],[510,10],[260,0],[390,30],[430,50],[130,20],[310,60],[610,170],[760,230],[240,70],[720,240],[540,180],[160,50],[220,70],[210,60],[210,50],[1050,220],[370,70],[90,20],[350,70],[100,20],[140,30],[370,70],[270,60],[140,50],[200,70],[80,40],[80,40],[360,200],[240,130],[350,200],[310,190],[750,450],[410,250],[190,120],[30,20],[200,120],[200,130],[290,180],[80,50],[50,30],[110,100],[150,120],[110,130],[220,280],[280,380],[30,40],[320,450],[90,130],[280,410],[60,80],[310,450],[200,260],[210,260],[110,130],[110,120],[190,190],[180,170],[350,350],[140,140],[340,340],[170,170],[240,250],[140,150],[280,290],[370,420],[130,140],[370,370],[220,200],[70,60],[270,220],[530,440],[760,610],[150,120],[140,110],[160,130],[120,130],[70,90],[80,110],[50,90],[60,110],[40,130],[20,140],[10,150],[400,0],[240,0],[620,-10],[560,0],[380,0]],[[-84360840,33820890],[-160,-240]],[[-84435330,33904380],[650,290],[470,230],[480,240],[450,260],[420,270],[420,280],[320,240],[160,120]],[[-84407490,33781550],[10,-350],[0,-230],[-10,-280]],[[-84493730,33787270],[80,-50],[120,-70],[390,-240],[170,-100],[640,-350],[350,-160]],[[-84413440,33804870],[60,130],[60,150],[30,60],[70,130],[90,260]],[[-84349950,33914570],[-430,-140],[-700,-230],[-830,-250],[-250,-80],[-490,-180],[-490,-180],[-710,-280],[-350,-140],[-340,-130],[-260,-100],[-280,-120],[-160,-70],[-190,-90],[-460,-230],[-280,-130],[-100,-50],[-290,-140],[-190,-90],[-330,-160],[-420,-200],[-160,-70],[-200,-90],[-240,-110],[-170,-70],[-120,-50],[-210,-80],[-510,-180],[-790,-250],[-670,-170],[-190,-40],[-290,-50],[-320,-50],[-270,-40],[-70,-10],[-90,-10],[-560,-50],[-250,-20],[-660,-30]],[[-84364610,33873760],[10,710],[10,970],[10,700],[0,440],[-10,480],[-20,490],[-20,540],[-30,800]],[[-84360970,34023580],[-130,-130],[-140,-90],[-150,-100],[-90,-20],[-60,-20],[-20,-490],[-10,-200],[-10,-150],[0,-110]],[[-84360030,33773800],[-30,-160]],[[-84315230,33415060],[390,-870],[280,-620],[180,-390]],[[-84182520,33426150],[80,130],[40,110],[30,90],[60,170],[50,90],[180,200],[340,400],[80,90],[100,110],[170,210],[210,190],[140,80],[100,60],[80,60]],[[-83789070,34319620],[-10,-240]],[[-84413130,33805600],[-90,-260],[-70,-130],[-30,-60],[-60,-150],[-60,-130]],[[-84173090,33457240],[-200,90],[-330,150],[-130,50],[-150,50],[-350,110]],[[-84379150,33912740],[0,130],[-50,370],[0,50]],[[-84475120,33904220],[120,-250],[130,-260],[110,-210],[140,-250],[200,-340],[220,-340],[200,-290],[210,-280],[170,-220],[100,-120],[360,-420],[360,-400],[310,-330],[270,-270],[260,-240],[340,-310],[260,-230],[300,-250],[230,-180],[220,-170],[260,-190]],[[-84506140,33654160],[-550,-30]],[[-84361010,33933590],[-320,90],[-390,140],[-230,100],[-340,180]],[[-84402930,33763460],[-20,40],[-40,80],[-100,230]],[[-84248540,33462780],[380,-70]],[[-84399760,33698120],[-890,-60],[-450,-40],[-280,-40],[-310,-50],[-280,-50],[-240,-50],[-570,-140],[-210,-60],[-740,-210],[-110,-30],[-140,-40],[-340,-100],[-310,-90],[-150,-50],[-200,-60],[-280,-80],[-700,-190],[-160,-40],[-290,-70],[-220,-50],[-240,-40],[-210,-20],[-260,-10],[-430,-10],[-340,10],[-240,0],[-380,10],[-450,20]],[[-84162610,33412510],[-80,70],[-350,280],[-750,610],[-730,600],[-630,520],[-1170,960]],[[-84411310,33696660],[-210,10],[-130,10],[-120,10],[-110,10],[-160,20],[-140,20],[-120,20],[-190,40]],[[-84266170,33539160],[100,-140],[100,-130],[720,-910],[720,-810],[900,-1010]],[[-84560570,34014170],[-190,-20],[-180,-40],[-400,-120],[-140,-30],[-290,-110],[-140,-80],[-290,-150],[-320,-210],[-390,-310],[-70,-60],[-190,-150],[-200,-160],[-210,-170],[-530,-420],[-320,-260],[-90,-70],[-210,-150],[-200,-120],[-260,-160],[-90,-60],[-470,-270],[-450,-260]],[[-84601470,33776560],[410,-20],[250,-20],[710,-50],[930,-60],[1150,-80],[2920,-210],[2750,-180],[2980,-200],[2600,-170],[2570,-180],[1220,-80],[2570,-170],[670,-50],[720,-50],[1490,-100],[420,-30],[710,-50],[1210,-80],[1500,-100],[4470,-310],[1560,-100],[1200,-80],[950,-60],[770,-50],[360,-30],[590,-40]],[[-83787510,34322840],[180,400],[390,860],[470,1060],[240,520],[250,520],[150,280],[130,230],[300,510],[440,650],[420,580],[540,690],[730,930],[270,350],[590,750],[210,270],[300,380],[60,80],[670,850],[550,650],[770,870],[1010,1040],[80,80],[1210,1230],[480,490],[640,650],[1140,1160],[600,610],[1080,1090],[530,540],[60,60],[510,510],[150,150],[220,220],[1020,1040],[270,280],[800,800],[420,380],[450,360],[720,520],[510,330],[500,300],[580,280],[560,250],[550,220],[800,300],[230,90],[530,200],[760,280],[430,170],[580,220],[1020,380],[320,120],[210,80],[360,140],[300,120],[460,190],[470,210],[380,180],[410,200],[140,70],[720,390],[340,210],[370,230],[480,310],[470,330],[710,520],[380,320],[510,440],[1070,960],[220,200],[1190,1070],[390,360],[230,200],[690,620],[810,730],[320,280],[290,260],[840,750],[1290,1150],[1440,1290],[1410,1270],[1030,920],[620,540],[210,160],[1240,920],[290,190],[330,200],[1000,570],[780,400],[790,400],[1070,520],[210,100],[780,380],[780,390],[790,400],[1040,570],[770,440],[520,310],[1000,630],[740,490],[1450,970],[1390,920],[1320,880],[1600,1060],[90,60],[770,520],[640,400],[320,210],[500,290],[1040,530],[540,260],[540,240],[1070,470],[1000,440],[960,420],[580,260],[520,230],[1100,480],[650,310],[610,320],[380,240],[570,390],[520,420],[120,110],[510,500],[590,610],[450,480],[420,430],[160,160],[670,680],[210,220],[660,680],[320,340],[450,420],[270,210],[230,180],[510,380],[520,350],[220,130],[550,320],[640,370],[1330,780],[410,240],[1400,810],[600,360],[940,550],[1240,720],[1170,680],[560,330],[340,200],[570,340],[1000,590],[540,310],[1100,630],[700,410]],[[-84445610,33698410],[-270,-70],[-180,-40],[-170,-30],[-220,-40],[-190,-30],[-240,-30],[-310,-20],[-290,-10],[-200,0],[-190,10],[-190,10],[-220,20],[-180,20],[-80,10],[-350,60],[-220,40],[-280,60],[-580,140]],[[-84315250,34034100],[280,370],[510,700],[110,150],[290,400],[280,370],[270,370],[200,260],[230,290],[470,590],[480,560],[520,580],[270,290],[130,140],[400,420],[620,610],[880,870],[820,820],[510,500],[100,90],[200,180],[380,360],[500,500],[350,340],[560,520]],[[-84396900,33719080],[430,570],[560,740],[700,940],[470,630],[110,150],[150,230],[90,130],[80,140],[70,130],[90,180],[80,180],[70,150],[40,100],[60,190],[50,150],[50,180],[40,210],[40,240],[60,330],[50,340],[90,780]],[[-84624270,33946270],[-650,20],[-490,10],[-430,10],[-120,10],[-300,10],[-430,40],[-440,50],[-90,10],[-480,60],[-210,30],[-180,30],[-310,40],[-330,50],[-130,20],[-470,90],[-430,90],[-240,50],[-600,140],[-550,150],[-840,220],[-940,310],[-1060,410],[-330,130],[-1270,520],[-200,80],[-290,120],[-470,180],[-1030,410],[-1380,510],[-940,330],[-610,220],[-50,20],[-450,150],[-1400,460],[-220,70],[-1360,430],[-540,170],[-1050,330],[-90,30],[-1080,320],[-180,50],[-690,180],[-290,70],[-410,100],[-270,60],[-560,130],[-440,100],[-420,90],[-410,80],[-1110,190],[-260,40],[-30,0],[-280,40],[-30,0],[-220,30],[-190,20],[-200,20],[-30,0],[-330,30],[-400,40]],[[-84479630,33974320],[-350,-20],[-370,-30],[-70,-10],[-280,-20],[-350,-20],[-1210,-80],[-130,-10],[-620,-60],[-370,-30],[-300,-30],[-260,-50],[-230,-40],[-540,-150],[-460,-150],[-350,-130],[-320,-160]],[[-84476980,33870420],[50,120],[190,510],[190,490],[100,260],[110,260],[90,220],[130,310],[40,110],[130,320],[100,250],[120,300],[230,560],[90,220],[260,640],[470,1150],[340,830],[180,450],[500,1210],[130,320],[140,360],[40,100],[260,630],[80,200],[170,390],[130,270],[100,200],[140,260],[120,210],[180,290],[100,150]],[[-84363340,33816050],[200,140],[280,300],[300,330],[250,290],[160,190],[350,510],[290,400],[480,720],[800,1190],[370,560],[240,370],[120,240],[150,280],[100,300],[30,130],[40,270],[20,120]],[[-84408740,33772740],[80,-50],[120,-50],[90,-30],[130,-10],[160,-80],[330,-200],[520,-320],[140,-90],[380,-220],[490,-290],[460,-270],[600,-350],[180,-100],[220,-130]],[[-84392890,33728870],[210,530],[100,270]],[[-84407480,33779660],[-30,-590]],[[-83821320,34262940],[100,1380],[80,630],[70,300],[100,310],[120,290],[50,110],[90,180],[160,280],[180,270],[190,250],[220,240],[230,240],[240,220],[380,360]],[[-84437900,33863290],[-650,720],[-280,310],[-230,260],[-200,230],[-280,320],[-740,840],[-430,490],[-230,270],[-200,250],[-210,280],[-180,260],[-400,640]],[[-84126530,33355820],[120,-170],[80,-120],[80,-130],[90,-160],[190,-360],[200,-380],[200,-420],[100,-230],[80,-190],[80,-200],[130,-340],[90,-260],[90,-270],[80,-250],[120,-430],[40,-160],[80,-350],[60,-290],[70,-380],[50,-360],[30,-230],[30,-270],[60,-440],[20,-150],[20,-170],[20,-170]],[[-84390810,33743900],[100,150],[110,150],[110,140],[150,170],[130,140],[150,150],[300,270],[170,150],[330,260],[1230,930]],[[-84148150,33447750],[-330,10],[-2010,50],[-560,10],[-500,10],[-790,20],[-830,20],[-430,20],[-390,10],[-240,10],[-360,20],[-80,0],[-110,0],[-280,0],[-740,0],[-350,-10],[-130,0],[-100,0],[-120,0],[-60,10],[-70,20],[-50,30],[-80,60],[-10,30],[-10,20],[-20,30],[-20,20],[-20,20],[-30,20],[-30,20],[-40,20],[-30,10],[-40,10],[-40,0],[-50,-10],[-280,60],[-150,50],[-150,50],[-140,60],[-320,150],[-330,160],[-670,320],[-260,120],[-270,130],[-240,120],[-110,60],[-220,110],[-210,110],[-290,150],[-180,90],[-100,50],[-160,0],[-280,140],[-590,300],[-310,160],[-330,180],[-550,300],[-820,420],[-200,110],[-300,160],[-610,310],[-640,360],[-270,150],[-220,130],[-230,150],[-470,290]],[[-84647430,34078900],[480,10],[590,20],[400,20],[400,30],[530,50],[470,60],[350,50],[390,60],[330,60],[640,120],[790,170],[420,100],[870,200],[1720,400],[1450,330],[850,200],[1310,310],[270,60],[400,90],[280,60],[210,40],[310,50],[210,30],[150,20],[210,20],[150,10],[290,10],[240,0],[270,0],[210,-10],[160,-10],[220,-20],[320,-40],[320,-50],[310,-60],[270,-60],[270,-70],[360,-110],[250,-80],[240,-90],[190,-80],[260,-120],[280,-140],[150,-80],[180,-100],[200,-120],[200,-130],[350,-250],[950,-710],[2290,-1740],[850,-640],[560,-430],[730,-550],[660,-520],[310,-240],[1590,-1220],[2720,-2080],[2070,-1570],[1550,-1160],[910,-680],[270,-190],[910,-710],[440,-350],[190,-160],[170,-150],[180,-170],[260,-260],[290,-290],[380,-400],[280,-320],[710,-850],[380,-470],[300,-370],[420,-510],[500,-610],[440,-550],[380,-470],[470,-570],[210,-250],[200,-230],[240,-260],[220,-220],[210,-200],[270,-250],[260,-230],[250,-210],[190,-150],[310,-230],[320,-220],[370,-240],[340,-210],[260,-150],[440,-240],[350,-180],[1610,-830]],[[-84292190,34003220],[350,-90],[80,-20],[540,-170],[250,-90],[430,-180],[250,-110],[270,-120],[50,-20],[310,-140],[260,-130],[360,-170],[310,-140],[100,-50],[240,-90],[250,-90],[370,-120],[280,-80],[160,-40],[140,-40],[480,-120],[250,-70],[260,-70],[140,-40],[220,-70],[210,-80],[310,-130],[230,-120],[130,-80],[80,-50],[20,-10],[200,-160],[120,-100],[380,-380],[140,-170],[130,-210],[160,-330],[50,-120],[110,-310],[30,-80],[40,-170],[50,-210],[60,-280],[10,-60],[140,-530],[170,-460],[90,-180],[120,-230],[190,-320],[240,-320],[160,-220],[280,-380],[290,-380],[250,-340],[90,-120],[30,-40],[180,-230],[540,-700],[60,-70],[210,-290],[120,-170],[50,-70],[170,-220],[210,-210],[160,-150],[20,-20],[140,-100],[50,-30],[50,-30],[70,-40],[80,-40],[170,-90],[170,-70],[230,-100],[110,-40],[260,-110],[460,-200],[370,-200],[100,-50],[60,-40],[300,-200],[200,-130],[80,-50],[140,-90],[260,-170],[200,-140],[50,-30],[330,-210],[310,-200],[400,-260],[170,-110],[360,-240],[160,-110],[90,-60],[110,-70],[90,-60],[320,-220],[480,-370],[150,-150],[60,-50],[140,-150],[200,-200],[130,-140],[70,-70],[120,-120],[260,-250],[170,-150],[310,-210],[150,-110],[300,-190],[410,-290],[190,-140],[350,-260],[120,-80],[270,-180],[520,-340]],[[-83945850,34143550],[580,460],[170,140],[340,280],[1250,1000],[1550,1210],[810,630],[1320,1030],[1660,1300],[1910,1500],[1870,1460],[1110,850],[500,390],[290,230],[390,320],[760,660],[690,670],[460,500],[440,470],[190,230],[330,470],[390,540],[270,410],[320,530],[780,1260],[240,380],[260,420],[380,640],[270,430],[140,230],[120,200],[270,440],[280,460],[420,690],[290,470],[290,480],[300,480],[290,490],[450,720],[450,760],[90,140],[640,1040],[440,710],[470,710],[470,710],[150,200],[370,490],[370,470],[540,670],[150,170],[330,400],[80,90],[770,920],[100,110],[660,770],[70,80],[410,490],[330,390],[270,320]],[[-84502530,33727040],[30,350],[70,600],[20,440],[40,740],[20,380],[30,410],[30,380],[30,320],[40,390],[50,450],[40,310],[50,340],[70,440],[60,330],[80,420],[80,400],[90,400],[80,320],[90,360],[70,260],[120,440],[120,420],[150,510],[90,300],[360,1220],[300,1030],[130,480],[90,350],[110,360],[150,500],[150,500],[180,610],[200,680],[230,810],[190,630],[240,820],[150,510],[170,600],[120,400],[90,280],[170,520],[200,560],[170,440],[200,530],[200,510],[160,410],[180,450],[150,370],[170,410],[140,360],[30,70]],[[-84403720,33801880],[-250,40],[-200,40],[-100,20],[-340,80],[-250,60],[-350,90],[-260,70],[-180,50],[-310,90],[-300,90],[-280,90],[-360,120],[-430,160],[-480,180],[-820,340],[-1070,410]],[[-84404000,33742590],[-430,-210],[-270,-130],[-280,-130],[-230,-100],[-220,-90],[-230,-90],[-250,-90],[-240,-80],[-220,-70],[-220,-60],[-230,-60],[-410,-100],[-160,-30],[-180,-30],[-260,-40],[-320,-40],[-320,-30],[-260,-20],[-190,-10],[-340,-10]],[[-84466370,33620020],[990,-110],[390,-40],[530,-30],[290,0],[300,0],[310,10],[270,20],[340,50],[310,60],[280,60],[150,50],[200,60],[210,70],[260,100],[200,100],[250,110],[170,100],[340,210],[350,260],[220,200],[240,230],[110,110],[140,160],[160,190],[180,240],[90,120],[370,520],[410,600],[460,680],[200,310],[120,170],[490,700]],[[-84161490,33411340],[130,-100],[140,-110],[380,-310],[540,-430],[650,-510],[590,-470],[810,-640],[580,-460],[330,-270],[470,-380],[420,-350],[440,-400],[390,-380],[390,-410],[390,-440],[360,-420],[340,-440],[340,-480],[300,-450],[200,-320],[290,-520],[490,-900],[390,-720],[530,-990],[1190,-2220],[1210,-2250],[410,-760],[650,-1230],[550,-1060],[190,-350],[220,-350],[420,-700],[480,-800],[880,-1540],[480,-830],[250,-410],[560,-980],[690,-1190],[1800,-3130],[1700,-2920],[1140,-2010],[480,-890],[660,-1250],[430,-800],[250,-480],[220,-430],[290,-550],[310,-590],[310,-590],[310,-580],[350,-670],[260,-490],[550,-1050],[540,-1030],[840,-1600],[420,-780],[490,-880],[430,-720],[540,-900],[450,-750],[370,-600],[710,-1180],[810,-1350],[550,-910],[270,-450],[370,-610],[320,-540],[170,-320],[210,-370],[170,-280],[80,-120],[90,-130]],[[-84459810,33698440],[340,150],[320,140],[190,80],[100,40],[110,40],[170,60],[150,50],[90,30],[140,40],[260,70],[290,70],[330,70],[450,60],[260,30],[200,20],[310,20],[270,10],[240,0],[260,-10],[190,-10],[230,-20],[220,-20],[290,-40],[390,-70],[730,-160],[620,-140],[840,-190],[1420,-330],[450,-100]],[[-84425040,33772680],[340,140],[180,60],[80,30],[190,50],[50,20],[90,20],[190,50],[70,20],[190,30],[310,50],[350,30],[250,10],[190,0],[70,0],[260,10],[110,30],[290,-10],[450,-20],[230,0],[280,0],[340,-10],[370,0],[410,0],[400,-10],[100,-10],[350,-20],[380,-50],[320,-40],[320,-20],[30,0],[270,10],[170,0],[60,0]],[[-84208680,33458570],[190,-370],[130,-250],[190,-340],[120,-220],[120,-220],[180,-290],[400,-630],[280,-410],[150,-210],[390,-540],[270,-350],[270,-340],[280,-330],[290,-340],[640,-730],[360,-420],[620,-710],[170,-200],[190,-220],[480,-550],[340,-410],[610,-730],[800,-960],[580,-690],[360,-430],[910,-1100],[290,-350],[210,-240],[340,-400],[460,-570],[650,-800],[260,-330],[410,-520],[450,-580],[470,-580],[790,-950],[660,-770],[790,-910],[410,-480],[470,-540],[730,-850],[240,-290],[230,-270],[390,-450],[350,-410],[290,-330],[520,-610],[360,-420],[270,-320],[200,-250],[220,-260],[280,-340],[480,-560],[220,-250],[280,-320],[190,-200],[120,-140],[160,-170],[260,-280],[170,-170],[230,-230],[160,-160],[160,-160],[250,-240],[200,-190]],[[-84248160,33462710],[150,-30],[240,-30],[180,-20],[160,20],[980,120],[520,80],[650,100],[160,20],[560,80],[1010,130],[600,100],[720,90],[510,70],[950,120],[540,70],[1240,150],[720,90],[340,40],[730,90],[760,70],[960,100],[1460,150],[180,20],[620,40],[240,30],[60,10],[590,70]],[[-84167000,33453180],[470,-290],[230,-150],[220,-130],[270,-150],[640,-360],[610,-310],[300,-160],[200,-110],[820,-420],[550,-300],[330,-180],[310,-160],[590,-300],[280,-140],[70,-90],[200,-100],[60,-30],[330,-170],[220,-120],[220,-110],[90,-50],[520,-260],[280,-120],[280,-140],[380,-180],[450,-210],[190,-80],[140,-60],[40,-20],[150,-50],[80,-50],[70,-60],[90,-80],[0,-40],[10,-30],[20,-40],[30,-40],[20,-20],[30,-20],[30,-20],[40,-20],[30,-10],[50,-10],[40,0],[40,10],[30,10],[40,20],[220,-20],[340,10],[170,-10],[60,0],[320,0],[160,0],[340,-10],[290,0],[250,0],[100,0],[120,0],[210,0],[130,-10],[80,-10],[130,-30],[110,-30],[170,-50],[130,-50],[150,-80],[150,-90],[90,-80],[80,-90],[320,-290],[220,430],[170,310],[60,120],[790,-20],[500,-10],[560,-10],[2010,-50],[330,-10]],[[-84358910,33765450],[-450,-620],[-200,-210],[-160,-130],[-330,-220],[-450,-170],[-550,-210],[-450,-170],[-730,-270],[-800,-350],[-460,-170],[-970,-330],[-450,-190],[-190,-100],[-130,-60],[-650,-360],[-400,-210],[-780,-340],[-800,-340],[-620,-240],[-440,-120],[-790,-200],[-490,-90],[-470,-60],[-550,-50],[-220,0],[-610,10]],[[-83910750,34182830],[230,280],[160,180],[380,440],[570,680],[530,640],[310,370],[110,130],[180,210],[150,170],[400,470],[280,340],[280,320],[140,160],[120,140],[150,180],[180,210],[150,170],[190,210],[290,310],[200,220],[210,220],[220,230],[100,100],[190,190],[220,220],[380,370],[370,350],[280,260],[1180,1100],[460,430],[200,190],[100,90],[110,100],[460,420],[650,610],[900,830],[660,620],[630,590],[510,470],[870,820],[690,640],[200,190],[270,270],[230,230],[320,320],[350,370],[140,150],[240,260],[130,150],[200,230],[300,340],[280,340],[410,500],[350,440],[300,380],[410,530],[810,1030],[730,930],[1100,1400],[60,80],[760,970],[1120,1420],[310,400],[220,280],[380,470],[780,1010],[980,1250],[720,910],[260,340],[140,180],[250,310],[360,440],[270,310],[70,80],[70,80],[110,110],[340,310],[190,170],[160,130],[140,110],[230,170],[190,130],[210,140],[250,160],[230,140],[300,180],[200,120],[440,260],[920,550],[610,360],[900,530],[1150,680],[1390,830],[950,560],[420,250],[760,460],[210,130],[150,100],[180,120],[350,240],[550,370],[690,450],[1620,1100],[440,300]],[[-83875040,34219390],[-740,-450],[-880,-530],[-1600,-950],[-360,-210],[-270,-160],[-380,-230],[-440,-260],[-420,-250],[-320,-190],[-340,-200],[-350,-210],[-230,-140],[-170,-110],[-120,-80],[-120,-80],[-180,-130],[-150,-120],[-190,-150],[-250,-210],[-190,-170],[-170,-160],[-180,-180],[-190,-200],[-180,-210],[-150,-180],[-210,-250],[-340,-430],[-350,-450],[-200,-250],[-760,-970],[-380,-480],[-580,-740],[-340,-430],[-300,-380],[-500,-640],[-220,-280],[-970,-1270],[-250,-320],[-160,-210],[-280,-350],[-380,-480],[-720,-920],[-690,-880],[-770,-980],[-640,-820],[-230,-290],[-290,-380],[-380,-470],[-490,-590],[-480,-570],[-480,-530],[-380,-410],[-300,-300],[-120,-130],[-290,-300],[-100,-100],[-180,-170],[-660,-620],[-540,-500],[-560,-520],[-430,-410],[-1020,-940],[-680,-640],[-130,-120],[-270,-250],[-430,-400],[-330,-310],[-480,-450],[-320,-300],[-260,-240],[-560,-520],[-560,-520],[-420,-390],[-420,-390],[-420,-400],[-220,-210],[-190,-190],[-280,-290],[-350,-360],[-210,-220],[-130,-140],[-190,-210],[-200,-220],[-70,-80],[-140,-170],[-360,-410],[-400,-470],[-360,-410],[-410,-500],[-420,-500],[-340,-400],[-370,-450],[-390,-440],[-220,-270],[-260,-310],[-300,-340],[-340,-400],[-600,-690],[-670,-760],[-70,-90]],[[-84379030,33919100],[-10,-150],[-10,-180],[0,-330],[-10,-160],[-10,-110],[-10,-130],[-20,-190],[-30,-410],[-10,-180],[-10,-80],[-10,-130],[0,-60],[-30,-310],[0,-70],[-20,-380],[-20,-130],[-10,-90],[-10,-90],[-20,-170],[-20,-160],[-20,-560],[-10,-220],[10,-200],[30,-430],[10,-180],[20,-150],[10,-130],[10,-90],[20,-140],[10,-200]],[[-84458430,33887470],[-740,920],[-280,350],[-230,290],[-290,360],[-150,180]],[[-84488340,33799540],[-130,210],[-160,250],[-150,220],[-320,430],[-820,1100],[-1030,1390],[-200,270],[-590,800],[-190,260],[-240,320],[-340,440],[-620,850],[-120,160],[-920,1240],[-520,700],[-300,410],[-160,210],[-200,270],[-200,270],[-330,450],[-200,270],[-80,110],[-130,180],[-210,300],[-130,210],[-90,160],[-110,210],[-110,240],[-100,230],[-70,190],[-50,150],[-50,180],[-50,200],[-40,170],[-30,170],[-30,210],[-20,180],[-10,160],[-10,400],[20,350],[20,180],[30,190],[40,210],[30,150],[50,190],[110,360],[80,220],[100,240],[70,150],[70,140],[90,160],[140,250],[240,380],[190,320],[240,390],[430,700],[260,430],[250,410],[330,540],[500,830],[160,240],[90,140],[110,160],[110,150],[120,150],[110,140],[120,140],[110,120],[170,180],[350,340],[340,310],[220,190],[160,140]],[[-84263630,33536160],[740,-750],[1060,-1050],[830,-830],[680,-710],[710,-750],[460,-480],[730,-770],[1190,-1220],[1420,-1430],[880,-890],[690,-700],[860,-870],[570,-580],[1780,-1790],[1400,-1420],[1110,-1130],[330,-320],[1190,-1210],[1110,-1120],[700,-710],[510,-510],[440,-430],[320,-300],[300,-270],[270,-240],[220,-190],[340,-290],[260,-210],[290,-230],[320,-240],[480,-370],[650,-520],[640,-490],[780,-600],[670,-520],[410,-320],[810,-630],[590,-460],[710,-550],[370,-290],[600,-460],[290,-230]],[[-84353530,33933270],[60,-10],[140,-30],[70,-20],[150,-50],[110,-40],[170,-80],[220,-130]],[[-84349200,33747600],[0,250],[0,230],[0,120],[0,70],[0,280],[10,810],[-10,810],[0,270],[-10,630],[10,710],[0,270],[0,190],[0,170],[0,170],[0,90],[0,160],[0,200],[0,120],[0,120],[10,260],[10,710],[10,640],[0,150],[0,380],[10,230],[10,580],[0,640],[10,670],[-10,490],[-10,420],[-10,500],[0,150],[-10,150],[-10,110],[40,70],[0,100],[0,130],[0,180],[0,150],[0,160],[0,130],[-10,1030],[0,220],[-10,310]],[[-84261190,33468130],[70,-30],[170,-70],[340,-180],[400,-240],[510,-320],[510,-340],[530,-300],[1150,-580],[730,-330],[890,-290],[470,-130],[370,-110],[590,-200],[400,-190],[410,-220],[580,-380],[120,-80],[250,-180],[390,-240],[400,-200],[360,-140],[300,-110],[630,-140],[410,-80],[320,-50],[320,-50],[1030,-170]],[[-84119080,34213870],[290,200],[220,150],[200,150],[400,270],[560,390],[1140,810],[1520,1060],[3090,2140],[780,550],[1080,750],[280,190],[940,660],[1090,770],[780,630],[380,340],[430,450],[340,370],[170,210],[480,640],[580,750],[80,110],[80,100]],[[-84141130,34186710],[-90,310],[-50,180],[-10,50],[-60,260],[-70,400]],[[-84483440,33919090],[200,-340],[270,-410],[350,-550],[400,-650],[390,-670],[440,-800],[480,-870],[330,-580],[380,-680],[110,-200],[360,-640],[490,-870],[240,-400],[350,-630],[560,-1000],[400,-710],[330,-590],[250,-450],[360,-640],[370,-690],[330,-610],[240,-470],[400,-820]],[[-84587730,34049860],[310,-220],[260,-190],[260,-200],[140,-110],[200,-160],[170,-140],[320,-270],[240,-210],[300,-260],[260,-230],[210,-190],[190,-170],[240,-210],[220,-200],[180,-170],[190,-180],[270,-270],[300,-300],[350,-350],[380,-390],[430,-460],[220,-240],[200,-220],[150,-170],[120,-140],[110,-130],[130,-160],[200,-250],[130,-170],[110,-150],[120,-170],[110,-160],[110,-160],[110,-170],[110,-170],[130,-210],[90,-150],[110,-190],[120,-210],[110,-210],[130,-250],[100,-190],[90,-190],[80,-170],[80,-180],[110,-250],[90,-220],[100,-270],[140,-390],[90,-280],[80,-290]],[[-84112530,33299970],[-820,3040],[-420,1500],[-450,1530],[-360,1110],[-520,1440],[-530,1380],[-540,1320],[-350,810],[-910,2090],[-790,1760],[-680,1550],[-490,1140],[-240,550],[-160,410],[-300,790],[-350,1070],[-240,820],[-200,750],[-200,880],[-190,1040],[-130,860],[-100,820],[-130,1120],[-80,690],[-180,1540],[-130,1100],[-240,2090],[-140,1190],[-320,2820],[-120,1100],[-250,2070],[-40,350],[-100,910],[-250,2100],[-220,1910],[-220,1860],[-120,1070],[-40,430],[-90,900]],[[-84135900,34188430],[-1170,-1830],[-430,-670],[-650,-1010],[-530,-830],[-180,-270],[-280,-440],[-640,-980],[-240,-360],[-160,-220],[-190,-240],[-220,-260],[-220,-240],[-150,-160],[-140,-140],[-220,-200],[-190,-160],[-240,-190],[-450,-320],[-390,-260],[-230,-130],[-70,-40]],[[-84167320,34161850],[-1230,-1270],[-160,-160],[-130,-130],[-220,-210],[-210,-180],[-240,-200],[-260,-200],[-220,-160],[-270,-180],[-280,-170],[-310,-180],[-330,-170],[-340,-160],[-430,-180],[-380,-140],[-300,-100],[-330,-100],[-180,-50],[-340,-90],[-440,-110],[-590,-140],[-590,-140],[-2280,-540],[-1240,-290],[-360,-80],[-230,-60],[-260,-70],[-150,-40]],[[-83788200,34310750],[-60,-330],[-50,-160],[-110,-390],[-120,-340],[-210,-450],[-170,-300],[-220,-320],[-220,-320],[-450,-550],[-610,-670],[-290,-330],[-200,-220],[-190,-210],[-580,-650],[-550,-600],[-530,-590],[-520,-590],[-640,-710],[-410,-460],[-570,-640],[-90,-100],[-500,-560],[-510,-570],[-500,-550],[-700,-780],[-560,-630],[-760,-840],[-370,-420],[-300,-420],[-140,-200],[-130,-230],[-120,-230],[-150,-340],[-90,-260],[-70,-250],[-60,-260],[-40,-260],[-30,-260],[-30,-370],[-30,-420],[-20,-340],[-50,-430],[-100,-500],[-180,-540],[-170,-390],[-140,-230],[-190,-310],[-260,-350],[-380,-420],[-290,-280],[-400,-360],[-630,-620],[-820,-780],[-400,-400],[-360,-400],[-350,-420],[-220,-280],[-320,-460],[-240,-380],[-200,-360],[-170,-320],[-40,-80],[-90,-180],[-60,-140]],[[-84425720,33829780],[120,-280],[260,-700],[360,-1030],[540,-1690],[40,-120],[300,-920],[60,-180],[170,-550],[200,-660],[260,-1000],[200,-1000],[120,-680],[270,-1380],[120,-570],[100,-440],[80,-330],[90,-340],[100,-360],[190,-600],[270,-790]],[[-84473720,33776300],[110,-60],[180,-90],[120,-70],[220,-120],[130,-60],[200,-100],[160,-80],[230,-90],[320,-120],[90,-30],[110,-40],[70,-20],[100,-30],[290,-70],[140,-40],[80,-20],[100,-20],[120,-10],[290,-20],[90,10],[260,10],[90,20],[420,100],[190,40],[300,70],[100,20],[330,80],[320,80],[200,40],[210,40],[120,30],[80,10],[540,100],[340,60],[360,100],[340,120],[90,30],[320,110],[650,230],[470,170],[250,80],[280,90],[100,40],[410,140],[130,40],[210,70],[250,90],[250,40],[100,0],[130,10],[90,-10],[80,-10],[280,-40],[430,-70],[190,-30],[400,-60],[240,-30],[80,-10],[220,-40],[200,-30],[590,-90],[460,-70],[470,-70],[620,-90],[660,-70],[160,-20],[350,10],[570,10],[190,0],[700,30],[1690,50],[570,20],[210,10],[220,10],[190,10],[230,10],[150,10],[300,20],[280,10],[500,20],[60,0],[360,20],[100,0],[230,10],[140,0],[250,-10],[200,-20],[210,-40],[170,-60]],[[-84392150,33737580],[0,-110],[-10,-220],[-10,-440],[-10,-420],[-20,-780],[0,-130],[0,-160],[-10,-320]],[[-84343180,34038320],[-30,-100],[-40,-140],[-30,-110],[-20,-110],[-40,-240],[-20,-160],[-40,-210]],[[-84177650,33424450],[-270,210],[-500,390],[-120,100],[-580,460],[-610,490],[-570,450],[-630,500],[-510,400],[-120,90],[-350,280],[-430,340],[-1050,840],[-500,410],[-390,330],[-300,260],[-460,390],[-250,230],[-230,230],[-140,130]],[[-84378400,33936930],[330,20],[530,0],[120,0],[540,10],[730,10],[140,0],[220,0],[840,10],[530,0],[890,20],[50,0],[310,0],[450,30],[70,10],[580,60],[640,90],[380,60],[450,30],[300,-10],[310,-30],[280,-50],[300,-80],[430,-110],[790,-210],[430,-120],[410,-120],[550,-150],[560,-170],[490,-140],[50,-10],[410,-130],[260,-100],[30,-10],[360,-180],[40,-20],[180,-110],[190,-130],[170,-140],[410,-310],[570,-460],[440,-330],[190,-110],[290,-170],[430,-190]],[[-84412940,33655110],[-920,480],[-270,140],[-740,380],[-1020,530],[-1410,730],[-370,180],[-200,90],[-130,50],[-170,50],[-230,50],[-160,40],[-90,10],[-110,20],[-260,20],[-990,20],[-580,10],[-1150,20],[-550,10],[-810,20]],[[-84426310,33744550],[220,-110],[2770,-1420],[970,-500],[460,-230],[150,-70],[140,-60],[140,-60],[170,-70],[160,-60],[160,-60],[210,-70],[160,-50],[180,-50]],[[-84431960,33906310],[430,360],[750,640],[100,90],[940,830]],[[-84363310,33896590],[-290,-510],[-610,-1050],[-140,-260],[-80,-160],[-50,-110],[-60,-120],[-90,-210],[-100,-240],[-90,-250],[-80,-250],[-70,-270],[-60,-260],[-40,-170],[-10,-60],[-60,-500],[-40,-550],[-10,-380],[0,-150],[0,-280],[20,-1040],[20,-1270],[50,-1260],[0,-170],[0,-450],[10,-270],[0,-300],[0,-350],[10,-160],[0,-380],[10,-480],[-40,-460],[0,-220],[40,-1460],[0,-1240],[10,-1140],[-10,-780]],[[-84417490,33799640],[-340,10],[-40,0],[-300,10],[-110,0],[-280,20],[-60,10],[-160,20],[-210,60],[-160,40],[-110,30],[-210,70],[-310,110],[-200,100],[-100,50],[-100,50],[-270,140],[-390,210],[-240,130],[-40,20],[-400,200],[-110,60],[-100,50],[-310,110],[-100,20],[-180,50],[-200,30],[-50,0],[-240,10],[-450,-40],[-460,-50],[-140,-10],[-150,-20],[-240,-40],[-570,-70],[-340,-50],[-110,-10],[-580,-70],[-180,-20],[-460,-60],[-130,-10],[-370,-20],[-310,20],[-90,0],[-240,10],[-120,10],[-430,80],[-150,40],[-270,60],[-250,100],[-190,70],[-230,90],[-80,40],[-220,110],[-80,40],[-250,170],[-630,430],[-430,290],[-590,450],[-270,200],[-50,40],[-140,100],[-360,270],[-310,240],[-250,240],[-120,120],[-120,120],[-110,110],[-20,20],[-150,190],[-90,110],[-30,40],[-90,160],[-220,370],[-140,250],[-150,400],[-60,170],[-40,120],[-120,340],[-150,420],[-160,430],[-80,170],[-80,190],[-110,150],[-90,130],[-40,40],[-220,230],[-250,190]],[[-84415970,33799930],[30,300],[20,270]],[[-84845340,33915120],[-350,140],[-310,100],[-330,100],[-500,110],[-520,90],[-70,10],[-210,10],[-80,10],[-320,30],[-180,0],[-730,-10],[-140,-20],[-340,-10],[-580,-10],[-630,-20],[-50,0],[-1130,-30],[-1210,-30],[-410,-10],[-1240,-30],[-600,-10]],[[-84824650,33909080],[-300,-30],[-60,-10],[-200,-30],[-170,-30],[-220,-40],[-210,-40],[-150,-30],[-240,-50],[-290,-60],[-1030,-210],[-790,-160],[-770,-160],[-640,-130],[-630,-130],[-490,-100],[-290,-60],[-260,-50],[-210,-30],[-140,-10],[-170,-10],[-170,-20],[-400,-20],[-200,0],[-130,0],[-190,10],[-120,10],[-100,10],[-200,20],[-170,20],[-130,20],[-120,20],[-170,30],[-200,40],[-160,40],[-120,30],[-110,30],[-140,40],[-180,60],[-170,60],[-210,80],[-120,50],[-90,40],[-170,80],[-180,90],[-210,110],[-190,110],[-160,100],[-90,60],[-80,60],[-70,50],[-70,50],[-420,310],[-810,600],[-370,270],[-1310,970],[-440,320],[-580,410],[-160,120],[-260,200],[-200,160],[-450,340],[-120,90],[-610,440],[-860,640],[-350,260],[-590,410],[-390,220]],[[-84770970,33916650],[-650,-400],[-370,-240],[-470,-350],[-190,-150],[-410,-340],[-230,-200],[-200,-200],[-380,-390],[-190,-190],[-650,-640],[-870,-850],[-630,-640],[-670,-670],[-220,-220],[-260,-250],[-190,-180],[-530,-520],[-120,-120],[-160,-170],[-30,-40],[-130,-200],[-50,-70],[-110,-180],[-130,-230],[-60,-130],[-60,-170],[-50,-250],[-30,-250],[0,-50],[-40,-670],[20,-580],[10,-750],[0,-450],[0,-490],[0,-170],[10,-1080],[0,-280],[-10,-630],[10,-400]],[[-84415920,33800500],[30,140],[20,60],[50,190],[30,120],[50,110],[10,20],[10,20],[50,80],[90,150],[110,150],[80,120],[90,130],[50,80],[100,150],[110,160],[40,70],[30,40],[30,50],[50,70],[90,130],[20,30],[90,150],[100,160],[60,90],[80,130],[70,100],[40,60],[50,70],[100,140],[50,90],[110,160],[130,200],[90,140],[100,190],[160,320],[110,300]],[[-84520160,33612620],[-930,-460],[-490,-240],[-870,-430],[-820,-410],[-420,-210],[-540,-260],[-240,-110],[-580,-280],[-160,-90],[-200,-100],[-220,-110],[-320,-160],[-580,-290],[-220,-110],[-220,-110],[-370,-180],[-260,-130],[-360,-180],[-370,-180],[-500,-250],[-300,-150],[-510,-250],[-600,-290],[-190,-100],[-860,-420],[-930,-460],[-350,-170],[-630,-310],[-210,-100],[-540,-270],[-580,-280],[-350,-170],[-20,-10],[-490,-240],[-1130,-560],[-350,-170],[-1100,-540],[-1380,-690],[-750,-370],[-230,-110],[-1880,-920],[-300,-150],[-230,-120],[-570,-280],[-1160,-570],[-470,-230],[-440,-240],[-560,-360],[-400,-290],[-460,-370],[-410,-410],[-180,-180],[-200,-200],[-100,-110],[-50,-50],[-510,-540]],[[-84724310,33934650],[-220,-60],[-270,-80],[-280,-80],[-290,-80],[-660,-190],[-300,-90],[-420,-120],[-940,-260],[-90,-20],[-1060,-290],[-1180,-310],[-300,-80],[-620,-160],[-250,-70],[-700,-190],[-480,-130],[-930,-270],[-290,-90],[-410,-120],[-690,-230],[-680,-260],[-1350,-560],[-1400,-590],[-1090,-450],[-520,-220],[-230,-100],[-60,-20],[-520,-210],[-350,-140],[-260,-110],[-200,-80],[-30,-10],[-270,-110],[-890,-360],[-350,-140],[-780,-320],[-190,-80],[-910,-390],[-590,-250],[-260,-110],[-270,-100],[-480,-200],[-260,-100]],[[-84826210,33908620],[500,100],[380,70],[80,20],[270,40],[370,30],[480,10]],[[-84404680,33770010],[480,10],[260,10]],[[-84351790,33933070],[-380,-320],[-120,-100],[-350,-270]],[[-83881030,33832720],[220,-40],[180,-30],[150,-30],[170,-30],[240,-40],[240,-50],[280,-50],[100,-20],[130,-20],[430,-80],[420,-80],[400,-80],[100,-20],[290,-50],[570,-110],[330,-60],[470,-80],[960,-180],[560,-100],[230,-40],[630,-120],[780,-140],[460,-90],[270,-50],[270,-50],[440,-80],[120,-20],[880,-170],[490,-90],[550,-150],[340,-50],[230,-30],[340,-50],[200,-20],[940,-110],[230,-20],[280,-20],[1450,-110],[500,-30],[1170,-80],[1500,-140],[50,0],[340,-30],[50,0],[390,-30],[350,-30],[80,-10],[530,-40],[2200,-170],[550,-40],[70,-10],[370,-30],[700,-50],[70,-10],[560,-40],[930,-30],[950,0],[950,50],[130,10],[1400,80],[1180,50],[360,30],[690,-10],[230,0],[770,-30],[1410,-50],[950,-40],[680,-30],[1290,-50],[70,0],[1240,-50],[730,-30],[610,-20],[1580,-60],[750,-30],[1130,-50],[800,-30],[820,-40],[60,0],[580,-20],[1470,-60],[190,-10],[300,-10],[560,-30],[70,-10],[340,-30],[510,-40],[700,-90],[250,-40],[220,-30],[470,-80],[470,-100],[430,-140],[220,-70],[420,-170],[550,-260],[450,-240],[860,-420],[310,-160],[880,-450],[680,-350],[1300,-660],[410,-210],[320,-160],[270,-140],[1000,-510],[550,-280],[780,-390],[1020,-520]],[[-83818370,33822980],[-1100,450],[-330,140],[-150,80],[-830,410],[-80,40],[-690,350],[-550,280],[-1000,510],[-240,120],[-360,180],[-1760,900],[-1540,790],[-550,280],[-770,390],[-280,140],[-490,240],[-390,170],[-410,150],[-420,130],[-430,90],[-440,70],[-450,70],[-910,110],[-730,60],[-200,20],[-880,40],[-1530,70],[-570,20],[-510,20],[-350,10],[-1280,50],[-680,30],[-750,30],[-900,30],[-700,30],[-590,30],[-560,20],[-840,40],[-570,20],[-90,0],[-840,40],[-1000,50],[-2370,90],[-930,20],[-700,-10],[-280,0],[-420,-20],[-40,0],[-330,-10],[-650,-30],[-260,-20],[-1390,-80],[-550,-30],[-240,0],[-750,-20],[-1000,30],[-700,50],[-80,10],[-660,50],[-490,40],[-2750,210],[-1610,130],[-100,10],[-1510,110],[-510,40],[-730,50],[-510,40],[-480,40],[-330,20],[-170,10],[-110,10],[-350,30],[-310,20],[-1070,90],[-580,70],[-480,60],[-670,30],[-490,90],[-880,170],[-120,20],[-440,80],[-270,50],[-270,50],[-460,90],[-780,140],[-630,120],[-230,40],[-560,100],[-960,180],[-470,80],[-330,60],[-570,110],[-290,50],[-100,20],[-400,80],[-420,80],[-430,80],[-130,20],[-100,20],[-280,50],[-240,50],[-240,40],[-170,30],[-150,30],[-180,30],[-220,40]],[[-83816620,33822370],[-250,90],[-430,150],[-170,60],[-900,310]],[[-83720060,33806540],[-790,-30],[-530,-30],[-190,-20],[-270,-30],[-350,-40],[-220,-30],[-180,-30],[-100,-20],[-320,-60],[-320,-60],[-160,-30],[-190,-40],[-250,-60],[-190,-50],[-260,-70],[-330,-100],[-260,-80],[-210,-70],[-240,-80],[-300,-110],[-200,-70],[-270,-110],[-480,-200]],[[-83739530,33801960],[1130,10],[310,0],[450,0],[470,10],[170,10],[430,20],[430,30],[290,30],[560,60],[320,40],[310,40],[450,70],[950,170]],[[-83807580,33817970],[-200,160]],[[-83692210,33806940],[-570,-370],[-1190,-790],[-790,-520],[-200,-120],[-220,-130],[-130,-70],[-140,-70],[-180,-80],[-160,-70],[-240,-90],[-240,-80],[-430,-120],[-440,-100],[-280,-50],[-250,-30],[-380,-30],[-280,-10],[-350,0],[-380,20],[-560,60],[-290,50],[-1240,200],[-630,110],[-700,110],[-970,170],[-880,140],[-860,120],[-550,70],[-810,90],[-380,40],[-2240,210],[-1290,120],[-420,40],[-300,30],[-1640,160],[-1700,160],[-1480,140],[-1550,150],[-980,80],[-500,30],[-160,10],[-180,10],[-400,10],[-290,0]],[[-83680080,33814320],[-970,-650],[-180,-120],[-470,-290],[-520,-290],[-150,-80],[-1580,-890],[-410,-230],[-190,-100],[-1100,-620],[-540,-300],[-780,-440],[-160,-90],[-780,-440],[-590,-380],[-250,-160],[-710,-470],[-230,-160],[-310,-190],[-670,-410],[-440,-310],[-1100,-760]],[[-83726060,33805180],[620,240],[300,110],[440,140],[430,120],[300,80],[250,60],[270,60],[370,80],[320,50],[230,40],[90,20],[490,70],[260,30],[120,10],[300,30],[320,20],[160,10],[190,10],[400,10],[320,0],[380,-10],[480,-20]],[[-83674130,33605310],[-650,110],[-1210,200]],[[-83610510,33859500],[40,50],[270,410],[310,460],[310,520],[150,240],[340,610],[1270,2340],[140,250],[860,1570],[150,280],[260,460],[60,110],[340,600]],[[-83830340,33614220],[-650,180],[-400,120],[-470,130],[-550,140],[-680,150],[-460,90],[-270,50],[-580,100],[-290,40],[-320,40],[-470,50],[-350,30],[-400,30],[-310,20],[-260,10],[-620,20],[-1100,0],[-380,0],[-1140,0]],[[-83745700,33612430],[-1870,50],[-650,10],[-990,0],[-910,-10],[-1150,-20],[-1360,-60],[-940,-70],[-650,-30],[-900,-50],[-1240,-90]],[[-83879890,33607810],[330,-130],[270,-110],[320,-110],[320,-100],[370,-90],[610,-100],[330,-30],[720,-20],[370,0],[530,60],[130,20],[440,70],[800,160]],[[-83951650,33628780],[970,-160]],[[-83849280,33615390],[-900,0],[-450,0],[-200,0],[-300,0],[-210,0],[-900,-10],[-370,0],[-950,0],[-650,0],[-400,0],[-690,0],[-540,-20],[-390,-20],[-320,-30],[-630,-80],[-430,-80],[-460,-100],[-560,-160],[-490,-160],[-540,-210],[-490,-230],[-500,-260],[-390,-220],[-550,-320],[-1290,-750],[-520,-300],[-970,-570],[-1150,-680],[-730,-410],[-1180,-690],[-440,-260],[-690,-400],[-570,-320],[-350,-190],[-260,-120],[-270,-120],[-430,-160],[-280,-90],[-360,-100],[-300,-70],[-620,-140],[-1510,-340],[-490,-110],[-290,-70],[-180,-40],[-310,-70],[-340,-70],[-270,-50],[-310,-50],[-120,-10],[-390,-40],[-400,-20]],[[-83756360,33612160],[-690,-50],[-460,-30],[-920,-60],[-1410,-100],[-1390,-100],[-820,-50],[-2620,-180],[-860,-60],[-790,-50],[-740,-50],[-1200,-80],[-1500,-100],[-1710,-120],[-2470,-170],[-1220,-80],[-1130,-80],[-1760,-120],[-2810,-190],[-1380,-90],[-910,-70],[-2150,-140],[-740,-50],[-1270,-50],[-1170,-30],[-1780,0],[-1000,20],[-1010,30],[-910,40],[-1250,80],[-1270,90],[-1210,90],[-1480,100],[-1440,100],[-1320,90],[-2090,150],[-650,40],[-1720,130],[-1350,90],[-1130,80],[-850,60],[-1160,80],[-1260,90],[-1070,80],[-1320,90],[-1300,90],[-1220,90],[-480,30],[-1940,140],[-1100,100],[-520,50]],[[-83694660,33608770],[-1220,210],[-1140,190],[-2020,340],[-380,60],[-1160,200],[-850,140],[-2600,440],[-370,60],[-350,60],[-280,50],[-340,60]],[[-83840040,33615420],[-200,0],[-780,0],[-600,0],[-620,0],[-1120,-10],[-1390,0],[-290,0],[-930,-10],[-2020,0],[-1290,-10]],[[-84284010,34055070],[-380,-140],[-170,-60],[-210,-70],[-310,-100],[-280,-80],[-270,-80],[-140,-50],[-110,-30],[-310,-90],[-300,-90],[-340,-100],[-710,-210],[-660,-190],[-590,-170],[-280,-80],[-330,-100],[-890,-260],[-1260,-380]],[[-84354780,33744090],[790,210],[1510,400],[840,210],[270,60],[200,40],[270,50],[410,70],[330,50],[220,30],[300,40],[410,50],[180,20],[210,20],[210,20],[320,20],[240,10],[320,20],[320,10],[950,0],[1620,-20]],[[-84357440,33823000],[-430,-110],[-230,-60],[-120,-40],[-190,-60],[-160,-60],[-170,-70],[-190,-90],[-230,-120],[-260,-150],[-140,-90],[-150,-100],[-150,-110],[-160,-140],[-270,-250],[-200,-210],[-200,-240],[-150,-210]],[[-84460270,33698220],[460,220]],[[-84389150,33767330],[220,-130],[290,-160],[220,-120],[250,-150],[580,-330]],[[-84421870,33816160],[160,-510],[140,-390],[200,-500],[160,-380],[70,-170],[220,-500],[130,-300],[170,-360],[230,-450],[280,-550],[380,-700],[460,-810],[210,-370],[250,-430],[290,-420],[250,-340],[290,-360],[320,-360],[300,-310],[360,-360],[430,-380],[220,-180],[180,-140],[250,-190],[360,-260],[310,-210],[60,-40],[180,-110],[240,-140],[530,-300],[920,-490],[310,-170],[310,-170],[460,-250],[310,-160],[210,-110],[220,-110],[160,-80],[170,-80],[280,-130],[110,-50]],[[-84442710,33868870],[40,-70],[130,-210],[290,-470],[240,-370],[410,-570],[550,-680],[370,-430],[380,-430],[360,-430],[280,-310],[340,-400],[330,-370],[750,-850],[140,-150],[240,-280],[300,-340],[260,-290],[350,-400],[350,-410],[180,-210],[120,-150],[170,-220]],[[-84428020,33834590],[340,-710],[280,-580],[300,-610],[330,-680],[210,-440],[300,-620],[280,-590],[190,-400],[70,-180]],[[-84485630,33605970],[0,210],[-10,280],[-10,130],[-10,140],[-20,160],[-20,140],[-60,410],[-120,850],[-70,450],[-60,400],[-20,120],[-80,560],[-60,440],[-90,580],[-40,310],[-30,230],[-60,420],[-30,230],[-30,280],[-20,340],[-10,370],[-10,190],[0,160],[0,70],[0,60],[10,310],[10,190],[10,180],[10,180],[10,110],[10,90],[20,150],[20,120],[30,170],[40,150],[30,150],[30,120],[50,160],[40,130],[70,200],[70,160],[70,150],[60,120],[40,80],[70,130],[70,120],[70,120],[70,110],[80,120],[70,100],[90,120],[100,130],[90,120],[130,150],[110,120],[100,100],[190,190],[90,90],[120,110],[170,140],[260,200],[120,90],[90,60],[180,120],[190,120],[220,130],[180,100],[140,70],[140,70],[140,70],[160,70],[170,70],[150,60],[140,50],[150,50],[120,40],[160,50],[130,40],[110,30],[210,50],[120,30],[140,30],[140,30],[210,40],[160,30],[270,40],[330,40]],[[-84403850,33693440],[910,-1160],[650,-840]],[[-84398910,33685090],[-10,-490],[-20,-950],[10,-480],[30,-400],[60,-520],[60,-520],[100,-610],[60,-410],[80,-460],[90,-580],[190,-1140],[150,-910],[70,-420],[80,-490],[80,-550],[80,-690],[40,-610],[10,-640],[-20,-860],[-30,-480],[-10,-310],[-10,-410],[-30,-610],[-20,-270],[-10,-340],[-10,-330]],[[-84392210,33735000],[-20,-680],[-10,-500],[0,-120]],[[-84780480,33328890],[160,-300],[90,-160],[100,-180],[140,-280],[260,-500],[60,-120],[120,-210],[120,-210],[70,-130],[100,-200],[70,-130],[80,-160],[40,-70],[60,-120],[0,-70],[10,-70],[10,-50],[20,-70],[70,-130],[250,-500],[350,-640]],[[-84378750,33759150],[-50,150],[-70,150],[-100,200],[-100,180],[-90,150],[-110,170],[-100,130],[-90,110],[-80,100],[-70,80],[-90,100],[-120,120],[-70,70],[-90,80],[-130,110],[-110,90]],[[-84796160,33399200],[-80,-50],[-80,-50],[-290,-180],[-300,-180],[-70,-40],[-350,-220],[-170,-100],[-110,-70],[-350,-220],[-380,-240],[-310,-190],[-380,-250],[-180,-170],[-170,-160],[-120,-160],[-140,-200],[-110,-210],[-170,-330],[-70,-190],[-70,-330],[-90,-690],[-100,-1000],[-100,-550],[-20,-110],[-10,-50],[-80,-320],[-30,-90],[-80,-280],[-60,-210]],[[-84774340,33327480],[-340,-430],[-510,-610],[-400,-460],[-400,-440],[-470,-510],[-390,-410],[-310,-330],[-270,-290],[-210,-220],[-140,-170],[-430,-440],[-850,-910],[-1130,-1200],[-360,-390]],[[-84529950,33571170],[-820,-850],[-780,-810],[-1850,-1930],[-520,-540],[-310,-330],[-210,-220],[-480,-500],[-370,-360],[-320,-300],[-380,-330],[-160,-140],[-220,-180],[-360,-280],[-430,-320],[-300,-210],[-300,-200],[-240,-150],[-280,-170],[-260,-160],[-290,-170]],[[-84428480,33661010],[-970,-570],[-150,-90],[-370,-220],[-570,-370],[-670,-440],[-380,-270],[-310,-220],[-470,-340],[-680,-520],[-360,-300],[-310,-260],[-580,-470]],[[-84404280,33685280],[-1040,-300]],[[-84682490,33408080],[970,-140],[490,-60],[320,-50],[1650,-240],[340,-50],[220,-30],[160,-20],[290,-30],[190,-20],[30,0],[40,0],[120,-10],[270,-10],[70,0],[510,0],[210,0],[480,10],[90,0],[330,10],[1070,0],[210,0],[180,0],[1580,0],[360,0],[120,0],[310,0],[170,-10],[140,0],[300,-20],[290,-30],[290,-40],[250,-40],[330,-70],[210,-50],[310,-80],[340,-100],[250,-80],[280,-100],[290,-120],[150,-70],[190,-80],[340,-170],[220,-120],[280,-170],[240,-160],[250,-180],[480,-380],[320,-290],[390,-380],[250,-240],[750,-720],[860,-810],[400,-380],[370,-350],[140,-130],[270,-250],[670,-620],[380,-350],[190,-160],[200,-150],[190,-130],[250,-160],[270,-150],[40,-20],[240,-130],[310,-150],[390,-170],[280,-110],[340,-120],[360,-110],[300,-80],[380,-80],[280,-50],[340,-50],[470,-50],[150,-10],[90,-10],[230,-10],[350,0],[360,20],[390,30],[70,10],[270,30],[470,80],[320,60],[300,70],[110,30],[190,50],[290,90],[350,120],[420,160],[2330,860],[690,260],[790,290],[160,50],[260,90],[180,50],[150,50],[280,70],[260,50],[190,30],[170,30],[240,30],[280,20],[400,10],[510,10],[520,10],[1020,10],[1700,30],[2140,40],[1380,20],[1830,30],[60,0],[1770,20],[570,0],[300,-10],[140,-10],[460,-30],[460,-50],[390,-50],[330,-50],[340,-60],[380,-80],[420,-100],[160,-40],[350,-100],[520,-160],[430,-150],[190,-70],[350,-140],[210,-90],[190,-80],[310,-140],[120,-50],[520,-230],[140,-60],[1150,-510],[730,-320],[660,-280],[670,-290],[40,-20],[170,-80]],[[-84622650,33397790],[440,-190],[390,-160],[100,-40],[210,-80],[380,-130],[590,-180],[370,-90],[190,-40],[250,-50],[40,-10],[450,-80],[430,-60],[470,-50],[560,-30],[420,-10],[100,0],[240,0],[210,10],[110,0],[300,20],[350,30],[110,10],[340,30],[600,60],[340,30],[470,40],[170,10],[230,20],[50,0],[420,20],[370,10],[380,20],[390,10],[420,10],[360,0],[1040,0]],[[-84306190,34044430],[-1000,-1000],[-790,-780],[-600,-580],[-800,-800],[-360,-350],[-650,-650],[-520,-520],[-510,-520],[-130,-150],[-400,-430],[-450,-510],[-500,-590],[-220,-270],[-330,-420],[-560,-750],[-570,-780],[-390,-540]],[[-84450090,33617400],[-350,30],[-220,20],[-240,30],[-610,90],[-1150,170],[-1170,170],[-970,150],[-590,110],[-540,120],[-360,80],[-350,90],[-240,60],[-550,160],[-240,50],[-530,170],[-660,210],[-1670,530],[-610,180],[-560,150],[-510,120],[-370,80],[-600,120],[-570,110],[-360,50],[-470,80],[-560,70],[-250,30],[-300,30],[-530,60],[-440,30],[-760,40],[-930,30],[-590,10]],[[-84258440,34091840],[-380,-330],[-440,-360],[-310,-250],[-250,-210],[-200,-180],[-160,-150],[-200,-190],[-170,-170],[-140,-150],[-130,-150],[-120,-140],[-190,-230],[-110,-140],[-170,-230],[-120,-170],[-130,-180],[-170,-260],[-90,-150],[-130,-210],[-370,-680],[-500,-970],[-410,-770],[-800,-1560],[-530,-1040]],[[-84363580,34014300],[640,0],[40,0]],[[-84759930,33365260],[-60,-430],[-80,-770],[-30,-350],[-10,-190],[-30,-540],[-40,-980],[-10,-210],[-40,-720],[-30,-530],[-10,-320],[-10,-150],[-30,-650],[-30,-680],[-50,-890],[-30,-850],[-30,-540],[-50,-1120]],[[-84500220,33693370],[20,-1730],[20,-1070],[0,-260],[0,-170],[10,-400],[20,-590],[10,-430],[10,-620],[20,-710],[10,-440],[10,-370],[10,-380],[0,-400],[-10,-200],[0,-250],[-20,-270]],[[-84800630,33392360],[-210,-670],[-30,-80],[-260,-780],[-190,-640],[-50,-170],[-30,-180],[0,-190],[10,-90],[70,-340],[80,-310],[100,-290],[240,-620],[170,-450],[30,-70],[170,-380],[50,-110],[280,-640],[130,-400],[40,-210],[20,-290],[-10,-160],[-50,-1080],[-30,-530],[20,-740],[20,-520],[0,-140],[10,-180],[10,-210],[10,-140],[10,-180],[10,-80],[10,-160],[10,-160],[10,-70],[30,-300],[10,-80],[70,-280]],[[-84432030,33906510],[-620,-490],[-430,-300],[-270,-170],[-290,-160],[-390,-180],[-50,-20],[-490,-250],[-510,-230],[-480,-190],[-370,-160],[-900,-350],[-360,-130],[-360,-120]],[[-84361000,33820650],[-120,-200],[-270,-470],[-140,-250],[-180,-300],[-390,-760],[-220,-440]],[[-84479720,33620330],[-400,-50],[-230,-30],[-270,-50],[-260,-50],[-270,-70],[-230,-60],[-160,-50],[-200,-60],[-220,-80],[-200,-80],[-190,-70],[-160,-70],[-180,-80],[-290,-140],[-360,-190],[-400,-240],[-330,-240],[-300,-230],[-190,-160],[-350,-330],[-170,-180],[-120,-140],[-190,-220],[-200,-250],[-180,-270],[-70,-140],[-120,-210],[-130,-230],[-100,-250],[-140,-310],[-80,-250],[-70,-260],[-120,-490],[-30,-220],[-20,-190],[-20,-200],[-20,-230],[-10,-210],[-10,-360],[0,-390],[10,-290],[10,-250],[30,-390],[40,-350],[70,-580],[170,-1120],[110,-770],[200,-1470],[80,-620]],[[-84322260,34024750],[-1060,-1460],[-770,-1050],[-80,-110],[-200,-280],[-110,-140],[-300,-420],[-440,-600],[-940,-1290],[-730,-1010],[-340,-470],[-170,-230],[-40,-50],[-290,-360]],[[-84425790,33830560],[-590,1240],[-590,1190],[-470,970],[-330,680],[-300,630]],[[-84341300,33983030],[80,150],[60,110],[500,1010],[160,310],[450,970],[640,1380]],[[-84378560,33753800],[90,260],[40,160],[40,170],[60,420],[30,250],[0,220],[20,230],[0,720],[-20,410],[-10,250],[-20,270],[-20,240],[-30,290],[-40,220],[-20,100],[-20,90],[-20,90],[-30,120],[-40,150],[-150,500]],[[-84799820,33372130],[-10,250],[0,110],[10,130],[40,310],[10,130],[20,130],[50,400],[80,780],[100,780],[90,740],[80,570],[10,80],[20,140],[10,90],[20,190],[20,180],[30,250],[10,90],[60,450],[40,230],[90,730],[70,590],[0,20],[40,340],[10,200],[10,150],[20,250]],[[-84270090,34072500],[-400,-810],[-500,-980],[-980,-1900],[-90,-180],[-330,-620],[-230,-430],[-550,-1090],[-350,-680],[-200,-380],[-90,-170],[-150,-270]],[[-84492360,33690470],[150,60],[70,30],[70,30],[60,30],[80,40],[130,70],[120,70],[130,80],[80,50],[100,70],[290,220],[270,200],[200,160],[550,420],[710,540],[830,640],[520,400]],[[-84516810,33581920],[860,710],[1140,920],[810,670],[680,530],[650,480],[690,490],[450,310],[450,300],[530,340],[300,190],[320,190],[380,210],[310,160]],[[-84427680,33661280],[390,210],[360,190],[1010,500],[420,190],[520,240],[360,160],[260,110],[120,40],[120,40],[170,50]],[[-84760810,33395850],[-210,-100],[-250,-110],[-80,-40],[-350,-160]],[[-84349260,33740370],[10,290],[0,90],[0,110],[0,210],[10,280],[10,260],[10,340],[0,140],[0,110],[0,100],[10,110],[0,150],[10,190],[0,60],[0,160],[0,210],[0,140],[-10,210],[-10,200],[0,120],[10,120]],[[-84746860,33396870],[-480,-10],[-1160,0],[-210,0],[-320,0],[-610,0],[-1050,-10]],[[-84276920,33925830],[-320,-140],[-480,-210],[-610,-260],[-260,-110],[-250,-110],[-180,-80],[-130,-60],[-130,-60],[-140,-70],[-170,-80],[-420,-230],[-250,-150],[-260,-170],[-180,-120],[-190,-140],[-110,-90],[-250,-200],[-180,-150],[-170,-160],[-110,-100],[-160,-160],[-130,-130],[-150,-160],[-360,-450],[-370,-500],[-140,-210],[-90,-150],[-80,-140],[-230,-460],[-140,-320],[-30,-60]],[[-84420980,33697880],[-290,-10],[-180,-10],[-170,-10],[-240,-20],[-330,-30],[-430,-40],[-930,-90],[-520,-50],[-560,-50],[-570,-50],[-130,-10],[-200,-10],[-380,0],[-180,10],[-230,20],[-180,20],[-140,20],[-130,20],[-160,30],[-190,40],[-220,50],[-220,50],[-290,60],[-690,140],[-400,70],[-310,50],[-220,30],[-160,10]],[[-84258660,33933710],[-240,-110],[-1110,-490],[-690,-290],[-1510,-650],[-2040,-880],[-230,-100],[-440,-190],[-20,-10],[-30,-10],[-340,-150],[-270,-120],[-350,-150],[-680,-290],[-1640,-710],[-1250,-540],[-670,-290],[-1230,-520]],[[-84432100,33698170],[-390,0],[-440,-10],[-260,0],[-700,10],[-470,10],[-210,10],[-140,10],[-170,20],[-140,20],[-130,20],[-150,30],[-180,40],[-170,40],[-140,40],[-130,40],[-250,80],[-160,60],[-140,60],[-150,70],[-560,270],[-1000,480],[-280,120],[-260,100],[-170,60],[-140,40],[-110,30],[-120,30],[-160,40],[-100,20],[-120,20],[-280,40],[-260,20],[-240,10],[-270,0],[-210,-10],[-160,-10],[-180,-20],[-140,-20],[-120,-20],[-120,-20],[-150,-30],[-260,-60],[-110,-30],[-130,-40],[-230,-80],[-240,-90],[-260,-110],[-170,-80],[-620,-270],[-650,-270],[-340,-150],[-170,-70],[-200,-70],[-170,-60],[-290,-80]],[[-84047150,34353120],[-280,-640],[-320,-780],[-120,-320],[-350,-850],[-190,-450],[-80,-180],[-130,-310],[-90,-210],[-110,-280],[-260,-540],[-360,-740],[-190,-320],[-140,-220],[-110,-190],[-160,-280],[-100,-150],[-300,-420],[-260,-370],[-180,-210],[-150,-170],[-150,-170],[-430,-600],[-380,-530],[-260,-340],[-170,-220],[-180,-240],[-230,-300],[-360,-490],[-100,-140],[-420,-640],[-80,-140],[-190,-330],[-140,-240],[-80,-160],[-80,-160],[-100,-190],[-110,-220],[-60,-120],[-210,-470],[-230,-600],[-80,-220],[-30,-70],[-40,-120],[-50,-180],[-120,-410],[-60,-190],[-10,-60],[-80,-350],[-80,-360],[-20,-90],[-50,-310],[-90,-530],[-40,-200],[-100,-560],[-50,-320],[-130,-760],[-410,-2500],[-170,-1060],[-90,-450],[-160,-640],[-160,-540],[-250,-680]],[[-84379140,33758560],[190,-550],[50,-160],[30,-110],[30,-130],[80,-340],[30,-150],[30,-170],[20,-130],[10,-110],[10,-150],[20,-220],[10,-190],[10,-430],[0,-210],[-10,-260],[-10,-150],[-10,-110],[-20,-210],[-30,-290],[-20,-100],[-70,-360]],[[-83991150,34423300],[-50,-210],[-100,-450],[-240,-1080],[-370,-1580],[-90,-360],[-200,-910],[-190,-850],[-220,-970],[-190,-810],[-140,-580],[-80,-360],[-120,-520]],[[-84777050,33322690],[-270,490],[-180,340],[-140,260],[-180,320],[-330,610],[-160,310]],[[-84349210,33747170],[0,100],[0,90],[10,240]],[[-84761530,33395260],[340,160],[360,170],[150,70]],[[-84688830,33446170],[950,790],[1100,900],[530,420],[880,730],[1240,1000],[390,320],[420,350],[1360,1090],[1560,1270],[490,410],[460,390],[440,410],[420,410],[200,210],[200,220],[230,260],[180,210],[190,230],[180,230],[190,250],[170,230],[190,270],[160,230],[190,280],[350,520],[1150,1710],[510,760],[200,290],[140,210],[320,480],[660,970],[650,970],[810,1200],[350,510],[320,450],[330,450],[280,360],[280,350],[180,230],[190,230],[400,470],[530,600],[1450,1600],[360,400],[1490,1650],[950,1040],[2190,2430],[1000,1100],[2660,2950],[680,750],[1010,1120],[840,920],[980,1090],[1110,1230],[1760,1950],[1610,1780],[710,780],[510,540],[190,200],[190,190],[250,250],[270,250],[290,280],[290,270],[1880,1700],[1210,1090],[1670,1530],[360,320],[580,540],[290,260]],[[-84778310,33325020],[-430,760],[-100,180],[-50,60],[-40,40],[-80,60],[-60,120],[-40,70],[-80,160],[-70,130],[-100,200],[-70,130],[-120,210],[-120,210],[-60,120],[-260,500],[-140,280],[-100,180],[-90,160],[-160,300]],[[-84398680,33685620],[-10,250],[-20,180],[-40,250],[-40,200],[-60,230],[-90,290],[-120,320],[-120,260],[-190,380],[-240,370],[-190,240],[-340,480],[-720,910]],[[-84000190,33683170],[-110,120],[-30,40],[-20,40],[-20,50],[-10,40],[0,40],[10,50],[20,60]],[[-84275310,33806060],[-140,-260],[-100,-150],[-230,-350],[-100,-160]],[[-84372300,33743260],[3790,0],[410,0],[200,0],[430,0],[2610,-20],[2320,10],[1910,0],[1310,60]],[[-84759640,33365580],[20,160],[50,310],[90,510],[20,130],[50,250],[130,670],[90,470],[210,1080],[70,350],[100,510],[60,320],[260,1300],[140,730],[130,670],[100,520],[140,720],[90,450],[90,500],[180,880],[270,1410],[90,470],[60,330],[300,1550],[150,780],[330,1630],[210,1130],[100,480],[400,2100],[140,670],[50,230],[120,510],[100,350],[60,200],[100,320],[70,200],[100,260],[150,390],[200,450],[110,260],[150,300],[80,160],[220,410],[250,430],[310,490],[170,250],[110,160],[110,150],[140,180],[250,320],[250,310],[210,250]],[[-84382080,33749810],[360,280]],[[-84618990,33396400],[160,60],[120,60],[110,40],[260,70]],[[-84352550,33773820],[60,0],[550,0],[300,0],[220,0],[190,0],[240,0],[270,0],[870,10],[300,10],[260,0]],[[-84404520,33748890],[60,90],[120,190],[80,110],[60,90],[180,260],[20,30],[110,160],[120,180],[160,220],[340,540],[120,210],[150,320],[60,200],[60,210],[30,220],[10,190],[10,230],[10,230],[10,300],[0,300],[0,180],[0,80],[0,450],[10,300],[10,430]],[[-84403940,33770030],[380,20],[370,10],[1250,40],[370,60],[200,60],[160,50],[440,160],[330,180],[110,60],[60,20],[330,140],[950,390],[330,70],[140,30],[100,10],[320,40],[400,0],[360,-10],[350,-10],[60,0],[240,-10],[40,0],[530,-20]],[[-84370910,33773650],[210,60],[310,80],[200,40],[90,0],[120,10],[170,0],[140,-10],[210,-20],[60,-10],[250,-50],[230,-40],[270,-50],[280,-60],[130,-20],[550,-80],[290,-30],[230,-30],[100,-10],[210,-10],[220,-10],[570,-30],[430,-20],[490,-30],[110,0],[180,0],[260,30],[110,20],[160,40],[140,30],[340,90],[130,40],[270,110],[190,70],[150,20],[190,30],[190,0],[220,-10],[100,0],[80,0],[140,0],[220,0],[80,0],[210,0],[90,0],[100,0],[160,10],[200,0],[170,0],[400,-10],[200,0],[330,0]],[[-83987130,33669970],[-80,150],[-30,40],[-70,90],[-130,180],[-120,170],[-50,60],[-40,60],[-250,340],[-90,140],[-40,60],[-200,300],[-30,60],[-250,500],[-70,170],[-130,350],[-110,410],[-140,490],[-180,650],[-20,80],[-120,430],[-20,70],[-150,530],[-140,530],[-320,1190],[-110,410],[-10,40],[-170,520],[-40,140],[-120,260],[-270,520],[-60,120],[-90,150],[-220,290],[-330,380],[-300,270],[-380,310],[-170,130],[-90,60],[-330,210],[-190,120],[-350,170],[-290,130],[-300,120],[-170,60],[-60,20],[-230,60],[-310,80],[-300,70],[-600,150],[-150,40],[-160,40],[-710,180],[-440,110],[-280,80],[-690,190],[-330,90],[-280,70],[-160,40],[-290,60],[-200,60],[-340,110],[-260,90],[-500,200]],[[-84014420,33638170],[-30,400],[-20,390],[0,80],[-10,100],[0,250],[-10,300],[0,610],[-10,370],[0,310],[0,180],[0,210],[0,70]],[[-83987130,33669970],[0,-140],[0,-90],[-10,-90],[-30,-90],[-70,-180]],[[-84038540,34361780],[310,200],[250,150],[280,200],[340,230],[340,230],[180,130],[500,380],[310,270],[370,320],[440,420],[280,270],[150,140],[120,140]],[[-84408390,33744340],[0,-80],[-10,-90],[0,-120]],[[-84407510,33779070],[-30,-350],[20,-200],[0,-30],[20,-100],[30,-150],[30,-180],[20,-80]],[[-84349170,33761830],[0,150],[-10,160]],[[-84425120,33772830],[-370,-180],[-160,-80],[-240,-110],[-90,-40],[-160,-70],[-330,-160],[-400,-160],[-230,-80],[-240,-40],[-370,-30],[-140,0],[-130,0],[-120,-30],[-690,40],[-140,10],[-200,10],[-380,20],[-210,10],[-260,0],[-410,-20],[-410,-40],[-380,-60],[-380,-60],[-170,-40],[-630,-130],[-280,-60],[-700,-140],[-100,-10],[-50,-10],[-250,-40],[-210,-30]],[[-84317570,34020170],[-340,80],[-100,20],[-90,20],[-300,70],[-140,30],[-240,60],[-360,90],[-410,100],[-120,60],[-350,110],[-330,80],[-380,80],[-410,80],[-490,100],[-490,120],[-180,50]],[[-84296290,33370030],[-20,200]],[[-84381770,33772500],[470,20],[510,30],[280,10],[270,10],[280,0],[240,0],[230,0],[450,10],[450,-10],[230,-10],[130,0],[310,-10],[240,0],[310,-10],[190,-20],[200,-20],[220,-50],[270,-50],[460,-80],[170,-20],[310,0],[330,60],[300,90],[170,50],[240,80],[110,40],[230,80],[190,70],[230,70],[110,40],[90,30],[160,50],[100,30],[140,50],[360,120],[400,100],[40,10],[310,80],[250,70],[170,40],[330,90],[380,100]],[[-84409400,33773160],[450,30]],[[-84533150,34091550],[250,650],[220,570],[140,360],[540,1420],[300,770],[210,540],[110,290],[160,420],[100,250],[110,290],[170,460],[140,390],[70,200],[50,150],[30,70]],[[-84006110,33653180],[-330,-290],[-260,-220],[-120,-100],[-130,-110],[-280,-250],[-290,-250],[-130,-120],[-150,-140],[-80,-70],[-140,-120],[-70,-60],[-90,-80],[-210,-200],[-30,-30],[-120,-100],[-430,-390],[-160,-150],[-150,-140],[-490,-440],[-180,-170],[-570,-520],[-410,-380],[-410,-380],[-140,-130],[-150,-140],[-160,-150],[-340,-310],[-130,-120],[-120,-110],[-370,-330],[-150,-140],[-30,-30],[-110,-110],[-100,-110],[-110,-120],[-180,-220],[-40,-50],[-120,-140],[-110,-160],[-20,-30],[-120,-220],[-130,-260],[-160,-320],[-90,-260],[-20,-60],[-100,-330],[-30,-160],[-10,-50],[-10,-50],[-40,-290],[-20,-140],[-10,-130],[-20,-220],[0,-30],[-10,-210],[0,-80],[-30,-560],[10,-310],[0,-240],[10,-390],[0,-190],[0,-130]],[[-84010300,33654980],[1650,-470],[710,-200],[1590,-460],[750,-240],[630,-220],[270,-100],[290,-120],[280,-110],[260,-110],[370,-170],[230,-110],[240,-120]],[[-83952650,33628940],[1000,-160]],[[-83981700,33638050],[700,-480],[2230,-1560],[970,-670],[600,-400],[940,-650],[950,-660],[730,-470],[320,-180]],[[-84004980,33654180],[-500,-450],[-120,-120],[-510,-430]],[[-84384970,33771290],[270,0],[820,0]],[[-84469900,33620190],[320,-20],[260,-20],[550,-50],[550,-60],[560,-70],[1090,-150],[1560,-220],[490,-50],[500,-20],[1270,20],[530,0],[560,-10],[460,-40],[290,-40],[340,-60],[420,-100]],[[-84477830,33620110],[230,30],[260,30],[210,20],[220,20],[260,20],[460,30],[280,10]],[[-84248540,33462780],[-1030,170],[-320,50],[-320,50],[-410,80],[-630,140],[-300,110],[-360,140],[-400,200],[-390,240],[-250,180],[-120,80],[-580,380],[-410,220],[-400,190],[-590,200],[-370,110],[-470,130],[-890,290],[-730,330],[-1150,580],[-530,300],[-510,340],[-510,320],[-400,240],[-340,180],[-170,70],[-70,30]],[[-84369430,33856730],[80,770],[10,100],[20,340],[60,840],[60,720],[30,410],[60,720],[170,2070],[50,580],[70,730],[10,160],[70,700],[50,290],[50,240],[80,300],[90,270],[110,260],[130,280],[150,260],[180,290],[230,310],[180,220],[190,230],[280,320],[360,400],[400,480],[230,280],[440,520],[160,230],[220,390],[160,320],[90,220],[80,240],[60,200],[90,360],[40,290],[30,250],[10,310],[30,760],[10,370]],[[-84192590,33459320],[-650,-20],[-510,-20],[-80,0],[-470,0],[-440,50],[-490,110],[-220,50],[-220,60],[-660,190],[-240,70],[-1400,400],[-480,140],[-520,170],[-1170,370],[-910,290],[-540,170],[-100,30],[-210,70],[-590,200],[-300,100],[-30,10],[-280,90],[-340,120],[-180,30],[-290,50],[-90,20],[-360,60],[-350,50],[-370,30],[-520,50],[-400,40],[-870,90],[-400,40],[-220,20],[-370,40],[-370,40]],[[-84394790,33753490],[-870,-1120]],[[-84478030,34225720],[310,-20],[180,-10],[280,-10],[150,0],[110,0],[240,10],[160,10],[190,20],[260,30],[310,50],[210,40],[220,50],[160,40],[220,60],[250,80],[120,40],[210,80],[210,90],[220,100],[220,110],[200,110],[250,140],[220,140],[190,130],[260,180],[750,530],[710,510],[600,430],[290,200],[750,540],[470,380]],[[-84395660,33752370],[870,1120]],[[-84390160,34005250],[-290,-200],[-190,-130],[-600,-410],[-630,-390],[-200,-130]],[[-84007840,33654430],[-300,80],[-340,100],[-460,130],[-470,130],[-830,240],[-2650,750],[-840,240],[-760,210],[-900,260],[-890,270],[-810,290],[-610,250],[-630,270],[-650,320],[-500,270],[-600,330],[-660,400],[-430,290],[-860,600],[-460,320],[-840,570],[-410,310],[-740,510],[-200,140]],[[-84033350,33666520],[-530,180],[-1110,410],[-730,260],[-1150,430],[-1170,390],[-870,310],[-710,250],[-2160,770],[-580,210],[-2370,840],[-1710,610],[-1670,590],[-1220,430],[-690,240],[-740,250],[-950,360],[-1180,420],[-630,220],[-800,310],[-280,120],[-350,160],[-410,200],[-300,160],[-690,360],[-660,410],[-600,400],[-580,450],[-490,410],[-460,410],[-520,520],[-430,480],[-310,380],[-410,540],[-380,530],[-760,1090]],[[-84083880,33697890],[270,-150],[470,-260],[180,-100],[320,-170],[460,-250],[160,-90],[1150,-630],[720,-370],[1000,-550],[2080,-1150],[2630,-1410],[800,-430],[1150,-620],[740,-420],[490,-280],[500,-310],[700,-460],[660,-500],[440,-360],[660,-560],[650,-640],[510,-540],[340,-400],[390,-490],[330,-440],[280,-380],[130,-210]],[[-84429790,33908450],[-960,-840],[-200,-180],[-680,-580],[-400,-340]],[[-84167180,33453310],[-390,270],[-280,190],[-210,170],[-220,180],[-150,120],[-400,300],[-70,60],[-270,220],[-280,230],[-380,290],[-160,130],[-110,90],[-90,60],[-200,140],[-410,250],[-900,480],[-380,210],[-390,210],[-210,110],[-410,220]],[[-84296760,34071110],[690,-60],[50,0],[150,-20],[170,-10],[50,0],[60,-10],[770,-70],[80,-10],[1010,-100]],[[-84496020,33656330],[-120,30],[-110,20],[-100,10],[-100,0],[-130,-10],[-140,-10],[-110,0],[-160,10],[-160,20],[-130,20],[-170,20],[-100,10],[-190,20],[-360,20],[-120,-10],[-80,0],[-90,10],[-80,10],[-110,20],[-120,30],[-140,30],[-70,10],[-120,10],[-190,0]],[[-84426240,33772120],[130,60],[530,250],[540,250]],[[-84288670,34238480],[-330,50],[-110,10],[-330,50],[-260,40],[-350,60],[-590,120],[-200,50],[-200,60],[-250,80],[-140,50],[-90,40],[-200,100],[-90,40],[-230,140],[-180,120],[-130,80],[-500,330],[-450,320],[-500,370],[-290,210],[-390,270],[-90,70],[-190,140],[-180,130],[-340,240],[-80,60],[-290,210],[-220,160],[-20,20],[-460,380],[-400,350],[-570,490],[-390,340],[-140,130],[-280,250],[-400,350],[-200,180],[-920,810],[-320,270],[-120,80],[-390,240],[-350,190],[-370,190],[-420,180],[-390,130],[-570,170],[-430,110],[-1390,390],[-450,120],[-420,110],[-30,10],[-60,20],[-560,150],[-70,20],[-70,20],[-350,110],[-70,20],[-250,90],[-50,20],[-90,30],[-250,110],[-20,10],[-210,110],[-50,30],[-160,110],[-220,160],[-230,190],[-380,340],[-500,430],[-610,540],[-1010,910],[-540,490],[-290,260],[-90,80],[-300,260],[-310,220],[-240,150],[-420,230],[-330,180],[-340,180],[-480,250],[-470,240],[-750,380],[-670,330],[-240,120],[-400,180],[-930,430],[-1210,550],[-1410,580],[-780,300],[-1210,480],[-510,200],[-490,190],[-490,190],[-270,110],[-410,150],[-300,80],[-100,30]],[[-84504260,33690160],[400,10],[300,0]],[[-84283070,33548520],[1310,-520],[580,-230],[420,-170],[770,-310],[900,-370],[450,-190],[870,-340],[1310,-530],[910,-360],[430,-170],[540,-240]],[[-84511420,33690620],[430,-80],[230,-40],[160,-30],[80,-20],[230,-40],[110,-20],[360,-70],[80,-10],[120,-30],[110,-20],[330,-60],[260,-50],[470,-80],[260,-20],[300,-40],[140,0],[160,10],[120,0],[150,10],[50,0],[120,10],[200,20],[90,10],[110,10],[170,20],[340,40],[90,-20],[90,-10],[190,0],[430,20],[420,10],[90,0],[310,10],[360,10]],[[-84357250,33823040],[-100,-90],[-160,-170],[-70,-70],[-60,-50],[-50,-40],[-410,-410],[-400,-430],[-330,-330],[-40,-40],[-50,-50],[-120,-130],[-40,-50],[-280,-350],[-120,-150],[-180,-260],[-870,-1280],[-350,-510],[-370,-540],[-250,-370],[-410,-550],[-140,-180],[-480,-530]],[[-84592370,33557120],[-460,-310],[-80,-40]],[[-84558000,33708870],[0,60],[-20,40],[-80,60],[-80,30],[-40,0],[-70,0],[-100,-40],[-80,-60],[-30,-50],[0,-70]],[[-84513520,33616900],[470,-70]],[[-84261190,33468130],[-100,40],[-110,50],[-270,60],[-150,40],[-290,0],[-160,10],[-260,-20],[-80,0],[-370,-40],[-830,-90],[-500,-20],[-170,10],[-20,0],[-40,10],[-230,30],[-330,40],[-100,10],[-260,40],[-230,30],[-580,40],[-600,0],[-160,0],[-240,10],[-160,0],[-920,20],[-270,10],[-670,20],[-230,10],[-430,-10],[-120,0],[-300,10],[-610,10],[-220,10],[-1040,0],[-170,0],[-830,10],[-210,0],[-680,10],[-590,10],[-270,10],[-570,30],[-520,40],[-310,30],[-1450,150],[-1430,140],[-350,40],[-340,40],[-110,10],[-510,50],[-590,-20],[-510,-90],[-80,-20],[-270,-60],[-420,-90],[-240,-60],[-480,-110],[-180,-40],[-100,-30],[-160,-40],[-780,-230],[-900,-230],[-70,-20],[-330,-80],[-330,-80],[-290,-60],[-160,-40],[-330,-110],[-270,-180],[-230,-190],[-110,-120],[-90,-100],[-80,-90],[-40,-50],[-160,-180],[-30,-40],[-260,-300],[-320,-420],[-330,-440],[-180,-290],[-220,-500],[-270,-720],[-400,-1080],[-230,-670],[-230,-660],[-200,-560],[-150,-420],[-230,-480]],[[-84167000,33453180],[-180,130]],[[-84185740,33430690],[520,-490],[380,-340],[330,-290],[370,-310],[580,-480],[740,-580],[370,-300],[710,-560],[120,-100],[660,-510],[1090,-870],[640,-500],[1410,-1130],[310,-240],[490,-390]],[[-84350970,34006170],[130,-150],[80,-130],[100,-240],[40,-130],[20,-110]],[[-84529250,34120090],[390,450],[370,430],[270,320],[190,230],[200,250],[160,210],[180,250],[180,270],[170,280],[150,260],[130,250],[130,260],[120,290],[120,240],[40,90],[110,300],[120,370],[70,240],[60,250],[60,250],[30,160],[30,150],[20,110],[20,110],[20,140],[20,170],[20,160],[20,240],[30,290],[30,440],[30,430],[0,440]],[[-84377980,33937520],[-320,-460],[-100,-130],[-170,-250]],[[-84403940,33770030],[-260,-10],[-480,-10]],[[-84506620,34183540],[120,710],[100,610],[50,310],[80,490],[140,850],[80,480],[50,280],[90,480],[50,270],[40,190],[50,220],[50,200],[80,310],[60,230],[60,200],[90,280],[90,280],[50,150],[80,230],[70,190],[80,210],[110,280],[320,800],[230,590],[230,560],[200,480],[260,570]],[[-84497260,33614770],[400,50]],[[-84211870,33466160],[630,-1580],[270,-660],[130,-300],[340,-840],[180,-440],[270,-660],[250,-590],[160,-360],[350,-820],[280,-640],[190,-400],[140,-300]],[[-84417620,33741940],[-30,-340],[0,-70],[0,-70],[0,-360],[-10,-140],[-10,-80],[-10,-200]],[[-84202300,33540050],[180,-100],[110,-50],[80,-50],[70,-60],[50,-100],[100,-180]],[[-84352170,33932750],[-290,260]],[[-84165310,33414300],[1200,-910],[390,-300],[350,-270],[360,-270],[290,-230],[200,-150],[500,-400],[530,-430]],[[-84117020,34019530],[360,-390],[200,-240],[170,-200],[100,-110],[400,-410],[440,-470],[100,-110],[430,-430],[440,-440],[330,-290],[250,-220],[430,-370],[290,-240],[90,-80],[540,-440],[160,-130],[70,-60],[200,-170],[320,-270],[270,-230],[210,-160],[140,-120],[150,-140],[260,-240],[40,-40]],[[-84241370,33950920],[160,-300],[40,-80],[40,-80],[50,-120],[80,-180],[100,-280],[20,-50],[160,-480],[90,-300],[80,-400],[30,-220],[10,-50],[20,-290],[0,-20],[10,-260],[10,-110],[-20,-340],[-10,-90],[-20,-200],[-10,-50],[-20,-140],[-40,-210],[-130,-580],[-50,-190],[-10,-50],[-40,-170],[-50,-200],[-30,-150],[-20,-210],[0,-150],[30,-140],[30,-90],[20,-50]],[[-84467590,34247470],[-20,-1190],[10,-530],[20,-260],[30,-290],[50,-340],[60,-360],[50,-230],[80,-310],[60,-220]],[[-84525760,34128420],[60,860],[70,1120],[30,460],[20,290],[20,250],[10,90],[20,160],[10,70],[20,130],[40,230],[30,150],[30,140],[30,120],[30,100],[30,100],[40,130],[40,120],[60,160],[50,130],[40,100],[70,170],[70,160],[90,190],[40,80],[50,100],[90,160],[70,120],[100,150],[140,190],[180,230],[80,100],[70,80],[270,320],[200,230],[260,280],[320,340],[400,440],[140,140],[280,300],[370,380],[460,500],[300,350],[510,640],[230,310],[230,340],[420,640],[490,880]],[[-84365020,33654940],[-680,-880],[-800,-1040],[-650,-840],[-350,-450],[-940,-1230],[-270,-350],[-380,-490],[-130,-160],[-190,-230]],[[-84418500,34304640],[740,650],[920,810],[210,180],[1050,940],[1280,1130],[1930,1720],[1550,1370],[170,150],[550,480],[670,600],[480,420],[200,180],[970,860],[960,850],[2020,1790],[1130,1000],[960,850],[830,730],[1200,1070],[1420,1250]],[[-84487470,33797090],[-90,470],[-60,250],[-120,420],[-90,240],[-90,240],[-160,340],[-120,240],[-140,250]],[[-84426920,33657480],[240,-10]],[[-84274580,33545090],[540,-230],[550,-210],[600,-230],[280,-100],[230,-80],[350,-130],[550,-210],[400,-160],[280,-120],[410,-180],[250,-120],[410,-240],[170,-110],[300,-220],[280,-260],[200,-180],[170,-180],[160,-170],[230,-270],[330,-410],[560,-710],[420,-520],[220,-290],[320,-360],[200,-240]],[[-84289920,33266360],[90,-610],[50,-440],[0,-510],[-40,-400],[-60,-350],[-20,-90],[-70,-210],[-110,-330],[-110,-240],[-220,-480],[-290,-590],[-160,-310],[-230,-460],[-200,-400],[-600,-1190],[-800,-1620],[-350,-710],[-640,-1290],[-490,-960],[-910,-1860],[-790,-1610]],[[-84296480,33370030],[20,-220],[10,-210],[60,-750],[20,-420],[0,-1520],[10,-1730],[0,-400],[0,-350],[0,-230],[0,-370],[0,-300],[0,-1110],[0,-2420],[0,-1360],[0,-1330],[10,-1430],[0,-690],[0,-1460],[0,-220],[10,-570],[0,-70],[10,-350],[10,-130],[50,-1000],[10,-200],[20,-250],[20,-230],[20,-200],[40,-400],[30,-290],[20,-120],[100,-810],[70,-520],[200,-1340],[100,-640],[210,-1560],[40,-330],[130,-950],[40,-320],[30,-270],[30,-500],[-10,-530],[-10,-380],[-10,-270],[-10,-520],[-10,-520],[-50,-1030],[-30,-600],[-20,-660],[0,-350],[0,-500],[10,-150],[10,-250],[10,-60],[20,-230],[30,-250],[10,-90],[80,-630],[160,-730],[110,-480],[70,-280],[40,-130],[220,-650],[100,-330],[290,-680],[180,-410],[300,-640],[690,-1430],[400,-850],[310,-640],[180,-380],[450,-940],[30,-60],[100,-210],[420,-890],[80,-170],[430,-910],[240,-510],[70,-150],[80,-170],[210,-450],[240,-640],[90,-250],[70,-290],[50,-190],[100,-600],[30,-300],[10,-390],[0,-130],[0,-120],[0,-90],[-20,-290],[-30,-220],[-80,-520],[-40,-250],[-50,-300],[-60,-330],[-20,-160],[-10,-50],[-30,-190],[-110,-620],[-10,-90],[-70,-390],[-100,-610],[-220,-1270],[-90,-550],[-40,-250],[-60,-330],[-80,-490],[-50,-310],[-30,-170],[-20,-140],[-50,-310],[-30,-170],[-120,-700],[-20,-110],[-80,-480],[-20,-140],[-90,-540],[-10,-100],[-70,-440],[-90,-730],[-70,-930],[-60,-1150],[-20,-670],[-10,-280],[-10,-590],[-20,-970],[0,-80],[-40,-1310],[0,-210],[-10,-400],[-10,-330],[-10,-230],[0,-90],[-10,-300],[-10,-380],[0,-170],[-20,-390],[-30,-910],[-10,-380],[0,-200],[-20,-630],[-10,-360],[-20,-1000],[0,-190],[-10,-240],[0,-90],[-30,-1200],[-10,-260],[-10,-430],[0,-130],[-30,-520],[0,-90],[-10,-800],[-10,-300],[-10,-390],[-30,-1340],[-40,-1530],[-30,-790],[0,-360],[-10,-320],[-10,-210],[-10,-570],[-10,-440],[-10,-490],[-10,-590],[-10,-410],[-40,-1120],[-10,-310],[-10,-330],[0,-100],[0,-70],[0,-240],[-10,-610],[-10,-280],[-10,-160],[0,-140],[-10,-180],[0,-130],[0,-330],[-10,-190],[0,-300],[-10,-170],[0,-360],[10,-320],[10,-180],[20,-210],[20,-260],[10,-160],[60,-490],[40,-270],[80,-510],[70,-440],[50,-320],[10,-70],[20,-180],[50,-330],[50,-320],[30,-210],[20,-160],[30,-180],[30,-210],[30,-250]],[[-84284000,33196650],[30,-100],[30,-100],[30,-90],[20,-70],[10,-80],[10,-90],[0,-80],[-10,-90],[-50,-270]],[[-84208470,33961230],[-460,-250],[-640,-340],[-100,-50],[-620,-330],[-40,-20],[-160,-80],[-970,-520],[-290,-150],[-240,-130],[-330,-180],[-740,-400],[-460,-240],[-540,-290],[-450,-230],[-510,-280],[-290,-160],[-680,-370],[-1060,-550],[-630,-350],[-340,-180],[-150,-70],[-390,-190],[-240,-100],[-580,-240],[-590,-240],[-270,-110],[-200,-80],[-300,-130],[-780,-320],[-440,-180],[-610,-260],[-560,-240],[-690,-290],[-620,-300],[-60,-30],[-540,-270],[-350,-180],[-540,-290],[-1370,-800],[-40,-30],[-380,-220],[-400,-240],[-200,-120],[-240,-130],[-80,-50],[-540,-310],[-410,-240],[-90,-50],[-460,-270],[-390,-230],[-420,-250],[-160,-90],[-40,-30],[-320,-180],[-530,-310]],[[-84379810,33807190],[600,490],[260,190],[150,110],[430,300],[460,290],[270,160],[230,130],[680,380],[490,270],[510,240],[520,200],[510,210],[1320,500]],[[-84112160,33298640],[-150,530]],[[-84283930,33196950],[-170,210],[-190,220],[-250,300],[-120,140],[-410,480],[-210,250],[-320,380],[-150,180],[-900,1070],[-180,210],[-400,510],[-420,620],[-180,320],[-170,310],[-170,400],[-110,280],[-130,420],[-80,290],[-70,370],[-40,240],[-50,610],[-10,700],[0,220],[10,940],[10,710],[0,1530],[0,270],[0,370],[0,240],[20,1240],[0,330],[0,70],[0,930],[10,1020],[0,440],[0,350],[0,130],[10,940],[0,170],[10,1180],[0,620]],[[-84283930,33195680],[170,270],[160,240],[170,190],[-500,570]],[[-84124320,33348940],[90,-700],[40,-470],[10,-100],[140,-1240],[220,-1900],[220,-1960],[90,-780],[60,-530],[50,-390],[180,-1570],[110,-1020],[100,-830],[210,-1830],[60,-520],[120,-970],[170,-1480],[170,-1550],[10,-90],[180,-1490],[130,-1090],[110,-970],[100,-840],[50,-420],[80,-660],[80,-520],[100,-570],[110,-580],[110,-470],[130,-550],[160,-630],[140,-480],[160,-530],[180,-550],[180,-530],[220,-570],[210,-510],[250,-570],[430,-1030],[440,-990],[360,-790],[430,-990],[260,-590],[60,-140],[270,-620],[220,-490],[320,-730],[430,-1010],[330,-770],[200,-490],[220,-550],[210,-560],[390,-1070],[280,-820],[250,-760],[180,-570],[240,-830],[470,-1670],[340,-1240],[160,-620],[170,-650],[140,-510]],[[-84231770,33544240],[230,-10],[270,-70],[280,-60],[230,-50],[200,-50],[420,-90],[290,-40],[30,0],[230,-20],[440,-30],[270,0],[240,0],[270,-10],[150,0],[490,-20],[670,-40],[670,-20],[240,-10],[480,-20],[310,-10],[260,-10],[170,0],[320,-10],[230,-10],[350,-10],[410,-20],[520,-10],[590,-20],[210,0],[330,-10],[570,-10],[110,0],[760,-10],[930,-20],[220,0],[200,-10],[530,-30],[230,-10],[420,-70],[130,-30],[70,-10],[100,-20],[200,-50],[350,-100],[190,-70],[150,-50],[60,-20],[1000,-390],[1640,-660],[610,-240],[1000,-400],[300,-120],[610,-240],[240,-100],[640,-250],[540,-190],[360,-100],[490,-120],[160,-30],[440,-70],[60,-10],[520,-50],[1800,-90],[340,-10],[650,-30],[940,-40],[370,-10],[220,0],[370,30],[180,10],[180,20],[170,10],[100,10],[100,10],[120,10],[160,10],[140,10]],[[-84221600,33969850],[-170,-380],[-90,-210],[-50,-110],[-130,-300],[-30,-80],[-60,-120],[-10,-30],[-60,-140],[-30,-60],[-60,-130],[-60,-160],[-80,-180],[-60,-160],[-120,-250],[-90,-220],[-80,-190],[-50,-110],[-200,-380],[-40,-90],[-60,-110],[-140,-280],[-30,-60],[-130,-210],[-190,-340],[-360,-520],[-50,-80],[-40,-60],[-90,-120],[-80,-90],[-200,-260],[-150,-200],[-30,-50],[-110,-140],[-170,-200],[-220,-270],[-80,-90],[-180,-190],[-340,-360],[-170,-170],[-280,-260],[-490,-470],[-880,-830],[-720,-680],[-570,-530],[-710,-660],[-330,-310],[-140,-140],[-130,-120],[-260,-240],[-260,-250],[-200,-200],[-380,-390],[-90,-100],[-360,-390],[-40,-50],[-70,-100],[-140,-180],[-130,-170],[-130,-180],[-200,-320],[-180,-290],[-80,-130],[-200,-360],[-240,-450],[-120,-210],[-110,-200],[-100,-170],[-50,-80],[-100,-170],[-40,-70],[-290,-560],[-220,-410],[-160,-300],[-80,-190],[-190,-530]],[[-84205270,33901680],[80,-250],[70,-210],[70,-200],[60,-180],[30,-80],[40,-120],[70,-170],[50,-80],[80,-150],[140,-170],[110,-120],[50,-60],[110,-80],[70,-50],[60,-50],[240,-160],[90,-60],[100,-60],[30,-20],[280,-150],[310,-170],[370,-210],[510,-260],[610,-290],[390,-180],[250,-110],[110,-50],[130,-60],[390,-180],[340,-160],[180,-90],[600,-280],[130,-60],[110,-50],[180,-90],[270,-120],[240,-100],[130,-60],[150,-70],[280,-140],[80,-40],[140,-90],[100,-90],[100,-110]],[[-84119010,34022570],[-680,-180],[-220,-60],[-650,-180],[-100,-30],[-1130,-300],[-420,-110],[-530,-140],[-350,-60],[-80,-10],[-480,-80],[-440,-70],[-290,-20],[-250,-10],[-430,-10],[-160,0],[-500,10],[-520,40],[-480,50],[-780,110],[-760,130],[-630,100],[-770,100],[-660,90],[-500,70],[-1400,190],[-960,130],[-380,50],[-820,110],[-450,60],[-400,50],[-480,70],[-390,50],[-790,110],[-960,130]],[[-84433630,33657320],[430,330],[270,220],[300,230],[320,240],[170,120],[360,270],[180,130],[190,120],[100,70],[270,180],[240,160],[270,170],[930,590],[670,390],[580,350],[140,80]],[[-84485050,34222870],[400,320],[230,180],[200,170],[160,130],[210,170]],[[-84393290,34332360],[160,690],[150,670],[70,310],[190,780],[370,1620],[280,1170],[220,960],[160,660],[100,410],[110,430],[70,260],[140,520],[80,290],[170,580],[210,680],[80,260],[190,630],[60,190],[70,210],[80,250],[210,670],[50,180],[110,360],[110,370],[40,140],[30,110],[40,160],[40,170],[50,210],[60,280],[60,300],[30,150],[50,280],[40,240],[30,180],[30,190],[50,390],[40,420],[20,240],[20,250],[10,220],[20,540],[10,460],[-10,370],[-20,360],[-30,370],[-30,360],[-40,450],[-50,480],[-30,270],[-50,390],[-50,380],[-110,860],[-110,900],[-210,1770],[-100,800],[-100,850],[-90,800],[-110,850],[-50,420],[-80,690],[-60,500],[-80,620],[-50,400],[-40,340],[-30,280],[-30,280],[-40,360],[-40,330],[-90,720],[-190,1540],[-160,1220],[-100,720],[-50,340],[-80,480],[-110,600],[-50,280],[-160,880],[-120,680],[-60,320],[-50,310]],[[-84295470,33251910],[210,470],[730,1540],[350,750],[590,1190],[870,1760],[630,1270],[420,840],[600,1210],[310,640],[100,210],[340,750],[170,330],[160,310],[30,90],[70,200],[90,250],[80,340],[50,230],[20,240],[40,370],[30,680]],[[-84096090,33908930],[950,-220],[440,-100],[910,-210],[690,-160],[870,-200],[840,-200],[1060,-240],[550,-140],[580,-160]],[[-84165280,33933080],[-460,-170],[-900,-320],[-920,-370],[-2380,-930]],[[-84128420,33953190],[-1550,-770]],[[-84142340,33966220],[110,-110],[490,-470],[200,-200],[70,-60],[120,-120],[200,-190],[120,-100],[210,-180],[70,-60],[400,-300],[170,-130],[260,-190]],[[-84514920,34149830],[-170,-360],[-160,-300],[-200,-390],[-250,-470],[-1050,-1980],[-110,-210],[-370,-720],[-380,-730],[-180,-340],[-710,-1360],[-760,-1370]],[[-84357760,33925960],[0,2260],[-10,1630],[0,2250],[0,1120],[0,100],[0,100],[-10,80],[0,180],[10,230],[10,560],[-10,570],[-10,280],[10,1160],[-10,960],[10,680],[-20,730],[-20,770]],[[-84533360,34107530],[100,-200],[420,-830],[310,-610],[240,-460],[420,-820],[230,-440],[230,-450],[290,-590],[130,-320],[120,-330],[160,-540],[110,-500],[40,-270],[40,-440],[0,-490],[-40,-550],[-100,-670],[-40,-200],[-70,-240],[-130,-400],[-120,-330],[-70,-190],[-210,-530],[-210,-560],[-110,-290]],[[-84483850,34223840],[440,350],[350,280],[280,230],[250,190],[130,100],[90,70],[100,70],[90,60],[140,90],[150,90],[90,50],[100,50],[150,70],[180,70],[140,50],[170,50],[170,40],[90,20],[70,10],[130,20],[140,20],[100,10],[110,10],[170,10],[90,0],[110,0],[140,0],[170,-10],[160,-10],[120,-10],[240,-20],[350,-30],[610,-50]],[[-84326620,34018460],[440,610],[260,350],[420,590],[290,370],[540,750],[200,280],[120,140],[90,120],[90,140],[280,390],[650,900],[860,1190],[130,180],[100,140],[120,170],[160,210],[610,810],[880,1150]],[[-84182680,33426270],[-130,-170],[-100,-140],[-100,-130],[-90,-110],[-110,-130],[-110,-120],[-160,-190],[-180,-200],[-170,-180],[-200,-200],[-260,-250],[-310,-280],[-330,-260],[-200,-160],[-620,-490],[-480,-360],[-90,-70],[-260,-200],[-420,-310],[-200,-150],[-90,-80],[-210,-160],[-390,-310],[-410,-340],[-350,-250],[-210,-150],[-220,-170],[-200,-150],[-50,-40],[-60,-50],[-870,-710],[-360,-290],[-490,-390],[-110,-80],[-180,-150],[-180,-140],[-80,-70],[-200,-160],[-30,-30],[-990,-780],[-690,-630],[-220,-210],[-150,-140],[-300,-280],[-110,-110],[-100,-100],[-640,-630],[-500,-490],[-100,-100],[-260,-240],[-230,-210],[-130,-110],[-120,-90],[-60,-50],[-190,-150],[-270,-190],[-240,-170],[-530,-310],[-250,-150],[-270,-130],[-240,-110],[-20,-10],[-50,-20],[-160,-60],[-170,-70],[-130,-50],[-420,-140],[-470,-140],[-140,-40],[-100,-20],[-440,-110],[-270,-50],[-280,-50],[-270,-40],[-410,-70],[-150,-30],[-810,-140],[-170,-30],[-920,-150],[-440,-80],[-340,-70],[-690,-100],[-710,-160],[-550,-150],[-480,-160],[-70,-20],[-540,-190],[-540,-220],[-520,-240],[-520,-260],[-790,-470],[-1680,-1120],[-590,-400],[-370,-250],[-1630,-1120],[-470,-290],[-320,-200],[-190,-120],[-330,-210],[-230,-140],[-590,-370],[-1490,-890],[-460,-230],[-630,-400],[-760,-400],[-130,-70],[-390,-220],[-410,-240],[-680,-360],[-500,-210],[-490,-160],[-570,-170],[-420,-60],[-550,-40],[-400,-20],[-640,10],[-170,10],[-500,20],[-600,20],[-730,20],[-160,10],[-1050,50],[-840,40],[-530,20],[-310,10],[-1210,40],[-780,0],[-460,-30],[-480,-50],[-190,-30],[-460,-70],[-110,-20],[-770,-190],[-410,-110],[-380,-120],[-650,-240],[-460,-190],[-340,-160],[-610,-340],[-600,-360],[-400,-280],[-200,-160],[-580,-490],[-750,-710],[-210,-200],[-150,-140],[-750,-670],[-230,-190],[-230,-200],[-350,-250],[-180,-130],[-110,-80],[-160,-90],[-190,-100],[-230,-110],[-240,-110],[-470,-190],[-510,-150],[-490,-110],[-50,-10],[-370,-60],[-200,-30],[-260,-20],[-290,-20],[-280,-20],[-500,-20],[-650,-30],[-880,-30],[-810,-30],[-540,-20],[-310,-30],[-300,-40],[-610,-110],[-610,-140],[-620,-180],[-530,-170],[-380,-140],[-370,-160],[-70,-30],[-240,-110],[-600,-300],[-670,-390],[-610,-450],[-490,-400],[-330,-250],[-200,-190],[-210,-230],[-330,-390],[-600,-640],[-310,-480],[-300,-540],[-430,-920],[-160,-370],[-170,-370],[-330,-740],[-200,-470],[-180,-330],[-100,-190],[-230,-430],[-110,-190],[-160,-300],[-130,-210],[-30,-60],[-80,-150],[-450,-740],[-320,-510],[-410,-620],[-460,-640],[-470,-670],[-650,-900],[-410,-590],[-190,-270],[-150,-220],[-50,-80],[-120,-170],[-70,-110],[-170,-220],[-360,-480],[-310,-430],[-330,-420],[-330,-340],[-380,-320],[-430,-290],[-470,-240],[-420,-160],[-270,-80],[-250,-80],[-330,-60],[-300,-60],[-320,-20],[-100,-10],[-310,-10],[-480,30],[-270,20],[-560,80],[-230,50],[-170,20],[-900,130],[-540,90],[-560,80],[-560,90],[-190,30],[-650,100],[-560,80],[-840,140],[-420,60],[-1010,150],[-500,80],[-590,90],[-570,80],[-290,50],[-480,70],[-390,70],[-250,40],[-590,90],[-580,90],[-590,90],[-840,110]],[[-84074820,34063140],[-250,-230],[-240,-220],[-80,-70],[-460,-430],[-370,-340],[-110,-110],[-630,-580],[-550,-510],[-290,-270],[-130,-110],[-590,-520],[-330,-280],[-200,-160],[-380,-310],[-280,-210],[-310,-230],[-230,-180],[-130,-100],[-360,-260],[-360,-260],[-360,-260],[-120,-90],[-250,-180],[-200,-140],[-580,-410],[-1270,-910],[-370,-260],[-360,-260],[-550,-400],[-710,-500],[-130,-90],[-450,-320],[-420,-300],[-220,-160],[-380,-270],[-60,-50],[-240,-160],[-70,-50],[-140,-100],[-380,-270],[-560,-420],[-370,-260],[-200,-140],[-250,-190],[-40,-30],[-370,-290],[-160,-130],[-400,-350],[-370,-350],[-180,-160],[-140,-130],[-150,-140],[-690,-650]],[[-84033260,34042640],[-290,-270],[-790,-770],[-260,-250],[-240,-230],[-850,-810],[-210,-200],[-210,-190],[-210,-190],[-520,-460],[-690,-600],[-690,-570],[-910,-710],[-580,-460],[-660,-540],[-1150,-890],[-690,-550],[-350,-270],[-360,-280],[-510,-400],[-370,-290],[-580,-450],[-970,-810],[-380,-290],[-300,-210]],[[-84015560,33920620],[260,-120],[430,-180],[70,-30],[180,-50],[110,-30],[200,-40],[310,-40],[60,0],[140,-10],[260,10],[110,0],[340,30],[150,10],[580,50],[1380,120],[540,40],[1660,140],[170,10],[340,20],[470,-50],[490,-80],[330,-70],[100,-40],[120,-40],[210,-70],[350,-190],[490,-250]],[[-84502760,33726600],[-10,-150],[-10,-360],[-10,-510],[-10,-510],[-10,-440],[0,-420],[0,-1180],[0,-1670],[0,-120],[20,-570],[30,-440],[30,-280],[30,-230],[60,-430],[70,-400]],[[-84484130,34223990],[-350,-280],[-380,-300],[-250,-200],[-310,-250],[-270,-210],[-340,-250],[-270,-190],[-350,-220],[-510,-310],[-560,-330],[-320,-210]],[[-84497780,33659920],[10,-420],[10,-360],[20,-2550],[0,-120],[0,-2060],[0,-1010],[-20,-970]],[[-84470760,34228890],[-420,-300],[-920,-670],[-240,-170],[-170,-120],[-290,-210],[-210,-150],[-390,-260],[-330,-200],[-160,-90],[-170,-90],[-150,-70],[-140,-60],[-220,-90],[-100,-40],[-160,-60],[-210,-70],[-130,-40],[-310,-80],[-180,-40],[-160,-30],[-170,-30],[-180,-30],[-210,-30],[-210,-20],[-180,-10],[-410,10],[-170,0],[-540,30],[-400,40],[-400,40],[-310,30],[-200,20]],[[-84503570,33690340],[-700,-10],[-220,-10]],[[-84322300,34021320],[-330,110],[-360,90],[-350,90],[-320,80],[-510,120],[-200,40],[-910,210],[-430,100]],[[-84313010,33888900],[550,430],[610,490],[350,280],[370,290],[60,50],[120,90]],[[-84500850,34223430],[1050,-690],[300,-190],[1410,-850],[160,-150],[160,-130],[260,-140],[460,-200],[330,-110],[370,-100],[280,-70],[300,-70],[710,-180],[420,-100],[1170,-270],[840,-220],[880,-250]],[[-84214130,33983010],[-150,-220],[-270,-400],[-70,-100],[-140,-210],[-130,-190],[-200,-290],[-90,-130],[-640,-930],[-290,-430],[-160,-230],[-300,-440],[-460,-680],[-210,-310],[-60,-90],[-210,-310],[-210,-330]],[[-84097680,34129780],[100,-150],[160,-200],[160,-190],[150,-200],[60,-70],[210,-200],[80,-70],[90,-90],[200,-170],[180,-160],[90,-70],[440,-350],[320,-250],[530,-400],[950,-730],[210,-150],[260,-210],[470,-350],[190,-150],[200,-150],[290,-210],[200,-130],[270,-140],[230,-100],[250,-110],[280,-80],[350,-60],[280,-40],[330,-50],[590,-70],[580,-60],[500,-50],[1830,-220],[1060,-140],[810,-110],[800,-100],[60,-10],[310,-50],[400,-60],[180,-40],[540,-150],[200,-70],[200,-80],[310,-140],[180,-90],[280,-160],[280,-190],[150,-110],[160,-140],[170,-150],[310,-310],[270,-270],[370,-370],[420,-420],[570,-570],[220,-210]],[[-84296310,33370230],[-90,610],[-100,570],[-180,840],[-150,610],[-220,770],[-160,460],[-130,360],[-150,400],[-150,380],[-210,490],[-110,250],[-90,200],[-50,110],[-230,450],[-100,200],[-230,440],[-320,580],[-350,550],[-100,160],[-220,310],[-190,270],[-360,500],[-50,80],[-150,190],[-240,310]],[[-84237930,33945690],[-610,-450],[-710,-430],[-220,-130],[-390,-210],[-230,-130],[-250,-150],[-110,-70]],[[-84271130,33880790],[190,250],[950,1170],[850,1100],[570,720],[700,870],[390,500],[430,540],[170,210]],[[-84500850,34223430],[-450,250],[-260,-190],[-120,-80]],[[-84238750,33717790],[180,370],[600,1210],[90,190],[70,130],[130,250],[130,250],[120,210],[260,420],[120,210],[160,250],[140,220],[160,240],[190,260],[100,140],[270,370],[170,230],[380,530],[230,270],[360,480],[340,430],[250,330],[220,290],[490,630],[210,280],[180,270],[210,280],[120,160],[150,210],[270,440],[160,280],[120,230],[130,260],[200,450],[100,260],[100,260],[100,310],[70,210],[50,200],[70,270],[50,270],[50,270],[40,250],[30,260],[40,490],[50,600],[70,880],[90,1040]],[[-84230410,33740440],[40,440],[40,740],[10,300],[-30,750],[-30,420],[-30,310],[-30,250],[-30,210],[-30,200],[-40,280],[-120,830],[-30,200],[-30,190],[-130,900],[-60,410],[-100,690],[-70,450],[-160,1090],[-50,330],[-20,310]],[[-84357950,33923960],[-10,-1220],[10,-1810],[0,-300],[10,-970],[0,-440],[0,-310]],[[-84134760,33824120],[-230,-10],[-230,-20],[-130,-20],[-250,-40],[-260,-40],[-540,-90],[-380,-70],[-320,-50],[-190,-30],[-220,-30],[-250,-30],[-170,-20],[-170,-10],[-230,-10],[-210,0],[-130,0],[-220,10],[-810,50],[-830,40],[-280,10],[-2290,120],[-1090,50],[-2240,120],[-1190,60],[-850,50],[-450,30],[-440,-10]],[[-83978320,33980540],[1150,210],[340,60],[970,190],[460,90],[440,90],[440,90],[280,50],[440,80],[750,140],[350,80],[350,60],[690,130],[290,50],[1230,230],[770,150],[840,160],[340,70],[360,70],[480,90],[420,80],[90,20],[110,20],[300,60],[110,20],[60,10],[290,60],[430,80],[160,30],[190,40],[120,20],[400,80],[1190,240],[320,60],[830,150],[860,150],[860,120],[860,110],[1150,120],[880,70],[1170,70],[590,20],[580,20],[1160,40],[1190,40]],[[-84127140,33823100],[-430,40],[-380,30],[-1290,40]],[[-84369250,33649150],[320,420],[470,610],[280,360],[140,190],[320,410],[430,560],[220,290],[380,490],[520,670],[310,410],[190,250],[120,150],[610,790]],[[-84359220,33820790],[220,280],[170,200],[60,70],[270,260],[250,240],[200,210],[210,200],[380,360],[110,140],[190,230],[80,90]],[[-84250620,33807990],[-20,130],[-40,300],[-80,680],[-30,360],[-50,830],[-30,520],[-20,320],[-20,480]],[[-84403920,33700950],[20,190],[20,210],[30,340],[40,640],[10,440],[10,310],[60,790],[50,440],[30,270],[40,400]],[[-84284890,33914850],[250,800],[70,290],[60,210],[60,240],[80,350],[50,170],[90,350],[80,360],[40,170],[130,530],[50,190],[60,170],[30,230],[50,230],[70,270],[50,210],[40,130],[40,150],[50,190]],[[-84387500,33746810],[140,110],[450,310],[330,220],[250,150],[140,80],[150,80],[190,90],[190,80],[320,130],[410,160],[410,160],[450,180]],[[-84277380,33925470],[220,100],[210,90],[120,50],[260,110],[160,70],[120,50],[70,30],[270,120],[200,80],[130,50],[120,50],[170,70],[170,80],[260,120],[320,140],[90,40],[270,130],[350,140],[1230,510],[340,150],[970,420]],[[-84417490,33799640],[110,0],[300,-10],[120,0],[210,-10],[50,0],[240,-10],[460,-30]],[[-84276640,33904560],[-400,220],[-280,160],[-360,190],[-60,30],[-130,70],[-90,50],[-260,160],[-220,150],[-160,110],[-150,110],[-110,90],[-250,210],[-160,150],[-250,240],[-190,180],[-330,330],[-380,370],[-400,380],[-810,800],[-680,660],[-560,550],[-180,180],[-1590,1560],[-270,260]],[[-83999960,33917500],[-140,40]],[[-84059810,33959220],[-230,350],[-80,150],[-210,440],[-180,330],[-90,180],[-50,110],[-60,110],[-90,160],[-200,330],[-130,200]],[[-84245820,33785070],[-40,220],[-30,130],[-90,380],[-50,200],[-120,500],[-90,380],[-340,1330],[-250,1070],[-50,180],[-50,220],[-110,380],[-140,490],[-150,500],[-210,640],[-280,840],[-350,1040],[-310,900],[-240,780],[-240,880],[-190,800],[-60,300],[-150,770],[-60,360],[-130,890],[-100,840],[-30,240]],[[-84210140,33852240],[90,430],[20,70],[20,90],[70,300],[40,170],[60,280],[170,650],[120,480],[90,370],[60,220],[50,170],[10,40],[30,120],[70,180],[60,110],[40,50],[120,180],[70,90],[80,90],[150,140]],[[-84208100,33856860],[200,70],[180,60],[320,70],[320,50],[290,50],[300,70],[470,130],[470,140],[70,30],[210,70],[360,150],[160,70],[200,90],[310,160],[80,50],[150,80],[200,130],[380,240],[1210,710],[570,390],[390,300],[490,440],[210,210],[280,300],[450,560],[150,180],[590,740],[850,1080],[130,160],[190,210],[180,170],[190,140],[140,90],[140,90],[330,170],[600,280],[960,410],[420,180],[1270,540],[680,290],[510,240],[640,260],[640,280],[240,100],[320,130],[120,40],[310,110],[200,50],[200,30],[220,20],[220,10],[270,0],[100,0],[70,-10],[90,-20],[40,0],[70,-10],[150,-10],[140,-20],[310,-40]],[[-84314380,33413180],[130,-330],[100,-240],[200,-580],[180,-610],[170,-650],[130,-660],[70,-460],[30,-210],[60,-470],[110,-990],[20,-150],[60,-460],[110,-860],[200,-1660],[20,-200],[60,-490],[120,-950],[180,-1470],[40,-370],[70,-570],[30,-280],[90,-790],[70,-530],[160,-1230],[70,-560],[50,-370],[50,-320],[30,-130],[40,-190],[20,-130],[80,-310],[120,-430],[50,-170],[50,-160],[80,-240],[130,-400],[240,-600],[100,-220],[160,-350],[200,-410],[90,-170],[220,-390],[100,-190],[130,-210],[170,-280],[50,-80],[140,-220],[280,-370],[190,-250],[180,-230],[630,-830],[240,-330],[300,-390],[260,-320],[580,-720],[90,-120],[660,-820],[260,-340],[140,-180],[330,-420],[200,-240],[310,-410],[770,-960],[220,-270],[500,-620],[190,-240],[550,-700],[40,-60],[150,-190],[40,-60],[140,-180],[70,-90]],[[-84252490,33823680],[-10,170],[0,200],[-10,410],[0,800],[20,470],[20,280],[60,710],[50,570]],[[-84497570,33614930],[-330,-20],[-420,-10],[-330,10],[-320,20],[-380,40],[-490,60],[-370,40],[-110,10],[-470,70],[-520,80],[-2400,360],[-1850,280],[-1420,200],[-2850,430],[-1810,270],[-830,130],[-410,50],[-750,120]],[[-84238110,33837490],[480,310],[140,100],[110,70]],[[-84494110,33615770],[-910,-310],[-720,-210],[-240,-70],[-340,-80],[-80,-20],[-150,-30],[-210,-30],[-290,-40]],[[-84513940,33799810],[410,-190],[510,-270],[140,-100],[110,-50],[260,-170],[190,-150],[200,-200],[200,-210],[280,-310],[430,-510],[210,-220],[170,-150],[410,-350],[140,-110],[290,-210],[230,-130],[120,-70],[130,-70],[260,-140],[400,-190],[200,-100],[560,-270],[300,-140],[250,-110],[420,-200],[150,-80],[190,-90],[260,-130],[330,-130],[400,-150],[290,-70],[350,-80],[230,-40],[210,-30],[570,-40],[50,0],[500,-20],[720,-40],[110,-10],[330,-30],[300,-40],[240,-50],[360,-80],[360,-110],[160,-50],[210,-70],[350,-140],[110,-50],[90,-40],[450,-220],[40,-20],[380,-220],[510,-300],[300,-240],[400,-330],[140,-140],[90,-90],[90,-90],[210,-220],[70,-70],[110,-120],[230,-270],[80,-100],[300,-330],[190,-260],[260,-380],[210,-310]],[[-84135690,33822540],[300,-50],[250,-40],[130,-20],[120,-20],[220,-20],[140,-20],[130,-10],[490,-10],[490,30],[250,30],[270,40],[390,60],[390,80],[200,40],[110,20],[170,20],[220,40],[940,160],[520,70],[270,20],[360,20],[150,0]],[[-83908470,33965210],[-130,-490],[-20,-110],[-80,-210],[-150,-370],[-150,-380],[-270,-550],[-200,-350],[-130,-240],[-190,-290],[-220,-320],[-160,-210],[-110,-120],[-120,-130],[-70,-80],[-340,-360],[-310,-310],[-340,-300],[-370,-300],[-600,-420],[-870,-580],[-380,-240],[-1260,-780]],[[-84061110,33841590],[-410,-190],[-490,-230],[-170,-90],[-120,-60],[-100,-50],[-200,-90],[-140,-70],[-60,-30],[-280,-140],[-130,-60],[-160,-80],[-140,-60],[-120,-60],[-420,-210],[-290,-140],[-180,-90],[-290,-130],[-170,-80],[-250,-130],[-170,-80],[-240,-100],[-90,-50],[-250,-120],[-190,-90],[-70,-40],[-540,-260],[-290,-130],[-200,-100],[-160,-80],[-80,-40],[-270,-120],[-370,-180],[-120,-60],[-100,-50],[-230,-120],[-40,-20],[-440,-210],[-310,-140]],[[-84019480,33965530],[-600,-360],[-1170,-710],[-290,-170],[-270,-150],[-200,-110],[-220,-110],[-200,-100],[-360,-170],[-130,-60],[-240,-110],[-180,-80],[-190,-80],[-190,-80],[-170,-70],[-150,-60],[-180,-70],[-210,-80],[-170,-60],[-210,-70],[-170,-60],[-180,-60],[-210,-70],[-250,-80],[-290,-90],[-310,-90],[-370,-110],[-500,-150],[-540,-160],[-240,-70]],[[-84126410,33356290],[-280,550],[-200,410],[-460,910],[-570,1130],[-910,1790],[-700,1400],[-720,1420],[-520,1030],[-440,820],[-390,690],[-480,790],[-430,700],[-1170,1900],[-190,310],[-150,250],[-1080,1750],[-1150,1880],[-640,1030],[-710,1170],[-640,1050],[-310,540],[-370,680],[-380,730],[-340,660],[-450,890],[-250,500],[-530,1050],[-240,470],[-640,1240],[-820,1640],[-1060,2070],[-420,820],[-1240,2420],[-700,1400],[-490,920],[-400,690],[-410,630],[-1040,1630],[-910,1420],[-1440,2250],[-650,1020],[-730,1150],[-440,680],[-380,590],[-210,340],[-230,350],[-310,490],[-220,340],[-210,290],[-230,280],[-350,380],[-220,230],[-350,380],[-450,460],[-230,220],[-470,410],[-510,430],[-680,540],[-140,110],[-640,510],[-520,410],[-890,710],[-640,520],[-370,280],[-160,120],[-120,100],[-130,100],[-140,110],[-170,130],[-700,560],[-200,160],[-240,190]],[[-84166320,33415550],[-300,250],[-540,410],[-160,130],[-400,310],[-430,330],[-550,420],[-500,390],[-700,520],[-560,430],[-510,400],[-610,490],[-740,590],[-630,500],[-900,710],[-440,340],[-390,320],[-950,750],[-290,230],[-830,660],[-900,720]],[[-84094800,33964280],[-170,20],[-570,60]],[[-84197730,33896680],[-190,100],[-300,140],[-210,90],[-240,110],[-240,110],[-230,110],[-330,150],[-170,80],[-330,150],[-370,170],[-190,90],[-500,230],[-200,90],[-360,170],[-150,70],[-860,430],[-380,200],[-360,200],[-280,170],[-230,130],[-30,20],[-160,110],[-140,110],[-160,150],[-100,90],[-30,40],[-110,150],[-60,100],[-40,70],[-130,310],[-30,80],[-20,70],[-100,310],[-60,180],[-30,70],[-80,220],[-60,160],[-160,260]],[[-84208450,33961020],[480,260],[60,30],[320,170],[350,190],[330,180],[360,190],[690,370],[780,420],[210,110],[400,200],[2230,1160],[410,200],[250,120],[430,200],[180,90],[460,230],[110,50],[290,170],[440,230],[90,50],[390,200],[530,290],[1070,570],[430,230],[400,210],[530,290],[50,30],[190,90],[190,100],[350,180]],[[-84324570,34060920],[-230,-260],[-40,-40],[-220,-250],[-500,-620],[-130,-150],[-80,-100],[-220,-260],[-210,-250],[-340,-400],[-230,-270],[-250,-310],[-150,-180],[-110,-140],[-200,-250],[-110,-150],[-200,-270],[-180,-250],[-430,-620],[-70,-90],[-230,-310],[-150,-160],[-120,-130],[-350,-310],[-190,-170],[-400,-310],[-110,-90],[-120,-90],[-50,-30],[-110,-90],[-270,-210],[-250,-190],[-270,-200],[-180,-140],[-310,-210],[-120,-80],[-370,-220],[-70,-40],[-40,-20],[-490,-240],[-70,-40],[-160,-80],[-150,-70],[-50,-30],[-250,-130],[-170,-90],[-80,-40],[-160,-80],[-110,-60],[-190,-90],[-340,-180],[-270,-130],[-390,-190],[-590,-300],[-230,-120],[-90,-50],[-120,-60],[-480,-250],[-200,-120],[-80,-50],[-150,-90],[-160,-130],[-160,-140],[-120,-110],[-300,-300],[-220,-210],[-110,-110],[-230,-220],[-120,-130],[-60,-70],[-110,-150],[-70,-90],[-70,-110],[-80,-140],[-120,-260],[-10,-30],[-150,-340],[-90,-210],[-80,-190],[-110,-250],[-20,-50],[-100,-230],[-100,-240],[-110,-260],[-40,-90],[-100,-250],[-110,-260],[-220,-530],[-230,-530],[-90,-220],[-150,-360],[-130,-310],[-40,-110],[-60,-140],[-380,-910]],[[-84495460,33783380],[110,240],[110,210],[120,220],[140,230],[160,240],[150,210],[160,200],[180,220],[160,200],[270,330],[220,270],[490,600],[220,260],[1070,1300],[330,400],[200,250],[180,220],[90,100],[100,100],[130,130],[250,260]],[[-84156350,33823370],[530,120],[820,150],[550,80],[550,80],[280,40],[280,30],[280,30],[650,60],[180,20],[370,20],[320,20],[540,20],[610,10],[350,0],[330,0],[300,-10],[530,-20],[1480,-60],[1640,-80],[430,-30],[420,-20],[830,-50]],[[-84404140,33693820],[290,-380]],[[-84236640,33511120],[-420,300],[-540,430],[-410,300],[-540,400],[-440,320],[-410,300],[-360,270],[-460,340],[-590,430],[-460,340],[-190,140],[-420,300],[-630,480],[-330,250],[-280,230],[-320,260],[-540,480],[-810,770],[-410,420],[-650,650],[-590,620],[-870,910],[-1030,1060],[-1140,1150],[-820,830],[-1320,1330],[-1140,1150],[-1200,1210],[-500,500],[-250,250],[-360,370],[-330,330],[-710,730],[-410,400],[-670,680],[-970,990],[-790,870],[-350,410],[-250,300],[-600,740],[-390,500],[-410,510],[-500,630],[-470,590],[-170,210],[-380,480],[-690,870],[-600,760],[-410,520],[-570,700],[-110,140]],[[-84313780,33412200],[-180,500],[-80,210],[-220,540],[-130,270],[-170,380],[-20,50]],[[-84274860,33902080],[360,290],[80,60],[260,190],[180,140],[200,170],[190,160],[280,230]],[[-84384400,33748710],[-930,-370],[-160,-60],[-200,-80],[-230,-100],[-220,-100],[-280,-140],[-160,-90],[-110,-70],[-260,-180],[-140,-110],[-270,-200],[-370,-300]],[[-84390360,33772300],[-110,-1010],[-30,-310],[-50,-600],[-10,-630],[-10,-310],[10,-90]],[[-84469520,33620820],[-600,-10],[-1740,-30],[-990,10],[-830,0],[-260,10],[-600,0],[-1050,0],[-1100,-10],[-280,-10],[-660,-30]],[[-84069390,33837610],[-270,-140],[-320,-150],[-270,-130],[-240,-120],[-70,-30],[-310,-150],[-70,-40],[-260,-120],[-90,-40],[-120,-50],[-160,-80],[-520,-250],[-350,-170],[-20,-10],[-240,-120],[-160,-70],[-230,-110],[-70,-30],[-90,-50],[-250,-120],[-280,-140],[-50,-30],[-120,-60],[-250,-110],[-320,-130],[-270,-80],[-220,-60],[-410,-90],[-70,-20],[-320,-40],[-230,-20],[-230,-20],[-230,-10],[-80,0],[-150,0],[-410,0],[-90,0],[-370,-10],[-50,0],[-90,0],[-80,0],[-140,-10],[-60,0],[-260,-10],[-120,0],[-360,0],[-250,-10],[-350,-10],[-40,0],[-90,0],[-370,-10],[-100,0],[-240,-10],[-350,-20],[-320,-20],[-130,-20],[-270,-30],[-460,-110],[-410,-120],[-350,-120],[-240,-100],[-260,-100],[-150,-70],[-220,-100],[-350,-180],[-400,-190],[-520,-280],[-180,-90],[-170,-90],[-680,-330],[-430,-180],[-380,-130],[-50,-20],[-160,-50],[-100,-30],[-210,-60],[-170,-40],[-280,-70],[-580,-140],[-570,-120],[-280,-70],[-100,-20],[-680,-150]],[[-84074740,34062900],[110,100],[480,450],[80,80],[620,580],[130,110],[110,100],[40,40],[140,130],[390,360],[270,250],[190,180],[150,130],[420,390],[320,300],[150,140],[230,210],[120,130],[510,470],[320,300],[570,540],[300,300],[220,220],[340,350],[110,110],[850,870],[1010,1050],[80,80],[310,320],[440,460],[100,100],[560,580],[330,340],[40,40],[400,420],[490,500],[190,200],[210,210],[250,260],[280,280],[520,540],[20,30],[240,240],[440,450],[70,70],[720,750],[380,390],[370,380],[90,100],[180,180],[280,290],[180,170],[290,290],[380,350],[200,170],[300,260],[100,90],[130,100],[190,140],[180,140],[90,70],[120,90],[190,140],[340,240],[990,690],[120,80],[260,190],[530,370],[670,460],[820,580],[170,120],[700,490],[1000,710],[390,280],[290,210],[510,390],[320,270],[380,350],[380,350],[780,710],[710,650],[60,60],[710,670],[440,400],[370,340],[840,760],[540,510],[680,610],[190,180],[420,410],[600,620],[250,270],[640,680],[1170,1310],[250,280],[930,1040],[220,250],[460,510],[290,320],[240,280],[50,50],[350,390],[120,140],[150,160],[420,440],[1120,1220],[840,820],[310,310],[400,400],[1080,1080],[100,90],[320,340],[400,410],[110,110],[630,680],[150,150],[80,90],[130,150],[770,870],[240,300],[190,260],[130,200],[270,380]],[[-84365070,33879380],[-10,-550],[-10,-350],[0,-370],[-10,-810],[40,-760],[0,-540],[30,-540],[10,-580],[-10,-490]],[[-84407440,33786230],[0,-170],[0,-230],[-10,-280],[0,-120]],[[-84232310,33763720],[10,1690],[-10,1000]],[[-84004240,33975160],[-290,-200],[-520,-370],[-610,-420],[-460,-320],[-290,-210],[-710,-500]],[[-84154960,33939430],[150,110],[400,300],[250,180],[370,260],[240,170],[190,130],[180,120],[280,170],[340,200],[270,150],[360,180],[460,260],[780,390],[910,440],[1080,550],[330,150],[1120,550],[810,400],[1110,540],[450,220],[280,130],[150,80],[270,120]],[[-83912320,34075660],[1260,80],[910,50],[520,30],[530,30],[620,40],[530,30],[1650,100],[1540,90],[1250,70],[2940,170],[2590,150],[2740,160],[1040,60],[930,60],[320,20],[270,20],[220,20],[210,20],[280,30],[260,30],[220,30],[280,40],[340,50],[360,60],[330,60],[300,60],[280,60],[350,80],[370,90],[330,90],[390,110],[360,110],[810,260],[710,230],[700,230],[1790,580],[3470,1120],[1770,580],[2290,750],[2340,760],[1130,360],[780,250],[730,230],[330,100],[310,90],[250,70],[260,70],[230,60],[210,50],[220,50],[230,50],[400,90],[870,200],[1390,290],[310,60],[280,50],[240,40],[250,40],[380,60],[630,90],[400,50],[450,50],[360,40],[1380,140],[2450,210],[1050,90],[990,90],[960,80],[2090,180],[910,80],[4540,390],[1060,110],[540,80],[690,110],[690,140],[550,130],[440,110],[610,170],[1210,380],[1240,400],[1620,530],[1050,340],[1050,340],[550,180],[890,290],[890,290],[860,280],[710,230]],[[-83982010,34057320],[310,-10],[80,0],[420,-10],[370,-10],[350,-20],[390,-30],[400,-40],[330,-30],[460,-50],[450,-50],[460,-60],[530,-70],[810,-120],[750,-120],[520,-80],[510,-80],[560,-70],[440,-50],[350,-30],[380,-30],[370,-20],[460,-20],[540,-10],[600,10],[770,30],[590,40],[600,60],[200,20],[620,80],[500,80],[510,90],[240,50],[420,90],[210,50],[840,210],[670,200],[700,220],[910,320],[650,220],[1300,390],[440,150],[350,110],[680,230],[500,160],[320,100],[1960,640],[1850,600],[860,280],[980,320],[1250,410],[1310,420],[360,120],[440,140],[1130,370],[1070,350],[950,310],[200,70],[870,280],[1340,450],[830,290],[940,330],[520,190],[810,310],[150,60],[1610,640],[410,170],[370,160],[730,310],[1060,460],[1860,810],[1770,780],[1400,610],[2680,1170],[990,430],[1600,680],[2650,1150],[970,430],[1290,550],[720,300],[570,250]],[[-84012930,34096100],[-70,50],[-80,60],[-270,200]],[[-84113480,33915860],[0,220],[0,230],[-10,1060],[-20,820],[-10,770],[-20,750],[-40,450],[-30,240],[-30,270],[-100,580],[0,30],[-60,360],[-10,50],[-20,210],[-10,220],[0,30],[20,320],[30,450],[40,580],[20,270],[10,430],[-20,190],[0,40],[-40,210],[-50,150]],[[-84113830,33924790],[-140,270],[-160,260],[-80,120],[-120,170],[-290,430],[-60,100],[-200,310],[-110,190],[-20,40],[-30,50],[-50,130],[-50,150],[-70,290],[-50,190],[-80,300],[-160,360],[-180,290],[-120,160],[-150,200],[-320,300],[-300,210],[-110,70],[-170,110],[-120,70],[-410,190],[-320,110],[-670,230],[-120,50],[-280,120],[-260,150],[-320,250],[-250,280],[-130,170],[-140,270],[-100,280],[-60,340],[-10,450],[-50,940],[-40,410],[-60,510],[-90,550],[-130,620],[-20,120],[-70,310],[-50,260],[-10,70],[-90,540],[-20,140],[-130,820],[-30,220],[-30,160],[-70,450],[-20,140],[-10,40],[-40,210],[-20,80],[-20,60],[-100,260],[-130,240],[-40,80],[-90,150],[-80,130],[-50,50],[-50,40],[-90,40],[-280,450],[-410,660]],[[-84129240,33823210],[-580,40],[-270,30],[-280,30],[-280,40],[-270,50],[-510,130],[-740,230],[-250,60],[-250,70],[-250,60],[-260,50],[-260,50],[-530,60],[-310,10],[-170,0],[-250,0],[-60,0]],[[-84413440,33804870],[-110,-300],[-160,-320],[-100,-190],[-90,-140],[-130,-200],[-110,-160],[-50,-90],[-100,-140],[-50,-70],[-40,-60],[-70,-100],[-80,-130],[-60,-90],[-100,-160],[-90,-150],[-20,-30],[-90,-130],[-50,-70],[-30,-50],[-30,-40],[-40,-70],[-110,-160],[-100,-150],[-50,-80],[-90,-130],[-80,-120],[-110,-150],[-90,-150],[-50,-80],[-10,-20],[-10,-20],[-50,-110],[-30,-120],[-50,-190],[-20,-60],[-30,-140]],[[-84191530,33885070],[-310,300],[-170,170],[-120,120],[-150,150],[-180,160],[-250,240],[-100,90],[-110,100],[-70,70],[-130,130],[-230,250],[-180,200],[-150,210],[-30,50],[-120,190],[-40,80],[-40,90],[-70,170],[-90,200],[-100,220],[-80,180],[-80,180],[-20,50],[-180,480],[-60,150],[-100,230],[-50,120],[-150,370],[-70,180],[-120,260],[-70,150],[-200,390],[-80,140],[-170,310],[-110,220],[-70,140],[-190,350],[-60,100],[-100,260],[-110,310],[-110,290],[-60,190],[-30,110],[-50,230],[-150,670],[-40,190],[-20,80],[-50,200],[-50,220],[20,250],[-10,70],[-40,170],[-20,100],[-20,70],[-60,170]],[[-84235450,33946510],[360,250],[420,310],[420,310],[540,380],[490,320],[180,120],[290,180],[400,250],[570,330]],[[-83926620,33983470],[-840,720],[-580,490],[-370,320],[-220,170],[-280,190],[-140,90],[-280,180],[-300,160],[-200,120],[-530,270],[-280,120],[-420,170],[-160,60],[-290,90],[-510,170],[-500,150],[-760,200],[-520,110],[-540,100],[-670,100],[-490,50],[-380,40],[-430,20],[-890,20],[-220,0],[-440,-10],[-450,-20],[-440,-50],[-710,-70],[-160,-20],[-280,-40],[-610,-110],[-410,-100],[-490,-110],[-620,-170],[-630,-210],[-560,-200],[-1680,-600],[-1530,-530],[-430,-150],[-720,-180],[-470,-100],[-600,-90],[-730,-60],[-530,-30],[-510,-20],[-450,-10],[-200,-10],[-950,-30],[-70,0],[-270,-10],[-250,-10],[-270,-10]],[[-84209750,33917840],[-230,690],[-50,150],[-150,460],[-80,230],[-160,430],[-50,150],[-110,200],[-30,50],[-130,250],[-210,300],[-90,130],[-110,140],[-160,180],[-80,90],[-90,110],[-100,80],[-90,80],[-230,220],[-430,300],[-80,70],[-600,400],[-490,330],[-240,160],[-180,120],[-350,240],[-280,190],[-300,200],[-180,130],[-100,70],[-510,340],[-40,20],[-170,120],[-210,130],[-160,100],[-470,310],[-680,470],[-450,310],[-400,310],[-280,260],[-270,240],[-370,400],[-190,230],[-90,110],[-120,160],[-230,340],[-90,130],[-300,540],[-100,170],[-320,550],[-200,350],[-30,60],[-40,80],[-140,240],[-30,50],[-230,390],[-100,160],[-80,140],[-160,270],[-50,90],[-50,80],[-70,130],[-80,140],[-60,100],[-150,260],[-30,50],[-240,390]],[[-84349280,33761750],[0,-70],[10,-380],[0,-90],[0,-500],[10,-220],[0,-400],[0,-160],[0,-140],[10,-180],[0,-190],[60,-70],[10,-110],[10,-150],[0,-150],[10,-500],[10,-420],[10,-490],[-10,-670],[0,-640],[-10,-580],[-10,-230],[0,-380],[0,-150],[-10,-640],[-10,-710],[-10,-260],[0,-120],[0,-120],[0,-200],[0,-160],[0,-90],[0,-170],[0,-170],[0,-190],[0,-270],[-10,-710],[10,-630],[0,-270],[10,-810],[-10,-810],[0,-280],[0,-70],[0,-120],[0,-230],[0,-250]],[[-84310450,33716110],[-650,310],[-580,280],[-910,420]],[[-84356390,34029220],[-230,-150],[-190,-120],[-70,-40],[-110,-70],[-210,-150],[-170,-140],[-180,-160],[-160,-130],[-170,-140],[-140,-120],[-160,-130],[-50,-50],[-240,-250],[-80,-80],[-250,-280],[-410,-460],[-220,-240],[-90,-90],[-140,-160],[-180,-190],[-90,-100],[-100,-110],[-70,-80],[-90,-110],[-90,-110],[-90,-130],[-70,-110],[-70,-190],[-20,-110],[-10,-60],[-30,-160],[-40,-210],[-10,-40],[-70,-230],[-70,-240],[-210,-500]],[[-84241110,33903170],[-180,-110],[-380,-240],[-290,-180],[-650,-400],[-1210,-730],[-360,-220]],[[-84371410,33843800],[-50,-30],[-410,-240],[-200,-130],[-170,-100],[-80,-60],[-170,-120],[-100,-70],[-260,-210],[-110,-80],[-70,-50],[-140,-100],[-110,-90],[-140,-100],[-170,-130],[-80,-50],[-470,-320],[-100,-60],[-160,-110],[-80,-50],[-190,-120],[-140,-80],[-260,-150],[-190,-110],[-70,-30],[-290,-140],[-400,-200],[-60,-30],[-70,-30],[-310,-150],[-380,-150],[-160,-70],[-200,-50],[-160,-30],[-60,-10],[-130,-10],[-150,-20],[-230,0],[-160,-20],[-170,-20],[-80,-10],[-60,-10],[-70,-20],[-60,-20],[-50,-20]],[[-84246810,33850210],[-40,-300],[-130,-1010],[-330,-2500],[-150,-1240],[-160,-1190],[-280,-2110]],[[-84241700,33951460],[-240,320],[-280,310],[-170,190],[-300,330],[-160,180],[-40,40],[-50,70],[-140,180],[-80,100],[-60,90],[-150,230],[-110,150],[-160,240],[-130,180],[-160,240],[-30,40],[-60,80],[-150,220],[-110,160],[-200,330],[-100,170],[-80,160],[-130,290],[-80,210],[-80,200],[-150,380],[-100,320],[-60,160],[-110,230],[-90,180],[-80,170],[-190,260],[-110,140],[-150,170],[-140,170],[-30,40],[-220,260],[-330,410]],[[-84000100,33917540],[-720,210],[-500,150],[-760,220],[-500,180],[-280,120],[-240,110],[-310,170],[-570,300],[-600,320],[-330,180],[-770,410]],[[-84141060,33703450],[1020,70],[840,50],[2040,130],[640,40],[470,30],[420,20],[650,20],[390,-10],[330,-10],[300,-10],[370,-20],[420,-30],[360,-30],[220,-20],[510,-60],[370,-50],[360,-60],[470,-70],[220,-40],[610,-90],[340,-50],[840,-130],[840,-130],[1200,-180],[1020,-160],[1240,-200],[810,-120],[80,-10],[300,-50],[730,-110],[900,-140],[1090,-170],[850,-130],[590,-90],[500,-80],[750,-120],[530,-80],[380,-60],[290,-40],[170,-30],[690,-110],[610,-90],[430,-60],[390,-50],[430,-40],[580,-30],[290,-10],[660,0],[330,10],[310,20],[270,20],[310,30],[410,50],[300,40],[470,80],[1750,340],[100,20],[340,70],[930,180],[800,160],[1120,220],[590,100],[300,50],[610,80],[620,70],[620,50],[840,30]],[[-84359580,33853670],[-180,-100],[-140,-80],[-120,-120],[-130,-170],[-30,-60],[-20,-50],[-50,-110],[-90,-190],[-50,-110],[-100,-210],[-130,-290],[-210,-390],[-10,-20],[-10,-20],[-30,-50],[-40,-40],[-70,-70],[-190,-220],[-220,-240],[-110,-120],[-370,-390]],[[-84417350,33773050],[190,0],[540,0],[220,0],[140,0],[250,0],[150,0],[410,-10],[660,0],[380,-10],[540,10],[310,0],[150,0],[1010,10],[380,0],[310,10],[300,0],[530,10],[330,0],[160,10],[650,70],[170,10],[110,0],[60,0]],[[-84337950,33745270],[60,0],[450,-30],[620,-70],[680,-120],[490,-120],[510,-150],[370,-120],[390,-150]],[[-84392240,33733700],[-20,-420],[-10,-350],[-10,-320],[-10,-270],[-20,-230],[-10,-210],[-20,-210],[-20,-110],[-20,-80],[-30,-120],[-40,-130],[-70,-210],[-90,-320],[-160,-560]],[[-84380930,33751090],[-340,-270],[-520,-390]],[[-84273710,33807820],[-20,-120],[-30,-130],[-40,-130],[-50,-130],[-50,-100],[-20,-30],[-80,-120],[-80,-130],[-200,-240],[-120,-120],[-240,-240],[-360,-330],[-450,-440],[-430,-420]],[[-84360030,33773800],[-330,0],[-200,0],[-400,10],[-170,0],[-200,0],[-160,-10],[-100,0],[-90,0],[-210,0],[-80,0],[-220,0],[-140,0],[-80,0],[-100,0],[-220,10],[-190,0],[-190,-30],[-150,-20],[-190,-70],[-270,-110],[-130,-40],[-340,-90],[-140,-30],[-160,-40],[-110,-20],[-260,-30],[-180,0],[-110,0],[-490,30],[-430,20],[-570,30],[-220,10],[-210,10],[-100,10],[-230,30],[-290,30],[-550,80],[-130,20],[-280,60],[-270,50],[-230,40],[-250,50],[-60,10],[-210,20],[-140,10],[-170,0],[-120,-10],[-90,0],[-200,-40],[-310,-80],[-210,-60]],[[-84322910,34021360],[350,-100],[200,-50],[70,-10],[270,-60],[260,-60],[210,-50],[480,-110],[50,-10],[450,-100],[340,-80],[270,-60],[290,-40],[120,10],[410,-100],[360,-90],[240,-60],[140,-30],[300,-70],[90,-20],[100,-20],[340,-80]],[[-84237100,33721420],[-270,-500],[-450,-760],[-260,-510],[-260,-520],[-230,-500],[-210,-460],[-100,-230],[-220,-460],[-120,-230],[-210,-390],[-150,-250],[-160,-240],[-160,-250],[-90,-120],[-90,-120],[-120,-160],[-60,-70],[-190,-230],[-290,-320],[-300,-330],[-140,-140],[-380,-340],[-800,-710],[-850,-760],[-600,-570],[-390,-370],[-360,-350],[-250,-260],[-190,-210],[-350,-420],[-610,-790],[-230,-310],[-130,-200],[-160,-210],[-340,-430],[-830,-1030]],[[-84642500,33797650],[-240,-250],[-180,-170],[-50,-40],[-60,-40],[-100,-60],[-470,-230]],[[-84264290,33911640],[-210,-230],[-90,-90],[-30,-40],[-80,-80],[-120,-130],[-100,-90],[-50,-60],[-60,-60],[-50,-50],[-160,-170],[-140,-140],[-100,-110],[-110,-110],[-160,-170],[-210,-210],[-80,-80],[-80,-100],[-310,-330],[-170,-180],[-220,-220],[-470,-420],[-190,-180],[-60,-50],[-30,-30],[-510,-430],[-180,-150],[-250,-210],[-180,-150],[-320,-260],[-70,-60],[-60,-50],[-100,-80],[-30,-30],[-150,-120],[-160,-130],[-200,-160],[-100,-80],[-60,-50],[-280,-230],[-20,-20],[-340,-280],[-150,-120],[-280,-230],[-190,-150],[-230,-110],[-150,-140],[-50,-50],[-150,-130],[-180,-160],[-270,-220],[-80,-70],[-100,-80],[-60,-50],[-140,-120],[-120,-90],[-210,-180]],[[-84192160,34011270],[-230,-1170],[-70,-390],[-50,-270],[-100,-400],[-110,-370],[-80,-220],[-60,-160],[-150,-380],[-350,-700],[-70,-150],[-340,-710],[-240,-500],[-160,-340],[-130,-270],[-190,-380],[-130,-270],[-250,-520],[-70,-150],[-190,-340],[-210,-350],[-140,-220],[-160,-230],[-40,-50],[-280,-400],[-760,-1080],[-210,-300],[-260,-290],[-400,-360],[-440,-350],[-350,-230],[-260,-160],[-260,-160],[-360,-210],[-310,-190],[-490,-330],[-180,-120],[-240,-160],[-440,-310],[-550,-350],[-240,-150],[-260,-170],[-220,-140],[-170,-100],[-270,-150],[-140,-90],[-370,-220],[-700,-430],[-140,-90],[-650,-400],[-310,-200],[-150,-110],[-280,-240],[-210,-210],[-40,-40],[-240,-270],[-210,-280],[-530,-790],[-70,-100],[-220,-320],[-510,-740],[-270,-370],[-60,-80],[-300,-390],[-400,-490],[-80,-100],[-80,-100],[-560,-690],[-270,-390],[-190,-290],[-300,-420],[-860,-1240],[-210,-300],[-130,-190],[-470,-680],[-330,-480],[-180,-270],[-210,-300],[-180,-270],[-330,-480],[-220,-300],[-50,-80],[-140,-210]],[[-84378240,33807030],[-580,-360],[-380,-170],[-380,-150],[-390,-150],[-590,-220],[-200,-80],[-200,-90],[-190,-90],[-380,-200],[-370,-220],[-70,-50],[-280,-190],[-320,-240],[-480,-380],[-840,-710],[-180,-150],[-210,-160],[-120,-90],[-340,-280],[-1080,-910],[-310,-250],[-320,-230],[-480,-320],[-340,-190],[-420,-200],[-300,-140],[-600,-260],[-290,-120],[-270,-100],[-750,-310],[-520,-220],[-470,-240],[-470,-280],[-390,-290],[-240,-210],[-240,-230],[-140,-190],[-210,-270],[-70,-120],[-80,-130],[-140,-280],[-10,-20],[-90,-260],[-30,-200],[0,-220],[50,-250],[50,-120],[120,-220],[180,-190],[100,-90],[240,-160],[270,-120],[300,-80],[310,-40],[40,0],[460,-30],[740,-20],[340,-10]],[[-84247350,33774900],[-230,170],[-140,90],[-120,80],[-60,30],[-130,40],[-130,30],[-140,10],[-160,-20],[-460,-110],[-450,-120],[-150,-40],[-430,-100],[-150,-40],[-460,-120],[-210,-50],[-210,-60],[-630,-140],[-930,-220],[-100,-20],[-610,-150],[-660,-160],[-370,-100],[-210,-50],[-450,-100],[-250,-30],[-220,-20],[-280,-50],[-80,-20],[-260,-40],[-190,-80]],[[-84499850,33695310],[20,120],[20,110],[50,240],[70,310],[30,150],[40,180],[40,160],[50,200],[60,200],[70,240],[100,310],[80,220],[180,540],[160,470],[200,590],[310,920],[170,510],[140,440],[80,250],[80,290],[100,420],[70,350],[50,270],[90,610],[60,540],[20,290],[20,330],[10,410],[0,350],[-10,370],[-20,310],[-20,280],[-30,280],[-40,300],[-50,350],[-50,290],[-60,310],[-60,270],[-70,280],[-60,230],[-90,300],[-80,260],[-130,390],[-110,310],[-110,280],[-110,270],[-100,230],[-100,220],[-120,250],[-130,250],[-770,1440],[-550,1020],[-280,510],[-280,530],[-260,510],[-180,370],[-170,380],[-100,240],[-110,280],[-90,250],[-70,200],[-110,340],[-70,230],[-80,280],[-70,260],[-60,270],[-120,600],[-60,380],[-50,380],[-50,480]],[[-84247860,33899000],[-380,-250],[-1260,-800],[-800,-500],[-460,-280],[-840,-510],[-570,-360],[-960,-590],[-1160,-720],[-1820,-1130],[-1130,-700],[-730,-440],[-100,-60],[-170,-110],[-290,-180],[-280,-170],[-410,-250],[-150,-100],[-450,-280],[-260,-160],[-430,-270],[-740,-460],[-720,-450],[-460,-280],[-500,-310],[-620,-380],[-460,-270],[-540,-340],[-400,-260],[-130,-90],[-280,-210],[-170,-140],[-310,-270],[-80,-80],[-280,-280],[-140,-130],[-100,-110],[-70,-80],[-380,-470]],[[-84411380,33696550],[100,0],[60,0]],[[-84363850,33532540],[-20,120],[-60,310],[-50,250],[-30,150],[-40,210],[-70,400],[-70,370],[-160,840],[-100,510],[-80,410],[-50,200],[-140,470],[-110,360],[-180,540]],[[-84777340,33742610],[700,160],[430,80]],[[-84249000,33715620],[2290,-280],[1480,-200],[420,-60],[870,-110],[620,-70],[130,-10],[660,-90],[1350,-170],[190,-20],[820,-110],[1070,-130],[370,-50],[270,-30],[210,-30],[230,-30],[1080,-140],[1610,-200]],[[-84415890,33667770],[200,470],[90,250],[120,380],[410,1320],[480,1500],[120,390],[330,1020],[430,1350],[350,1090],[380,1190],[200,600],[280,900]],[[-84410960,33631380],[1040,340],[580,180],[290,80],[640,170],[950,230]],[[-84275950,33712710],[810,160],[730,150],[1400,280],[850,160],[720,150],[2840,570],[1840,360]],[[-84423950,33663010],[1500,590],[710,270],[430,160],[690,260],[230,80],[320,130],[750,280]],[[-84365010,33537680],[-160,430],[-40,90],[-100,240],[-50,120],[-80,170],[-60,130],[-90,200],[-90,190],[-30,50],[-50,90],[-120,230],[-60,110],[-80,180],[-70,120],[-90,180],[-150,300],[-140,270],[-410,800],[-510,1000],[-190,350],[-330,650],[-80,150],[-60,120],[-80,160],[-150,280],[-120,240],[-60,120],[-30,70],[-80,190],[-30,60],[-120,260],[-40,80]],[[-84305460,33715050],[1140,-20],[2020,-20],[980,-10]],[[-84515620,33614900],[-780,-410],[-120,-60],[-160,-80],[-250,-120],[-180,-90],[-240,-110],[-340,-180],[-1080,-540],[-770,-380],[-280,-140],[-340,-170]],[[-84911850,33724450],[940,220]],[[-84711360,33752890],[-190,-70],[-190,-70],[-460,-180],[-320,-130],[-350,-150],[-360,-160],[-440,-210],[-470,-240],[-500,-280],[-520,-300],[-370,-230],[-360,-240],[-480,-340],[-680,-510],[-210,-170],[-250,-210],[-390,-340],[-130,-120],[-230,-220],[-270,-260],[-290,-280],[-390,-390]],[[-84230600,33740470],[-80,-850],[-200,-2430],[-170,-2100],[-30,-390],[-100,-1190]],[[-84432240,33619080],[280,150],[280,150],[130,70],[1000,580],[100,60],[910,510],[490,270],[520,280],[530,300],[260,150],[110,60],[320,180],[200,110],[470,270],[1020,590],[630,360],[520,290],[260,140],[280,160]],[[-84422050,33624840],[300,190],[1060,650],[760,490],[190,120],[170,110],[660,430]],[[-84251170,33884730],[80,-130],[70,-120],[110,-200],[70,-130],[50,-100],[100,-230],[100,-240],[90,-200],[130,-330],[170,-510],[40,-150],[50,-190],[70,-310],[40,-220],[60,-390],[20,-140],[10,-110],[10,-70],[10,-130],[20,-320],[10,-310],[0,-610],[0,-670],[0,-120],[0,-290],[0,-420]],[[-84452600,33617510],[1260,-180],[220,-30],[870,-140],[200,-30],[240,-30],[230,-40],[630,-90],[770,-120],[790,-110],[230,-30],[1460,-210],[710,-100],[340,-50],[510,-70],[400,-50],[350,-40],[400,-30],[240,-10],[500,10]],[[-84658010,33767280],[430,100],[760,170],[1610,340],[2220,460],[830,170],[210,50],[1440,300],[1610,340],[630,130],[2900,600],[1750,360]],[[-84717810,33748840],[190,170],[230,200],[210,180],[310,250],[190,150],[320,240],[550,390],[270,180],[250,170],[250,160],[310,180],[310,170],[290,160],[270,140],[430,210],[270,130],[300,140],[250,110],[300,130],[210,90],[170,70],[160,60],[80,30]],[[-84769280,33917480],[-160,-70],[-420,-180],[-660,-340],[-450,-240]],[[-84311900,33858050],[-20,-400],[-10,-260],[-30,-120],[-50,-260],[-30,-100],[-30,-100],[-100,-290],[-50,-150],[-130,-380],[-80,-230],[-30,-70],[-60,-160],[-100,-270],[-80,-140],[-160,-180],[-210,-210],[-370,-380],[-110,-110],[-130,-150],[-110,-120],[-150,-260],[-210,-370],[-100,-200],[-90,-190],[-290,-570],[-80,-150],[-150,-260],[-110,-210],[-160,-310],[-20,-50],[-150,-400],[-130,-500],[-60,-340],[0,-220],[0,-160],[0,-40],[0,-230],[-10,-280],[0,-50],[0,-30],[-10,-500],[0,-70],[10,-410],[20,-320],[20,-300],[30,-410],[20,-180],[30,-230],[40,-360],[50,-400],[50,-370],[60,-330],[30,-180],[30,-130],[20,-130],[20,-100],[20,-100],[20,-90],[50,-190],[20,-50],[30,-120],[30,-100],[30,-90],[40,-110],[170,-360],[40,-90],[100,-230],[170,-340],[90,-170],[70,-150],[100,-190],[180,-370],[20,-40],[90,-190],[80,-170],[70,-150]],[[-84234010,34058690],[-730,200],[-590,160],[-850,240],[-930,230],[-270,70],[-630,150],[-80,20],[-370,100],[-550,140],[-720,170],[-420,110],[-290,70],[-560,140],[-260,60],[-140,40],[-250,60],[-240,60],[-500,120],[-270,70],[-340,80],[-380,100],[-50,20],[-320,90],[-520,170],[-210,80],[-240,80],[-340,120],[-240,80],[-360,120],[-280,110],[-160,60],[-180,80],[-350,130],[-410,150],[-230,90],[-170,60],[-290,110],[-280,110],[-140,50],[-1120,420],[-180,70],[-150,60],[-1220,460],[-590,220],[-420,160],[-340,130],[-240,90],[-500,200],[-80,30],[-790,290],[-690,250],[-1570,600],[-610,220],[-430,170],[-680,260],[-410,150],[-530,200],[-440,170],[-20,10],[-180,70],[-330,120],[-400,150],[-320,120],[-130,50],[-690,280],[-170,60],[-590,200],[-430,140],[-150,40],[-440,130],[-590,150],[-470,100],[-380,70],[-280,50],[-320,50],[-280,40],[-320,40],[-390,30],[-290,30],[-510,30],[-920,30],[-410,0],[-80,0],[-440,-10],[-280,-10],[-390,-30],[-330,-20],[-540,-30]],[[-84456950,33636040],[10,50],[20,100],[80,350],[60,230],[50,190],[80,260],[60,180],[60,140],[60,140],[100,200],[120,200],[120,200],[140,210],[140,200],[170,210],[160,190],[340,360],[180,190],[180,180],[90,90]],[[-84339180,33920630],[10,-220],[10,-160],[10,-60],[20,-70],[50,-200],[60,-180],[110,-270]],[[-84642500,33797650],[250,340],[140,170],[200,270],[150,210],[130,180],[80,110],[40,60],[40,60],[220,300],[160,210],[390,520],[270,370],[210,250],[670,810],[810,890],[620,660],[110,110],[220,250],[240,290],[40,60],[340,450],[170,240],[30,60],[120,230],[80,150],[10,30],[50,140],[40,110],[70,220],[20,80],[40,290],[50,580],[30,510],[10,180],[10,90],[30,400],[0,30],[10,200],[0,50],[10,70],[0,50],[10,180],[10,170],[20,240],[30,450],[10,150],[0,60],[10,130],[0,50],[10,180],[10,70],[0,80],[-10,190],[-30,410],[0,90],[-10,110],[-30,200],[-30,150],[-20,110],[-30,140],[-50,270],[-10,110],[0,110],[10,120],[40,140],[70,140],[60,90],[110,110],[110,70],[90,60],[250,110],[340,130],[270,100],[90,30],[140,50],[150,50],[140,50]],[[-84612490,33691240],[200,-60],[280,-90],[540,-160],[520,-150],[750,-210],[410,-110],[390,-100],[3010,-830],[3150,-780],[1650,-430],[870,-230],[400,-80],[660,-80],[650,20],[290,20],[290,60],[460,140],[320,130],[550,210],[1030,430],[90,40],[770,320],[150,60],[540,270],[120,60],[310,180],[480,360],[350,280],[360,280],[50,40],[170,140],[340,280],[1540,1260],[500,410],[680,560],[430,350],[410,330],[570,460],[180,150],[40,30],[330,280],[530,460],[470,410],[660,530],[540,370],[210,150],[360,240],[240,160],[320,160],[620,300],[260,120],[140,50],[110,40],[260,110],[300,120],[260,110],[100,40],[220,80],[120,40],[530,120],[440,90],[470,90],[490,70],[410,40],[280,30],[110,10],[210,20],[180,10],[80,10],[90,10],[340,30],[80,10],[400,50],[210,20],[220,30],[60,10]],[[-84262870,33822620],[-180,-180],[-50,-50],[-60,-70],[-120,-130],[-60,-80],[-30,-30],[-80,-90],[-90,-140],[-120,-170],[-180,-260],[-100,-150],[-120,-190],[-70,-120],[-200,-290],[-20,-40],[-70,-100],[-90,-130],[-40,-50],[-40,-60],[-80,-100],[-90,-110],[-60,-70],[-30,-30],[-100,-100],[-60,-70],[-110,-120],[-60,-60],[-60,-50],[-100,-90],[-40,-30],[-70,-50],[-80,-70],[-60,-50],[-40,-30],[-180,-130],[-140,-120],[-290,-180],[-200,-130],[-250,-170],[-160,-130],[-110,-100],[-190,-170],[-190,-190],[-280,-340],[-120,-180],[-20,-30],[-100,-170],[-90,-190],[-100,-240],[-50,-120],[-110,-250],[-50,-100],[-150,-290],[-100,-190],[-200,-320],[-140,-210],[-120,-190],[-340,-470],[-50,-70],[-50,-60],[-100,-120],[-220,-270],[-50,-50],[-390,-460],[-60,-70],[-400,-460],[-190,-250],[-70,-80],[-160,-180],[-100,-120],[-70,-80],[-30,-40],[-70,-80],[-110,-140],[-150,-180],[-90,-110],[-320,-370],[-220,-270],[-300,-330],[-110,-140],[-60,-70],[-70,-80]],[[-84373350,33578140],[-20,80],[-40,90],[-70,130],[-90,160],[-90,170],[-80,140]],[[-84362320,33818230],[-300,-580],[-120,-230],[-120,-210],[-170,-280],[-140,-210],[-130,-190],[-150,-190],[-230,-260],[-470,-480],[-540,-520],[-320,-280],[-560,-450],[-560,-390],[-500,-340],[-120,-70],[-50,-30],[-50,-30],[-330,-190],[-570,-290],[-590,-270],[-590,-260],[-510,-200],[-930,-330],[-320,-110],[-360,-130],[-270,-90],[-300,-110],[-80,-30],[-50,-20],[-420,-140],[-880,-320]],[[-84582450,33543960],[-480,-210],[-220,-100],[-240,-100],[-440,-200],[-640,-290],[-620,-290],[-500,-250],[-500,-260],[-790,-410],[-300,-160],[-390,-220],[-510,-300],[-640,-380],[-890,-510],[-1910,-1120],[-1810,-1070],[-1750,-1020],[-1380,-810],[-640,-370],[-930,-550],[-2240,-1310],[-1710,-1010],[-2020,-1180],[-670,-390],[-680,-380],[-580,-310],[-420,-220],[-420,-210],[-630,-310],[-340,-160],[-620,-280],[-1300,-570],[-1300,-570],[-580,-250],[-580,-260],[-910,-410],[-410,-190],[-400,-190],[-530,-270],[-550,-290],[-610,-330],[-610,-340],[-570,-330],[-550,-340],[-610,-390],[-570,-370],[-1970,-1290],[-880,-570],[-590,-390],[-820,-530],[-640,-420],[-650,-430],[-410,-270],[-420,-300],[-400,-290],[-400,-310],[-410,-340],[-390,-340],[-390,-360],[-290,-290],[-220,-230],[-250,-280],[-170,-190],[-180,-210],[-170,-200],[-180,-220],[-160,-200],[-180,-240],[-220,-310],[-230,-340],[-150,-230],[-320,-510],[-430,-680],[-480,-760],[-1200,-1920]],[[-84365240,33537650],[140,-400],[100,-300],[80,-250],[90,-370],[90,-360],[170,-820],[50,-280],[110,-560],[60,-340],[40,-170],[10,-70],[50,-230]],[[-84101500,33702460],[120,0],[330,-10],[830,0],[50,0],[610,-30],[430,-30],[200,-10],[290,-30],[290,-40],[260,-30],[970,-140],[1130,-170],[550,-70]],[[-84643620,33770300],[830,170],[440,90],[1350,290],[1520,320],[1630,340],[830,170],[1510,320],[240,50],[6290,1310],[3990,840],[3080,640],[1860,390],[970,200],[540,110],[520,110],[620,130],[190,40],[1370,290],[440,90],[480,100],[220,50],[310,60],[460,80],[420,70],[390,60],[480,70],[680,80],[620,60],[600,50]],[[-83807540,34282000],[540,800],[330,550],[120,230],[100,180],[80,150],[280,570],[240,480],[70,140],[90,180],[260,450],[330,570]],[[-84247650,33707670],[-450,-570],[-200,-270],[-1280,-1660],[-600,-780],[-420,-540],[-310,-410],[-290,-380],[-340,-440],[-430,-520],[-210,-230],[-210,-210],[-260,-240],[-210,-180],[-240,-200],[-210,-160],[-220,-150],[-260,-170],[-420,-250],[-410,-220],[-290,-140],[-320,-140],[-300,-120],[-330,-120],[-470,-160],[-280,-80],[-250,-60],[-170,-40],[-270,-60],[-320,-60],[-400,-60],[-350,-40],[-240,-20],[-470,-20],[-670,-10],[-350,0]],[[-84371940,33573060],[-10,-200],[0,-150],[-20,-510],[-10,-140],[-10,-160],[-10,-230],[0,-70],[-10,-260],[-10,-250],[0,-140],[0,-140],[0,-110],[0,-340],[0,-140],[0,-240],[10,-140],[20,-190],[30,-240],[10,-130],[30,-240],[110,-730],[30,-180],[70,-510],[30,-190],[20,-150],[30,-240],[100,-690],[90,-600],[30,-210],[20,-130],[30,-300],[20,-230],[10,-180],[0,-540],[-20,-690],[-20,-250],[-20,-390],[-10,-180],[-10,-350],[-10,-270],[-10,-620],[-10,-150],[0,-140],[0,-380],[30,-550],[30,-260],[70,-510],[30,-270],[40,-350],[50,-330],[40,-250],[20,-140],[40,-270],[20,-170],[70,-520],[40,-290],[20,-180],[70,-540],[80,-540],[90,-730],[30,-210],[30,-190],[30,-220],[20,-190],[10,-90],[10,-80],[10,-120],[20,-180],[20,-110],[30,-180],[10,-60],[60,-410],[20,-210],[20,-160],[30,-210],[70,-560],[50,-380],[50,-360],[50,-360],[20,-120],[20,-190],[60,-470]],[[-84658330,33704230],[100,-110],[130,-140],[230,-230],[160,-160],[170,-160],[350,-280],[470,-340],[460,-300],[640,-390],[370,-210],[410,-250],[190,-100],[140,-40],[670,-410],[650,-400],[220,-140],[700,-450],[250,-150],[530,-330],[330,-220],[140,-90],[880,-570],[470,-280],[830,-510],[600,-380],[740,-490],[390,-250],[820,-490],[570,-340],[410,-230],[440,-230],[170,-90],[530,-260],[820,-360],[740,-300],[690,-260],[120,-40],[540,-200],[610,-200],[470,-130],[70,-20],[240,-50],[650,-140],[840,-140],[670,-60],[500,-20],[380,-10],[1310,-30],[120,0],[250,0],[790,-20],[1000,-20],[590,-10],[1070,-20],[440,-10],[240,0],[310,-10],[310,0],[350,-10],[220,-10],[480,-10],[400,-10],[470,-20],[290,-20],[390,-20],[600,-20],[140,-10],[820,-30],[380,-20],[240,-10],[270,-10],[30,0],[170,-10],[250,-10],[560,-20],[700,-30],[700,-10],[460,-10],[70,0],[910,-20],[240,-10],[230,0],[280,-10],[390,-10],[210,0],[420,-10],[1160,-30],[220,0],[720,-20],[230,-10],[300,-20],[430,-60],[350,-60],[380,-100],[410,-160],[530,-200],[900,-350],[440,-160],[240,-100]],[[-84747470,33751690],[1220,490],[180,70],[170,70],[210,90],[180,70],[800,320],[280,110],[850,350],[370,150],[290,120],[280,110],[120,50],[400,160],[330,120]],[[-84349450,33724000],[0,-110],[0,-50],[0,-170],[0,-140],[0,-150],[0,-160],[0,-100],[10,-200],[-10,-310],[0,-280],[-10,-520],[0,-230],[-10,-180],[0,-70],[-10,-750],[0,-140],[0,-180],[-10,-280],[0,-110],[0,-150],[0,-300],[0,-140],[0,-140],[0,-90],[0,-150],[0,-190],[0,-120],[0,-110],[0,-140],[0,-170],[0,-100],[0,-100],[0,-80],[0,-90],[0,-70],[-10,-350],[0,-150],[0,-170],[0,-50],[10,-210],[0,-140],[0,-200],[0,-210],[0,-120],[0,-160],[0,-130],[10,-350]],[[-84419060,33627020],[-810,-510],[-490,-320],[-260,-170],[-700,-430],[-1150,-700],[-520,-310],[-970,-550]],[[-84496130,33656170],[90,-30],[200,-70],[260,-100],[220,-90],[220,-100],[270,-130],[520,-300],[140,-80],[290,-170],[250,-150],[390,-240],[420,-260],[860,-520],[440,-280],[420,-240],[440,-220],[460,-180],[470,-130],[410,-80],[190,-30],[250,-30],[170,-30],[370,-60]],[[-84270830,33699070],[-420,0],[-2730,30],[-650,0],[-530,-10],[-410,-20],[-460,-30],[-510,-40],[-650,-70],[-380,-50],[-690,-110],[-340,-60],[-680,-140],[-790,-190],[-410,-120],[-510,-150],[-440,-140],[-540,-190],[-420,-160],[-890,-360],[-200,-80],[-1200,-500],[-1800,-740],[-1490,-620],[-880,-360],[-870,-360],[-1110,-460],[-920,-380],[-1850,-760],[-1030,-430],[-1720,-700],[-810,-340],[-690,-290],[-1960,-810],[-1500,-620],[-620,-250],[-540,-240],[-370,-170],[-270,-140],[-380,-200],[-540,-320],[-310,-200],[-370,-250],[-350,-260],[-330,-250],[-470,-350],[-570,-430],[-720,-540],[-590,-440]],[[-84362070,33850420],[-340,-370],[-240,-240],[-90,-100],[-140,-100],[-50,-30],[-380,-190],[-560,-210],[-130,-40],[-140,-60],[-160,-60],[-240,-40],[-90,-10],[-30,0],[-80,-10],[-250,10],[-230,30],[-200,10],[-310,-60],[-190,-50],[-100,-30],[-160,-90],[-160,-110],[-90,-70],[-260,-250],[-120,-120],[-110,-120],[-140,-150],[-320,-320],[-290,-280],[-250,-320],[-170,-200],[-60,-80],[-120,-220],[-120,-230],[-60,-210],[-80,-240],[-70,-170],[-60,-150],[-80,-110],[-60,-90],[-190,-220],[-250,-130],[-270,-150],[-90,-70],[-140,-80],[-110,-60],[-170,-90],[-170,-100],[-170,-90],[-260,-140],[-100,-50],[-350,-180]],[[-84741790,33753970],[410,170],[130,50],[230,100],[530,220],[380,180],[180,90],[340,170],[350,190],[1050,570],[970,650],[620,420],[240,160],[260,170],[580,380],[790,500],[280,200],[430,280],[210,130],[470,310],[330,210],[360,230],[130,90],[720,460],[320,210],[350,220],[270,160],[460,240],[260,120],[230,110],[490,190],[600,210],[220,80],[120,40],[270,100],[670,240],[290,100],[280,100],[310,110],[630,210],[1000,360],[330,120],[300,100],[220,80],[500,170],[520,180],[400,140],[420,150],[540,190],[1050,380],[430,160],[130,60],[640,310],[310,170],[160,90],[320,200],[150,100],[220,160],[90,60],[290,230],[120,100],[30,30],[350,300],[120,120]],[[-84845520,33914980],[120,-50],[70,-30],[110,-50],[80,-40],[190,-100],[170,-90],[150,-90],[150,-100],[200,-130],[180,-130],[320,-230],[240,-180],[1550,-1140],[390,-290],[460,-340],[220,-150],[620,-470],[520,-380],[680,-500],[990,-730],[470,-350],[770,-560],[210,-150],[120,-80],[80,-50],[200,-120],[180,-100],[170,-90],[160,-80],[170,-80],[160,-70],[180,-70],[260,-90],[180,-60],[130,-40],[110,-30],[160,-40],[190,-40],[190,-40],[160,-30],[130,-20],[140,-20],[70,-10],[180,-20],[110,-10],[220,-20],[220,-10],[310,-10],[460,20],[530,50],[530,100],[660,130],[1360,280],[320,70],[300,60],[1210,250],[650,140],[250,50]],[[-84824130,33908890],[270,0],[70,0],[290,-20],[470,-70],[240,-30],[210,-40],[470,-110],[480,-160],[490,-200],[490,-230],[90,-40],[670,-330],[550,-270],[350,-170],[1080,-530],[790,-390],[1240,-600],[500,-240],[880,-440],[1160,-560],[820,-400],[390,-190],[870,-430],[330,-160],[300,-150],[420,-200],[340,-170],[350,-170],[280,-130],[90,-40],[120,-50],[100,-40],[110,-40],[170,-60],[120,-40],[150,-50],[130,-40],[180,-50],[130,-30],[140,-30],[160,-30],[160,-30],[180,-30],[140,-20],[180,-20],[210,-20],[140,-10],[260,-10],[130,0],[260,0],[210,10],[160,10],[260,20],[280,30],[220,30],[500,100],[490,90],[690,130],[540,100],[110,20],[250,40],[160,20],[120,10],[100,10],[110,10],[140,10],[180,10],[260,10],[370,10],[1380,0],[2930,-10],[1090,-10],[730,0],[320,0],[380,0],[380,0],[310,-10],[70,0],[150,0],[440,0],[180,0],[240,0],[620,0],[790,-10],[610,0],[510,0],[410,-10],[120,0],[570,0],[680,0],[490,0],[500,0],[370,0],[280,0],[1060,-10],[370,0],[520,0],[510,0],[250,0],[440,0],[280,0],[90,0],[880,-10],[490,0],[500,0],[480,20]],[[-83952710,34137540],[460,420],[250,230],[760,690],[490,470],[580,540],[190,170],[970,920],[160,150],[340,310],[960,830],[880,670],[820,610]],[[-84314120,33681000],[-320,-240],[-310,-240],[-170,-130],[-610,-450],[-420,-320],[-490,-330],[-350,-260],[-430,-330],[-540,-420],[-140,-110],[-240,-180]],[[-84190150,34017890],[-100,-260],[-90,-290],[-170,-560],[-50,-140],[-210,-670],[-90,-390],[-120,-340],[-100,-280],[-60,-210],[-30,-100],[-70,-230],[-180,-590],[-200,-620],[-70,-270],[-210,-670],[-120,-390],[-140,-610]],[[-84363300,33522460],[20,470],[20,400],[10,260],[20,330],[20,580],[20,400],[40,810],[10,200],[30,550],[10,250],[10,490],[0,90],[0,130],[-10,340],[-20,470],[-10,160],[-10,190],[-10,80],[-80,520],[-100,540],[-90,490],[-70,400],[-40,210],[-30,190]],[[-84382530,33749810],[-270,-220],[-200,-140],[-150,-100],[-210,-130],[-100,-60],[-100,-60],[-130,-70],[-160,-80],[-190,-90],[-160,-70],[-200,-80]],[[-84318650,33839920],[-300,-60],[-260,-60],[-530,-140],[-390,-140],[-280,-110],[-300,-120],[-740,-330],[-790,-400],[-560,-300],[-560,-310],[-1220,-630],[-1210,-620],[-880,-460],[-610,-310],[-240,-120],[-170,-80],[-2280,-1030],[-1080,-470],[-1290,-550]],[[-84436130,33860830],[200,-230],[240,-270],[240,-240],[270,-290],[210,-220],[230,-250],[210,-240],[260,-300],[270,-320],[180,-220],[190,-240],[170,-230],[170,-250],[140,-220],[140,-230],[130,-230],[110,-200],[200,-410],[200,-470],[210,-590],[220,-680],[220,-670],[80,-240],[190,-620],[70,-250],[50,-190],[40,-160],[40,-230],[20,-160]],[[-84194820,33834490],[490,-140],[980,-260],[1120,-290],[610,-160],[750,-210],[320,-80],[210,-50],[140,-40],[250,-60],[700,-190],[1480,-390],[600,-150],[590,-160],[270,-80],[160,-40],[250,-60],[220,-60],[230,-70],[230,-70],[170,-50],[170,-50],[140,-40],[160,-50],[140,-40],[240,-80],[460,-160],[270,-100],[160,-60],[360,-140],[420,-170],[510,-220],[530,-240],[470,-230],[260,-130],[480,-250],[440,-240],[420,-240],[320,-200],[470,-290],[270,-180],[220,-150],[420,-290],[430,-320],[400,-310],[430,-340],[430,-360],[420,-370],[400,-380],[390,-390],[560,-610],[360,-420],[360,-430],[330,-400],[80,-100],[170,-220],[110,-140],[240,-300],[260,-330],[120,-140],[120,-140],[110,-120],[180,-180],[130,-120],[130,-110]],[[-84602070,33776770],[-200,10],[-140,10],[-280,20],[-140,10],[-170,10],[-2570,170],[-180,10],[-1390,90],[-730,30],[-800,20],[-880,-20],[-550,-20],[-350,-10]],[[-84780410,33902440],[280,20],[140,10],[140,0],[130,0],[150,0],[200,0],[150,0],[210,0],[150,140],[-10,240]],[[-84246800,33818170],[160,80],[570,300],[540,310],[700,380],[520,270],[630,340],[310,170],[690,360],[630,330],[360,190],[260,140],[180,100],[140,70],[210,110],[380,200],[280,140],[400,210],[340,180],[320,160],[260,130],[200,100],[480,230],[430,220],[380,190],[370,190],[290,150]],[[-84343870,34035970],[-100,-150],[-180,-200],[-110,-100],[-70,-70],[-240,-170],[-190,-120],[-120,-70],[-170,-70],[-410,-140],[-200,-50],[-390,-110],[-260,-70],[-120,-30],[-190,-50],[-220,-50],[-80,-20],[-320,-80],[-70,-20],[-190,-60],[-140,-40],[-70,-20],[-120,-30],[-240,-50],[-130,-50],[-180,-60],[-120,-40],[-260,-100],[-110,-70],[-150,-90],[-150,-110],[-60,-40],[-100,-80],[-80,-60],[-280,-200],[-180,-140],[-40,-30],[-180,-120],[-100,-70],[-60,-50],[-50,-40],[-170,-100],[-40,-30],[-210,-140],[-90,-50],[-350,-200],[-50,-30],[-410,-230],[-50,-30],[-90,-50],[-150,-80],[-80,-50],[-130,-70],[-70,-40],[-310,-180],[-160,-90],[-260,-150],[-180,-110],[-60,-30],[-230,-140],[-50,-30],[-90,-50],[-140,-90],[-120,-70],[-190,-120],[-40,-20],[-220,-140],[-370,-220],[-50,-30],[-130,-80],[-140,-90],[-240,-150],[-70,-40],[-200,-120],[-160,-100],[-270,-160],[-300,-190],[-220,-130]],[[-84411730,33741190],[190,-20],[180,-20],[220,-20],[180,-20],[260,-30],[210,-20],[230,-20],[150,-10],[190,-10],[260,-10],[320,0],[330,0],[280,10],[170,10],[130,10],[280,30],[240,30],[270,40],[170,30],[260,50],[240,50],[180,40],[210,50]],[[-84418910,33626830],[320,240],[220,160],[180,120],[150,90],[1030,680],[1760,1140],[600,380],[640,370],[280,150],[520,270],[710,330],[330,150],[370,150],[310,120],[530,200]],[[-84276150,33574680],[-1470,2850],[-140,280],[-120,240],[-540,1070],[-210,420],[-230,470],[-150,380],[-180,430],[-320,820]],[[-84215350,33718590],[10,-330],[0,-90],[-10,-190],[-20,-220],[-40,-280],[-10,-70],[-20,-120],[-70,-530],[-10,-80],[-10,-40],[-60,-340],[-50,-390],[-40,-180],[-20,-100],[-30,-180],[-20,-110],[-60,-300],[-40,-170],[-70,-170],[-80,-150],[-70,-110],[-170,-250],[-50,-70],[-80,-130],[-110,-160],[-30,-50],[-180,-280],[-70,-110],[-80,-120],[-30,-50],[-50,-80],[-60,-100],[-70,-150],[-100,-230],[-70,-250]],[[-84576280,33699450],[90,20],[310,140],[120,50],[260,140],[290,160],[810,420],[120,60],[980,470],[280,130],[370,160],[250,110],[480,170],[630,150],[490,80],[350,30],[340,30],[160,0],[520,10],[360,-20],[290,-20],[130,-20],[80,-10],[280,-30],[780,-80],[540,-60],[250,-20],[170,-10],[260,30],[190,30],[290,50],[190,70],[240,100],[280,150],[540,380],[70,80],[290,320],[240,260],[270,330],[250,310],[160,200],[450,570],[30,30],[130,170],[80,100],[120,160],[200,270],[240,320],[30,50],[180,260],[140,200],[180,250],[180,260],[40,60],[200,270],[110,160],[160,220],[120,180],[100,120],[100,120],[150,140],[180,160],[260,170],[330,170],[190,80],[170,30],[170,40],[150,60],[140,80],[110,70],[100,50],[90,30],[70,0]],[[-84295350,33607270],[-40,180],[-10,50],[-10,60],[-330,2040],[-340,2090],[-250,1520],[-130,770],[-110,660],[-160,880],[-150,830]],[[-83947780,34142420],[-760,-660],[-980,-890],[-690,-650],[-180,-170],[-560,-550],[-560,-520],[-180,-170],[-340,-290],[-520,-480]],[[-84251020,33809320],[20,-250],[70,-500],[80,-510],[170,-1350]],[[-84425850,33911660],[680,590],[140,120],[250,200],[170,130],[120,90],[110,80],[340,230],[270,180],[260,160],[330,200],[250,140],[390,210],[360,180],[220,110],[260,120],[310,130],[450,180],[690,250],[520,170],[370,110],[710,180],[500,110],[460,80],[390,60],[740,100],[310,30],[330,30],[340,20],[380,20],[580,10],[460,0],[350,-10],[460,-10],[350,-10]],[[-84231180,33733510],[-10,-150],[-30,-330],[-50,-520],[-20,-230],[-30,-440],[-30,-350],[-30,-420],[-50,-340],[-80,-460],[-90,-380],[-90,-330],[-120,-370],[-110,-310],[-90,-230],[-60,-140],[-100,-230],[-270,-530],[-70,-130],[-130,-220],[-130,-210],[-150,-220],[-270,-390],[-310,-420],[-100,-130],[-190,-250],[-280,-370],[-340,-430],[-180,-230],[-340,-440],[-60,-80],[-300,-360],[-310,-390],[-470,-620],[-470,-650],[-270,-350],[-290,-440]],[[-84210650,33851730],[-110,-30],[-40,-10],[-200,-50],[-230,-70],[-110,-30],[-100,-30],[-190,-50],[-110,-30],[-210,-60],[-200,-50],[-190,-50],[-240,-70],[-280,-80],[-320,-90],[-320,-90]],[[-84350260,33981420],[20,-270],[10,-230],[-20,-140],[-30,-230],[-40,-230],[-60,-230],[-40,-150],[-30,-90],[-190,-490],[-90,-220],[-430,-970],[-30,-70],[-130,-290],[-160,-360],[-130,-270],[-180,-360],[-200,-440],[-160,-280],[-70,-90],[-180,-230],[-130,-130],[-150,-120],[-270,-190],[-180,-90],[-170,-80],[-50,-20],[-270,-120],[-210,-70]],[[-84407460,33632380],[940,210],[630,120],[960,150],[320,40],[310,30],[510,40],[460,20],[350,10],[320,0],[390,0],[330,-10],[420,-30],[430,-40],[160,-10],[110,-10],[280,-30],[520,-70],[460,-80],[190,-40],[260,-50],[440,-100],[380,-90],[480,-130],[600,-180],[990,-320],[800,-250]],[[-84344860,33745400],[880,-10],[1300,-30],[930,-10],[1550,-20],[330,-10],[620,-10],[860,-20],[440,-20]],[[-84344240,33977660],[-230,-490],[-360,-710],[-350,-750],[-490,-980],[-1380,-2770],[-330,-660],[-570,-1130],[-240,-480],[-780,-1550],[-430,-820],[-510,-880],[-480,-770],[-440,-680],[-550,-790],[-620,-890],[-930,-1350],[-380,-550],[-480,-680],[-460,-660],[-290,-430],[-570,-820],[-360,-520],[-240,-370],[-250,-410],[-250,-420],[-170,-330],[-230,-460],[-200,-440],[-200,-470],[-80,-210],[-80,-240],[-160,-490],[-140,-460],[-100,-390],[-100,-430],[-50,-260],[-40,-250],[-90,-620],[-40,-510],[-30,-440],[-10,-290],[-20,-330],[-60,-1190],[-50,-1140],[-30,-890],[-20,-550],[-30,-840],[-10,-690],[10,-790],[10,-360],[20,-970],[10,-260],[0,-110],[0,-110]],[[-84361870,33514610],[-340,410],[-170,230],[-160,240],[-210,360],[-190,350],[-160,360]],[[-84310950,33890530],[-120,-90],[-60,-50],[-370,-290],[-350,-280],[-610,-490],[-550,-430]],[[-84518220,33581000],[-200,-160],[-850,-690],[-530,-440],[-1220,-1000],[-390,-310],[-670,-560],[-1240,-1010],[-1800,-1470],[-900,-740],[-930,-760],[-680,-560],[-310,-260],[-370,-320],[-290,-260],[-340,-310],[-350,-330],[-660,-650]],[[-84336690,33473590],[-70,280],[-30,100],[-30,130],[-40,140],[-30,100],[-50,180],[-360,1270],[-100,360],[-60,200],[-170,640],[-50,190],[-110,420],[-180,690],[-310,1060],[-170,560],[-170,590],[-40,120]],[[-84488840,33628190],[-60,420],[-50,350],[-50,330],[-30,210],[-60,370],[-50,300],[-40,210],[-50,240],[-50,230],[-90,320],[-80,290],[-80,260],[-60,190],[-90,270],[-80,220],[-90,230],[-100,260],[-100,230],[-110,250],[-250,510],[-100,200],[-160,300],[-160,270],[-120,200],[-190,300],[-140,220],[-130,200],[-150,210],[-270,380],[-290,400],[-60,90],[-70,100],[-40,60],[-80,110],[-50,70],[-60,80],[-50,70],[-60,80],[-60,70],[-110,120],[-50,60],[-60,70]],[[-84336930,33473570],[80,-370],[20,-90],[20,-80],[50,-260],[100,-500],[60,-320],[100,-510],[40,-220],[220,-1150],[60,-350],[150,-690],[90,-530],[20,-120],[100,-480],[40,-200],[60,-330],[30,-210],[20,-90],[90,-430],[100,-400],[100,-300],[110,-290],[50,-120],[50,-110],[80,-150],[70,-130],[60,-160],[60,-110],[70,-110],[90,-150],[90,-130],[120,-160],[340,-420],[240,-240],[300,-280],[440,-360],[180,-140],[350,-280],[530,-430],[730,-580],[480,-380],[500,-440],[30,-30],[140,-130],[50,-40],[160,-170],[60,-70],[310,-310],[360,-410],[350,-440],[440,-620],[250,-390],[60,-100],[290,-500],[310,-630],[90,-200],[210,-500],[180,-510],[80,-280],[80,-250],[40,-120],[40,-160],[70,-260],[160,-570],[120,-440],[70,-260],[90,-330],[50,-180],[180,-650],[60,-210],[120,-410],[40,-160],[90,-340],[30,-110],[30,-100],[20,-80],[40,-160],[30,-110],[60,-240],[70,-240],[40,-130],[30,-110],[40,-150],[60,-190],[60,-210],[20,-80],[20,-80],[10,-30],[10,-30],[130,-450]],[[-84495090,33640850],[-420,730],[-80,140],[-70,120],[-60,140],[-210,440],[-200,460],[-160,400],[-170,450],[-160,480],[-90,280],[-240,830],[-140,610],[-100,480],[-80,450],[-80,520],[-50,380],[-30,310],[-60,860],[-20,920],[-10,840],[-10,1390],[0,350],[0,1040]],[[-84741790,33753970],[-330,-120],[-400,-160],[-120,-50],[-280,-110],[-290,-120],[-370,-150],[-850,-350],[-280,-110],[-800,-320],[-180,-70],[-210,-90],[-170,-70],[-180,-70],[-1220,-490]],[[-84497570,33660190],[0,420],[0,80],[10,580],[0,220],[0,250],[-10,1950],[0,820],[-20,1220],[-10,640],[-10,440],[-10,240],[-30,470],[-30,340],[-70,600],[-50,420],[-50,350],[-130,840],[-170,1140],[-50,310],[-60,390],[-220,1430],[-300,1910],[-360,2330],[-230,1490],[-90,580],[-110,740],[-60,460],[-50,460],[-30,350],[-40,480],[-20,330],[-40,630],[-10,170],[-10,220],[0,180],[0,160],[0,190],[-30,1060],[-10,630],[-10,560]],[[-84238110,33837490],[-250,-150],[-90,-60],[-110,-60],[-270,-170],[-170,-100],[-140,-80],[-130,-80],[-460,-280],[-440,-270],[-70,-40],[-460,-300],[-40,-30],[-630,-420],[-490,-360],[-610,-480],[-390,-330],[-340,-320],[-70,-70],[-280,-250],[-140,-130],[-520,-470],[-70,-60],[-330,-290],[-170,-130],[-190,-130],[-190,-130],[-220,-140],[-230,-150],[-590,-350],[-670,-390],[-280,-170],[-180,-130],[-430,-380],[-190,-160],[-90,-80],[-150,-140],[-120,-110],[-230,-220],[-110,-110],[-80,-70],[-390,-360],[-130,-40],[-100,-40],[-150,-120],[-150,-140],[-70,-50],[-130,-110],[-240,-180]],[[-84448400,33875960],[370,-360],[160,-150],[170,-170],[100,-100],[290,-280],[140,-140],[200,-190],[80,-80],[240,-230],[700,-700],[290,-310],[300,-310],[210,-220],[140,-150],[140,-170],[150,-180],[140,-180],[190,-260],[210,-310],[200,-320],[170,-290],[250,-450],[260,-480],[330,-610],[160,-280],[100,-170]],[[-84188150,33867370],[-310,40],[-140,20],[-150,10],[-70,10],[-40,0],[-90,20],[-70,10],[-100,0],[-270,0],[-220,-10],[-220,-20],[-200,-30],[-200,-50],[-310,-110],[-120,-40],[-320,-130],[-240,-100],[-640,-280],[-640,-260],[-510,-240],[-680,-290],[-1270,-540],[-420,-180],[-960,-410],[-600,-280],[-330,-170],[-140,-90],[-140,-90],[-190,-140],[-180,-170],[-190,-210],[-130,-160],[-850,-1080],[-590,-740],[-150,-180],[-450,-560],[-280,-300],[-210,-210],[-490,-440],[-390,-300],[-570,-390],[-1210,-710],[-380,-240],[-200,-130],[-150,-80],[-80,-50],[-310,-160],[-200,-90],[-160,-70],[-360,-150],[-210,-70],[-70,-30],[-470,-140],[-470,-130],[-300,-70],[-290,-50],[-320,-50],[-320,-70],[-180,-60],[-200,-70]],[[-84405000,33696920],[-20,-180],[-10,-130],[-10,-160],[-10,-220],[0,-90],[10,-150],[20,-160],[20,-150],[30,-150],[30,-140],[50,-180],[70,-190],[60,-150],[80,-180],[120,-220],[110,-190],[140,-220],[170,-240]],[[-84423960,33624030],[-1320,-740]],[[-83819390,34268090],[-600,-570],[-200,-200],[-190,-210],[-330,-450],[-160,-230],[-130,-250],[-80,-180],[-150,-330],[-70,-220],[-90,-300],[-100,-490],[-50,-570],[-30,-530],[-30,-530],[-40,-520]],[[-84290100,33793510],[-340,-210],[-70,-50],[-110,-70],[-190,-120],[-40,-30],[-300,-180],[-350,-210],[-110,-70],[-200,-120],[-20,-10],[-230,-140],[-170,-100],[-520,-320],[-170,-110],[-370,-220],[-140,-90],[-300,-180],[-260,-160],[-540,-330],[-900,-540],[-140,-90],[-260,-150],[-1070,-650],[-1200,-720],[-710,-440],[-540,-330],[-510,-290],[-330,-210],[-530,-330],[-250,-150],[-520,-310],[-730,-460],[-460,-290],[-240,-170],[-190,-130],[-70,-50],[-340,-270]],[[-84397710,33718400],[-100,-130],[-40,-60],[-110,-200],[-130,-230],[-130,-260],[-90,-190],[-90,-190],[-70,-160],[-60,-150],[-70,-200],[-200,-570],[-130,-370],[-40,-110],[-60,-150],[-130,-290],[-70,-150],[-50,-100],[-130,-240],[-100,-160],[-120,-180],[-150,-210],[-170,-220],[-280,-340],[-420,-530],[-170,-210],[-120,-150],[-120,-170],[-100,-150],[-190,-310],[-210,-350],[-60,-110],[-40,-80],[-70,-150],[-70,-160],[-70,-160],[-80,-190],[-90,-220],[-140,-360],[-220,-590],[-560,-1490],[-450,-1230],[-130,-390],[-60,-190],[-40,-140],[-60,-220],[-90,-350],[-90,-390],[-80,-440],[-70,-420]],[[-84400390,33628940],[-30,360],[-20,230],[-20,280],[-20,220],[-20,190],[-40,340],[-20,220],[-60,480],[-120,1020],[-20,160],[-60,460],[-20,170],[-70,530],[-10,60],[-20,130]],[[-84363560,33531010],[-30,190],[-30,190],[-100,550],[-70,330],[-60,270]],[[-84558270,33708650],[50,-40],[120,-50],[150,-30],[220,-30],[200,-30],[240,-60],[220,-60],[240,-100],[220,-100],[310,-180],[260,-160],[300,-140],[820,-490],[650,-380],[550,-320],[450,-260],[30,-20],[490,-280],[390,-230],[20,-10],[1200,-700],[70,-40],[360,-210],[460,-270],[320,-200],[180,-130],[260,-200],[300,-250],[300,-270],[490,-440],[250,-210],[740,-700],[340,-330],[500,-470],[130,-120],[120,-110],[220,-230],[170,-250],[40,-70],[70,-100],[160,-260],[110,-260],[130,-330],[80,-250],[200,-580]],[[-84674970,33660540],[-40,40],[-50,30],[-60,10],[-60,0]],[[-84077150,34118720],[280,-370],[250,-390],[220,-340],[120,-180],[290,-440],[240,-380],[40,-60],[310,-470],[170,-250],[200,-300],[250,-330],[220,-260],[260,-310],[150,-180],[350,-370],[330,-340],[270,-300],[260,-230],[150,-110],[200,-160],[260,-150],[210,-120],[340,-160],[420,-170],[350,-110],[340,-80],[240,-40],[580,-70],[610,-10],[1350,20],[890,0],[240,0],[360,-10],[530,-20],[2020,-50],[880,-30],[1560,-40],[1230,-40],[800,-20],[990,-30],[310,-10],[440,-20],[290,-20],[990,-40],[160,-10],[1270,-90],[300,-20],[570,-40],[1120,-70],[1030,-50],[430,-20],[290,-10],[930,-30],[1200,-30],[1870,-50],[2040,-50],[1290,-40],[690,-10],[240,-10],[90,0],[420,-10],[1140,-40],[270,-10],[790,-30],[420,-30],[330,-40],[310,-60],[40,-10],[280,-60],[280,-70],[230,-70],[460,-160],[410,-200],[270,-150],[300,-190],[50,-30],[640,-430],[650,-420],[340,-220],[300,-170],[180,-110],[250,-160],[310,-200],[250,-170],[700,-460],[460,-320],[130,-80],[270,-180],[160,-90],[300,-180],[70,-40],[160,-100],[120,-80],[230,-150],[350,-230],[590,-430]],[[-84113980,33924730],[80,-390],[20,-320],[-20,-330],[-30,-380],[-60,-840],[0,-320],[0,-250],[50,-490],[50,-260],[70,-380],[20,-170],[30,-210],[50,-680],[10,-340],[20,-410],[20,-890],[10,-700],[10,-490],[10,-440],[10,-130],[0,-70],[0,-160],[-10,-180],[0,-60],[0,-110],[-10,-130],[-30,-210],[-10,-50],[-70,-320],[-140,-350],[-90,-210],[-120,-300],[-180,-420]],[[-84757490,33728950],[-510,-90],[-1850,-320],[-1300,-220],[-1120,-200],[-720,-110],[-620,-110],[-400,-70],[-450,-90],[-420,-90],[-290,-70],[-320,-80],[-420,-120],[-330,-90],[-290,-90],[-350,-120],[-140,-50]],[[-83690640,34395240],[190,110],[300,170],[380,220],[360,210],[550,340],[550,310],[560,340],[470,280],[820,490],[700,450],[720,470],[730,480],[490,330],[490,330],[990,660],[740,480],[580,390],[320,210],[730,480],[200,140],[240,160],[880,590],[260,170],[430,270],[790,490],[880,510],[730,440],[50,30],[360,210],[830,490],[240,140],[1030,600],[1210,720],[310,180],[590,350],[800,480],[820,490],[260,150],[1280,750],[370,230],[1290,760],[920,560],[1170,690],[1410,830],[880,510],[110,70],[1130,680],[200,120],[240,140],[530,310],[540,310],[710,430],[880,540],[490,320],[500,370],[410,330],[140,110],[310,280],[270,260],[80,90],[160,170],[120,130],[170,180],[330,400],[320,410],[370,480],[110,150],[320,420],[520,680],[130,160],[650,850],[80,100],[220,290],[180,240],[280,360],[390,500],[210,260],[320,380],[550,580],[380,380],[400,390],[390,340],[110,90],[570,440],[460,350],[440,300],[150,110],[240,150],[150,90],[110,70],[540,340],[340,210],[1580,980],[1280,800],[2570,1600],[2750,1700],[870,550],[940,570],[790,490],[260,170],[1250,770],[500,300],[970,630],[280,200],[170,140],[640,520],[310,290],[300,280],[270,280],[320,350],[320,420],[350,480],[1000,1440],[970,1390],[480,700],[560,800],[510,710],[20,30],[200,230],[220,270],[210,210],[150,150],[150,150],[130,130],[180,170],[330,280],[160,130],[170,150],[480,360],[120,80],[450,310],[940,620],[670,440],[200,140],[1400,920],[440,290],[140,90],[730,480],[50,30],[60,40],[440,300],[200,140],[340,220],[360,250],[30,20],[320,240],[350,250],[340,270],[340,260],[340,270],[330,270],[500,410],[480,420],[470,420],[620,590],[460,460],[450,470],[730,770],[200,230],[370,430],[650,750],[410,470],[90,100],[570,670],[90,100],[130,150],[640,740],[500,580],[780,900],[1720,1970],[1270,1470],[660,750],[470,550],[90,90],[910,940],[420,420],[300,300],[140,130],[800,770],[240,220],[1020,960],[890,850],[2020,1910],[890,850],[550,520],[730,690],[110,100],[1010,960],[590,560],[220,210],[30,30],[870,850],[400,430],[190,220],[400,480],[340,420],[720,920],[180,230],[170,220],[540,680],[100,120],[1100,1410],[540,680],[410,520],[150,200],[360,450],[200,250],[230,290],[540,690],[220,280],[160,200],[90,120],[170,210],[390,510],[40,50],[540,680],[70,80],[610,770],[370,490],[160,200],[390,510],[200,270],[60,80],[220,360],[210,370],[190,370],[130,250],[50,130],[500,1160],[90,210],[160,360],[280,550],[60,100],[160,270],[250,360],[140,190],[120,160],[180,210],[120,140],[410,490],[460,510]],[[-84441930,33868160],[-110,170],[-100,160],[-110,180],[-120,210],[-100,180],[-90,170],[-180,330],[-360,680],[-510,930],[-90,150],[-130,210],[-100,150],[-110,160],[-130,180],[-140,190],[-140,180],[-180,220],[-150,180],[-160,180],[-270,280],[-210,210],[-180,180],[-430,420],[-130,130],[-210,200],[-370,360],[-390,380],[-230,230],[-150,140],[-330,320],[-350,340]],[[-84404680,33770010],[-30,-280],[-10,-120],[-20,-160],[-60,-360],[-30,-410],[0,-50],[-10,-380],[0,-50],[0,-620],[-10,-140],[0,-130],[-10,-90],[0,-170],[0,-100],[10,-190],[-10,-110],[10,-210],[30,-190],[50,-180],[40,-120],[120,-230],[100,-130],[140,-190],[410,-490],[210,-250],[110,-140],[200,-230],[150,-190],[100,-140],[100,-150]],[[-84379100,33924130],[-20,-330],[0,-80],[-10,-230],[-10,-110],[-10,-100],[-40,-350],[10,-360],[10,-200],[0,-70],[0,-50],[10,-210],[10,-130],[10,-240],[0,-40],[0,-60],[40,-110],[20,-170],[10,-240],[10,-130],[10,-130],[10,-110],[10,-160],[10,-100],[0,-40],[10,-120],[10,-180],[0,-130],[-10,-230],[0,-40],[0,-100],[0,-120],[-20,-360]],[[-84401080,33634830],[-40,370],[-20,330],[-10,360],[10,330],[30,430],[50,450],[30,210],[30,180],[50,250],[60,250],[40,160],[40,150],[50,150],[20,70],[150,450],[180,520],[100,290],[140,430],[130,380],[90,300],[260,700],[170,520],[300,880],[80,210],[210,640],[240,690]],[[-84230930,33734130],[90,1160],[80,880],[70,920],[10,90],[30,430],[40,410],[10,170],[60,680],[70,810],[60,760]],[[-84301360,33715260],[-950,0],[-730,10],[-2640,30]],[[-84384070,33748560],[160,70],[180,80],[170,90],[190,100],[160,90],[130,80],[110,70],[150,100],[130,90],[110,80],[500,400]],[[-84390080,33773700],[-20,280],[-40,250],[-80,470],[-200,1020],[-170,890],[-30,140],[-20,110],[-60,370],[-70,340]],[[-84137890,34022750],[470,-60],[600,-80],[50,-10],[610,-80],[380,-50],[520,-70],[410,-60],[440,-50],[1210,-170],[1720,-230],[1140,-150],[290,-40],[210,-30],[420,-60],[470,-60],[410,-70],[300,-40],[300,-30],[520,-70],[1100,-150],[440,-40],[460,-20],[360,-10],[80,0],[450,20],[420,20],[500,60],[570,80],[170,40],[500,110],[100,20],[340,90],[300,90],[370,100],[520,140],[140,40],[100,20],[380,100],[580,140]],[[-83927000,33939750],[-140,-280],[-20,-40],[-170,-350],[-180,-240],[-170,-200],[-250,-240],[-210,-200],[-180,-140],[-200,-130],[-400,-220],[-600,-310],[-1440,-730],[-1500,-750],[-1030,-550],[-380,-190],[-450,-220],[-760,-390]],[[-84391480,33742040],[20,130],[20,110],[30,150],[40,170],[50,190],[50,150],[60,170],[80,190],[80,180],[100,190],[50,90],[90,140]],[[-84363640,33517400],[70,-370],[30,-110],[100,-330],[10,-30],[120,-320],[190,-380],[40,-70],[140,-250],[220,-320],[40,-60],[100,-120],[200,-240],[320,-330]],[[-84333720,33919550],[-670,-220],[-1380,-430],[-430,-130],[-800,-240],[-290,-90],[-920,-290],[-170,-50],[-260,-70],[-430,-130],[-1260,-380],[-1280,-400],[-750,-230],[-510,-160]],[[-84426900,33661860],[-480,-250],[-620,-340],[-350,-190],[-130,-70]],[[-84284910,33911770],[-310,300],[-430,420],[-230,230],[-260,250],[-120,120],[-370,360],[-670,650],[-540,530],[-170,170],[-360,350],[-690,670],[-230,240]],[[-84229880,34111490],[-310,-130],[-460,-200],[-260,-120],[-470,-210],[-1040,-480],[-560,-260],[-310,-140],[-370,-170],[-670,-330],[-460,-230],[-450,-240],[-380,-200],[-400,-220],[-340,-190],[-380,-220],[-140,-80],[-190,-110],[-380,-230],[-180,-110],[-160,-100],[-840,-540],[-440,-300],[-460,-320],[-2260,-1650],[-1600,-1170],[-1120,-810],[-1930,-1410],[-870,-640],[-280,-210],[-370,-270],[-420,-320],[-390,-310],[-730,-580],[-1390,-1110],[-1930,-1560],[-2060,-1640],[-2180,-1770],[-950,-750],[-430,-320]],[[-84122490,33955740],[1130,540],[1420,690],[680,330],[500,240],[240,110],[210,100],[170,80],[150,70],[160,70],[220,90],[280,110],[1140,460],[630,260],[560,230],[450,190],[240,100],[140,60],[1470,590],[1480,600],[1310,530],[840,350],[960,380],[500,170],[350,110],[350,100],[420,110],[360,80],[1050,230],[210,40],[270,60],[410,80],[330,70],[290,70],[360,90],[320,90],[330,110],[250,80],[170,60],[170,60],[160,60],[240,90],[170,70],[90,40],[130,60],[180,90],[230,120],[200,110],[190,110],[160,100],[250,160],[110,80],[190,140],[230,170],[130,100],[150,110],[360,280],[590,460],[300,230],[350,270],[250,190],[330,250],[430,340],[120,90],[110,80],[260,200],[300,230],[340,300],[540,420],[500,460],[630,630],[370,410],[360,420]],[[-84134000,33950100],[600,330],[710,340],[1190,580],[1500,740],[190,90],[990,460],[590,280],[790,370],[630,310],[310,150],[330,170],[290,160],[570,290],[1030,500],[270,130]],[[-84085410,33988140],[-450,160]],[[-83805100,34286300],[340,520],[320,420],[110,150],[420,470],[680,670],[730,660],[440,450],[710,650],[200,220],[210,250],[180,240],[170,240],[140,250],[30,50],[160,270],[90,220],[110,290],[80,260],[130,550],[40,570],[20,290],[70,840],[90,560],[160,550],[230,520],[160,280],[330,480],[190,240],[200,230],[800,870],[580,650],[1070,1200],[2140,2390],[1280,1410],[390,450],[1080,1200],[1240,1380],[610,700],[350,460],[150,240],[290,520],[210,510],[160,530],[70,290],[10,80],[40,170],[40,270],[20,270],[0,270],[-30,420],[-60,540]],[[-84246350,33940490],[750,440],[1380,800],[320,180],[430,240],[470,270],[440,260],[520,320],[360,210],[540,320],[570,330],[80,50],[100,60]],[[-84095540,33964360],[-860,100],[-860,120],[-580,90],[-710,110],[-890,150],[-500,80],[-260,30],[-260,20],[-280,10],[-210,0],[-250,-10],[-230,-10],[-160,-10],[-240,-20],[-560,-100],[-560,-150],[-530,-190],[-270,-120],[-250,-110],[-510,-250],[-170,-80],[-210,-100],[-430,-210],[-520,-240],[-270,-130],[-550,-250],[-840,-360],[-820,-350],[-2400,-1020],[-760,-320],[-630,-260],[-350,-150],[-490,-250],[-550,-300]],[[-84092160,33971540],[150,210],[220,320],[290,460],[270,490],[250,510],[220,450],[330,660],[570,1130],[210,470],[50,120],[50,100]],[[-84089330,33976860],[200,400],[1020,2050],[440,900],[110,210],[270,540],[580,1140],[460,920],[840,1670],[470,940],[150,310],[350,670],[420,860],[90,180],[550,1090],[50,100],[180,350],[230,430],[250,420],[260,420],[290,420],[310,430],[330,420],[310,420],[510,650],[260,320],[400,520],[800,1010]],[[-84235000,33773580],[-500,500],[-340,310],[-500,410],[-350,270],[-1070,750],[-230,160],[-800,560],[-1510,1030],[-790,550],[-210,150],[-530,360],[-590,410],[-190,130],[-230,170],[-390,310],[-230,200],[-160,150],[-170,160],[-120,140],[-160,190],[-210,260],[-130,180],[-160,230],[-70,100],[-80,140],[-190,380],[-30,60],[-50,100],[-40,100],[-50,130],[-90,260],[-50,160],[-90,310],[-50,180],[-50,190],[-30,110],[-50,220],[-130,540],[-30,140],[-170,790]],[[-84384570,33764430],[270,-240],[190,-190],[510,-500]],[[-84396420,33640160],[-440,-10],[-130,0],[-110,0],[-300,10],[-190,0],[-210,0],[-340,0],[-400,30],[-350,60],[-90,10],[-320,70],[-270,80],[-60,20],[-190,70],[-40,20],[-90,40],[-90,30],[-130,50],[-80,40]],[[-84337170,33926320],[-10,-120],[-20,-190],[-10,-40],[-60,-290],[-100,-250],[-140,-350],[-180,-410],[-120,-260],[-150,-340],[-140,-320],[-440,-970],[-60,-130],[-210,-480],[-180,-410],[-60,-170],[-20,-60],[-40,-140],[-20,-120],[-10,-70],[-30,-210],[-10,-360]],[[-84403610,33704980],[50,260],[30,170],[50,210],[90,350],[120,440],[90,290],[70,200],[120,340],[110,300],[250,650],[560,1460],[110,310],[290,760],[130,310],[90,200],[140,260],[110,210],[90,160],[170,270],[190,280],[180,240],[270,340],[540,640],[140,180],[140,180],[130,180],[110,170],[260,440],[150,290],[110,250],[390,1090],[140,360],[120,310],[120,270],[110,230],[130,250],[80,150],[110,180],[70,110],[340,520],[210,290]],[[-84241370,33950920],[-170,280]],[[-84073720,33976020],[-240,790],[-210,710],[-160,520],[-280,950],[-130,390],[-190,500],[-160,360],[-90,180],[-90,190],[-80,160],[-30,50],[-170,340],[-110,220],[-120,240],[-280,480],[-360,560],[-50,80],[-460,630],[-240,320],[-150,180],[-240,290],[-400,450],[-440,450],[-170,180],[-170,160],[-280,240],[-120,100],[-210,140],[-430,270],[-170,100],[-350,120],[-350,130],[-170,60],[-130,40],[-220,80]],[[-84149360,33824180],[-670,10],[-520,0],[-510,-10],[-480,-20],[-400,-20],[-410,-30],[-180,-10],[-270,-20],[-210,-20],[-270,-30],[-340,-40],[-290,-40],[-410,-60],[-600,-90],[-380,-60],[-380,-70],[-350,-70]],[[-84391900,33734970],[0,140],[50,1710],[10,520],[0,60]],[[-84397740,33648090],[-390,-1120],[-130,-370]],[[-84256220,33773510],[-160,-120],[-110,-160],[-100,-130]],[[-84428070,33835270],[-350,720],[-190,390],[-180,370],[-310,630],[-140,310],[-130,320],[-110,300],[-110,360],[-130,510],[-60,290],[-50,290],[-60,460],[-30,340],[-20,320],[-10,440],[20,440],[140,1180],[70,700]],[[-84315520,33561930],[740,-420],[140,-80],[90,-50],[180,-100],[170,-90],[120,-60],[580,-330],[1920,-1130],[1780,-1060],[1060,-610],[550,-290],[550,-270],[640,-290],[280,-120],[280,-110],[1110,-400],[1460,-480],[960,-310],[1710,-560],[1910,-620],[1950,-640],[1580,-510],[910,-290],[580,-200],[610,-210],[1090,-410],[670,-260],[1160,-460],[660,-260],[650,-260],[540,-220],[140,-50],[1230,-490],[620,-250],[330,-130],[1020,-400],[750,-300],[150,-60],[360,-140],[540,-220],[680,-270]],[[-84273640,33808610],[0,-100],[-10,-100],[-20,-160],[-40,-430]],[[-84400060,33744310],[390,160],[230,90],[180,70]],[[-84061130,33961580],[-210,280],[-90,130],[-150,220],[-470,700],[-140,200],[-40,50],[-220,320],[-90,140],[-50,70],[-320,330],[-120,110],[-90,70],[-310,170],[-530,260],[-780,370],[-410,190],[-400,200],[-200,110],[-210,110],[-320,190],[-290,160],[-300,170],[-280,170],[-40,20],[-610,370],[-410,240],[-200,120],[-180,110],[-360,300],[-240,260],[-120,160],[-120,190],[-90,150],[-150,270],[-210,380],[-190,330],[-150,270],[-190,340],[-220,390],[-140,250],[-270,490],[-170,300],[-360,610],[-460,770],[-440,750],[-200,330],[-300,520],[-160,290],[-210,400],[-100,200],[-60,140],[-70,190]],[[-84073930,33976020],[40,-130]],[[-84175310,33815990],[-340,-240],[-370,-270],[-300,-230],[-430,-350],[-300,-240],[-540,-450]],[[-84396120,33771320],[-530,20],[-40,0],[-240,10],[-60,0],[-350,10],[-360,10],[-400,0],[-320,-40],[-100,-10],[-140,-30],[-330,-70],[-950,-390],[-330,-140],[-60,-20],[-110,-60],[-330,-180],[-440,-160],[-160,-50],[-200,-60],[-370,-60],[-1250,-40],[-370,-10],[-380,-20]],[[-84266880,33886150],[450,560],[210,230],[150,160],[140,140],[100,100],[160,150],[150,140],[170,150],[160,130],[180,140],[180,130],[190,130],[220,150],[1010,640],[230,140],[420,220],[1020,660],[520,320],[700,440],[390,250],[230,130],[230,130],[270,180],[220,140],[160,90],[360,240],[360,210],[160,80],[70,40],[80,50],[160,110],[350,230],[350,220],[390,250],[520,330],[240,140],[400,250],[1110,670],[1790,1110],[1140,700],[820,510],[450,270],[650,410],[1190,730],[180,120],[190,120]],[[-84383880,33771290],[-820,0],[-270,0]],[[-84399260,33620850],[-80,340],[-90,390]],[[-84244080,33901030],[890,550],[620,390],[660,410],[920,560]],[[-84490620,33789570],[480,610],[600,760],[190,250],[160,210],[350,450],[280,400],[290,470],[170,320],[100,210],[140,330],[110,290],[140,490],[50,220],[50,220],[40,250],[30,180],[30,270],[20,460],[0,240],[-10,230],[-20,310],[-50,350]],[[-84353370,33579390],[-420,90],[-330,70],[-370,80],[-770,170],[-4560,980],[-3670,790],[-1150,250],[-510,110],[-530,120],[-440,100],[-460,110],[-400,100],[-1230,310],[-290,80],[-360,100],[-730,200],[-1870,530],[-1360,390],[-140,40],[-420,120],[-430,110]],[[-84005680,33919910],[-570,290],[-240,120],[-350,130],[-420,110],[-510,100],[-460,30],[-340,-10],[-100,0],[-450,-30],[-840,-80],[-490,-50],[-440,-40],[-710,-40],[-700,-70],[-130,-10],[-120,-10],[-470,-30],[-90,-10],[-690,-40],[-270,10],[-310,40],[-170,50],[-120,30],[-110,40],[-240,100],[-440,230]],[[-84496480,33690090],[1710,-30],[170,0],[460,10],[270,20],[230,30],[130,20],[110,20],[160,30],[170,40],[110,30],[100,30],[260,90],[240,90]],[[-84401460,33637350],[-40,-270],[-20,-250],[-10,-320],[10,-220],[40,-520],[30,-390],[50,-410],[90,-640],[80,-530],[20,-110],[10,-70]],[[-84365030,33874390],[10,-270],[20,-400],[20,-680],[0,-380],[-10,-240],[-20,-210],[-20,-190],[-60,-300],[-60,-270],[-60,-220],[-150,-410],[-100,-200],[-120,-240],[-120,-210],[-160,-220],[-110,-130],[-210,-260],[-360,-420],[-350,-400],[-510,-560],[-240,-280],[-280,-350],[-150,-190],[-160,-220],[-140,-220],[-130,-240],[-120,-230],[-100,-240],[-90,-230],[-80,-240],[-40,-140],[-70,-300],[-60,-350],[-60,-470],[-30,-370],[-100,-1210],[-110,-1330],[-70,-770],[-40,-510],[-50,-350],[-50,-630],[-30,-370],[-80,-1000],[-30,-390],[0,-20],[-10,-390],[-30,-410],[-50,-540]],[[-84325810,33568760],[-520,350],[-400,270],[-480,320],[-520,350],[-310,210],[-1820,1210],[-600,400],[-790,530],[-540,360],[-830,560],[-530,350],[-430,280],[-230,140],[-260,150],[-300,170],[-300,160],[-410,210]],[[-84312080,33817700],[-380,320],[-30,30],[-230,200],[-40,40],[-100,80],[-90,80],[-70,70],[-70,70],[-70,70],[-60,80],[-60,80],[-60,90],[-110,210],[-200,490],[-160,400],[-60,130],[-60,130],[-100,200],[-100,160],[-70,100],[-100,130],[-110,130],[-120,130],[-140,140],[-80,70],[-130,110],[-150,110],[-150,110],[-220,140],[-100,60],[-210,110],[-140,70],[-90,40],[-80,30],[-240,80],[-120,40],[-370,100],[-170,40],[-220,50],[-200,50],[-180,50],[-130,40],[-190,70],[-140,60],[-110,50],[-240,120],[-340,230],[-700,500],[-370,270],[-170,130],[-540,370],[-450,260],[-440,220],[-660,330],[-140,70],[-360,170],[-370,180],[-510,240],[-130,60],[-290,140],[-230,110],[-390,190],[-230,100],[-140,70],[-90,40],[-90,40],[-150,60],[-80,30],[-130,40],[-410,90],[-130,20],[-280,40],[-270,30],[-270,30],[-360,40],[-170,20],[-320,40],[-120,20],[-60,10],[-180,20],[-490,70],[-60,10],[-140,30],[-120,30],[-70,10],[-40,10],[-160,40],[-200,60],[-90,30],[-80,30],[-170,70],[-200,110]],[[-83944510,33930600],[510,200],[780,290],[2510,950],[1440,520],[780,300],[790,320],[530,220],[60,30],[1140,510],[810,400],[200,100],[1270,620]],[[-84119070,34022300],[0,-80],[20,-90],[50,-140]],[[-84030120,34105830],[-190,120],[-280,180]],[[-84385530,33803230],[-260,-210],[-510,-330],[-520,-340],[-360,-220],[-960,-560],[-1050,-580],[-2070,-1100]],[[-84385080,33591640],[-540,760],[-100,140],[-350,450],[-340,470],[-810,1150],[-370,520],[-140,200],[-560,780],[-450,600],[-590,830],[-570,810],[-490,710],[-670,1030],[-510,860],[-520,920],[-740,1280],[-630,1120],[-680,1180],[-680,1200],[-240,440],[-140,280],[-220,470],[-170,390],[-190,490],[-150,460],[-250,840]],[[-84363730,33519100],[-10,-450],[10,-480],[10,-190],[10,-180],[10,-110],[60,-290]],[[-84389400,33935610],[390,80],[80,20]],[[-84380880,33936700],[380,40],[240,30],[400,40],[260,20],[80,10],[540,40],[580,50]],[[-84112350,33823370],[-440,-80],[-310,-50],[-90,-20],[-250,-50],[-510,-90],[-340,-70],[-110,-20],[-230,-50]],[[-83992030,34090120],[-360,-680],[-120,-230],[-130,-240],[-140,-250],[-200,-380],[-40,-70],[-100,-180],[-140,-270],[-120,-230],[-170,-330],[-130,-210],[-120,-250],[-220,-410],[-150,-280],[-240,-440],[-90,-190],[-110,-190],[-250,-460],[-250,-470],[-210,-390],[-190,-320],[-260,-430],[-410,-600]],[[-84359190,33933300],[350,20],[150,50],[170,50],[220,0],[130,0],[220,0],[180,0],[200,0],[380,0],[220,-30],[140,-60],[150,-20],[450,0]],[[-84303970,33784860],[-340,260],[-250,190],[-170,120],[-170,130],[-250,200],[-340,260],[-140,100],[-200,160],[-270,250],[-220,220],[-90,110],[-80,110],[-60,120],[-50,100],[-40,100],[-20,60],[-70,200],[-80,270],[-50,180],[-20,90],[-10,50],[-10,120],[0,120],[0,90],[0,100],[20,130],[20,120],[50,270],[40,140],[20,60],[40,130],[90,260],[30,90],[50,160],[20,80],[100,300]],[[-84354450,33933330],[550,-10],[370,-50]],[[-84288250,33885690],[60,110],[120,210],[30,60],[40,70],[70,120],[20,40],[30,50],[30,60],[130,230],[90,160],[120,220],[40,70],[110,200],[20,40],[40,70],[80,150],[40,70],[30,60],[80,140],[90,150],[70,130],[70,140],[80,140],[140,250],[30,60],[60,100],[70,130],[70,120],[50,100],[80,150],[100,190],[60,120],[80,150],[150,270],[230,390],[60,110],[70,130],[90,150],[140,240],[40,70],[80,140],[80,140],[180,300],[50,90],[270,500],[90,170],[40,90],[40,70],[20,40],[100,190],[110,200],[40,70],[240,440],[40,80],[110,200],[120,220],[70,120],[110,190],[140,230],[40,80],[80,120],[60,110],[20,50],[90,150],[70,110],[120,180],[20,40],[70,100],[200,260],[80,90],[100,110],[90,110],[80,90],[80,90],[90,90],[50,50],[260,250],[160,140],[150,130],[130,120],[80,70],[60,40],[100,90],[110,90],[190,170],[90,70],[60,50],[120,100],[80,70],[150,120],[100,80],[180,150],[350,280],[200,160],[130,110],[170,130],[220,180],[120,100],[110,90],[70,60],[170,130],[170,150],[140,110],[70,60],[130,110],[140,110],[50,40],[40,30],[50,50],[120,100],[120,100],[120,100],[160,130],[150,120],[70,50],[130,100],[120,90],[120,90],[110,80],[250,190],[180,130],[180,30],[160,110],[170,140],[60,40],[200,150],[40,40],[30,20],[50,30],[70,60],[150,120]],[[-84389800,33795530],[250,20],[210,20],[290,30],[210,100],[170,40],[180,0],[240,-10],[520,-30]],[[-84340150,33667390],[-50,470],[-30,170],[-50,480]],[[-84412750,33696720],[290,-60],[180,-30],[150,-20],[180,-20],[110,-10],[460,-30]],[[-84094690,33964080],[390,-40],[290,-30],[420,-30],[1400,-150],[1060,-110],[770,-80],[980,-100],[310,-30],[280,-30],[2260,-240],[290,-30],[750,-80],[460,-60],[1360,-150]],[[-83908310,33964680],[90,340],[30,140],[40,200],[30,140],[30,140],[40,220],[40,490],[30,600],[20,890],[20,1430],[10,430],[10,270]],[[-84119000,34021990],[130,-270],[30,-50],[120,-240],[140,-190],[110,-140],[220,-310]],[[-84252430,33716250],[-660,80],[-980,100],[-1440,70],[-550,10],[-900,-10]],[[-84448190,33876160],[-150,150],[-50,50],[-400,400],[-230,220],[-280,270],[-250,240],[-220,220],[-550,550],[-380,380],[-280,280],[-190,190],[-170,180],[-190,200],[-580,620],[-430,480],[-540,600],[-660,720],[-250,270],[-250,280],[-160,180],[-120,140],[-170,200],[-180,210],[-140,160],[-150,180],[-130,150],[-160,200],[-130,160],[-160,190],[-150,180],[-350,410],[-220,270],[-690,830],[-550,660],[-110,130],[-140,170],[-200,240],[-280,350]],[[-84379460,33839710],[-410,-290]],[[-84268630,33714430],[-1600,-320],[-2120,-420],[-440,-90],[-320,-70],[-1390,-270],[-1390,-280],[-550,-110],[-1020,-170],[-490,-70]],[[-84343110,34038510],[-30,-80],[-40,-110]],[[-84387760,33794180],[-130,340],[-130,250],[-190,270],[-330,300]],[[-83952880,33984630],[-330,-10],[-70,0],[-360,-20]],[[-84129300,33951440],[-70,90],[-50,60],[-40,40],[-50,40],[-60,40],[-110,70],[-220,170],[-40,50],[-60,90],[-70,90],[-40,60],[-50,90],[-30,40],[-60,80],[-90,180],[-30,130],[-120,170],[-50,110],[-120,160]],[[-84283150,33797790],[-200,-150],[-170,-130],[-320,-210],[-120,-70],[-250,-150],[-300,-180],[-170,-100],[-140,-90],[-110,-70],[-470,-290],[-300,-180],[-250,-150],[-260,-160],[-140,-90],[-90,-50],[-380,-220],[-460,-280],[-460,-270],[-310,-190],[-1400,-850],[-650,-400]],[[-84223130,33849510],[-170,-50],[-200,-70],[-180,-60],[-80,-30],[-110,-40],[-80,-30],[-70,-30],[-70,-30],[-90,-40],[-160,-70],[-160,-70],[-80,-30],[-190,-90],[-280,-140],[-70,-40],[-240,-130],[-40,-20],[-350,-190],[-390,-210],[-200,-120],[-70,-30],[-360,-220],[-130,-80],[-270,-160],[-110,-70],[-110,-60],[-90,-50],[-110,-70],[-320,-200],[-310,-210],[-250,-160],[-130,-90],[-130,-90],[-80,-50],[-130,-90],[-220,-150],[-230,-160],[-180,-130],[-320,-230],[-100,-70],[-150,-110],[-200,-150],[-90,-60],[-150,-120],[-80,-60],[-200,-170],[-50,-40],[-180,-160],[-30,-30],[-100,-90],[-470,-420],[-290,-270],[-210,-220],[-510,-590],[-240,-290],[-100,-140],[-90,-110],[-110,-140],[-110,-160],[-110,-150],[-170,-240],[-130,-180],[-30,-50],[-110,-160],[-270,-370],[-180,-260],[-120,-170],[-120,-170],[-60,-80],[-220,-270],[-240,-240],[-90,-100],[-120,-120],[-80,-80],[-20,-20],[-310,-310],[-110,-110],[-80,-80],[-50,-50],[-210,-190],[-230,-210],[-230,-190],[-110,-90],[-40,-30],[-150,-110],[-270,-190],[-170,-130]],[[-84577780,33856440],[630,0],[780,10],[480,10],[190,0],[540,10],[730,10],[1390,20],[340,0],[900,10],[600,20],[790,30],[620,10],[830,0],[640,0],[660,-20],[380,-20],[1800,-110],[430,-30],[650,-50],[480,-70],[380,-80],[200,-60],[330,-120],[250,-110],[370,-200],[350,-200],[1050,-650],[1620,-970],[1180,-700],[630,-370]],[[-84309640,33732120],[-60,550],[-10,710],[0,280],[-10,420],[-20,230],[20,280],[70,460],[50,340],[40,310],[0,260],[-10,270],[-10,190],[-10,80],[-10,160],[-10,110],[-10,110],[-40,370],[-30,320],[0,50],[-20,350],[-10,400],[0,350],[10,250],[0,230],[10,90],[0,30],[10,140],[0,80],[20,500]],[[-84557560,33852810],[730,-440],[350,-240],[320,-270],[150,-150],[460,-520],[520,-650],[160,-180],[120,-120],[250,-250],[230,-220],[180,-150],[390,-260],[410,-240],[390,-240],[1470,-890],[1210,-730],[880,-540],[1200,-730],[520,-290],[370,-180],[450,-170],[350,-100],[420,-110],[430,-80],[450,-50],[450,-20],[670,20],[720,40],[1340,100],[370,30],[970,80],[530,40],[670,50],[780,60],[440,30],[850,70],[90,10],[150,10],[670,50],[170,10],[770,60],[820,50],[420,0],[420,-30],[410,-70],[400,-100],[380,-120],[340,-150],[380,-220],[800,-540],[700,-510]],[[-84134170,33958350],[-90,130],[-270,380],[-220,340]],[[-84338910,33920600],[-10,310],[20,240],[50,290],[10,60],[30,130],[100,300],[80,190],[100,220],[170,360],[90,240],[50,120],[30,60],[100,250],[130,330],[140,320],[10,30],[60,120],[90,200],[130,260],[190,430],[60,130],[60,140],[120,400],[50,280],[50,310]],[[-84518180,33840310],[490,-320],[440,-290],[620,-400],[540,-310],[360,-170],[50,-20],[350,-150],[570,-200],[360,-100],[390,-90],[370,-70],[150,-20],[230,-30],[390,-30],[400,-20],[400,10],[590,40],[220,30],[170,20],[560,110],[530,150],[620,210],[390,170],[430,220],[420,260],[300,170],[430,250],[1360,810],[1070,640],[320,190],[300,180],[650,380],[380,220],[390,230],[80,50],[650,380],[50,30],[190,110],[900,550]],[[-84381720,33750090],[250,220],[70,60],[300,250],[610,510],[230,200],[200,180],[340,350]],[[-84378700,33758960],[-20,80],[-30,110]],[[-84240150,33943480],[-200,200],[-140,230],[-80,140],[-80,130],[-90,160],[-40,150],[-60,200]],[[-84114630,33822940],[-470,-90],[-450,-90],[-390,-70],[-440,-60],[-200,-20],[-250,-20],[-390,-10],[-990,30],[-970,50],[-970,50],[-270,10],[-490,30],[-590,30],[-740,40],[-480,20],[-70,0],[-100,10],[-380,20],[-540,30],[-1440,80],[-1200,70],[-350,20],[-340,30]],[[-84085860,33988300],[-460,180],[-490,220],[-160,70],[-430,240],[-430,290],[-150,100],[-440,370]],[[-84497760,33652430],[20,-700],[10,-320],[10,-610],[0,-690],[10,-600],[0,-380],[20,-360],[30,-490],[40,-440],[60,-480],[80,-530],[50,-270],[70,-350],[250,-940],[260,-950],[120,-430],[170,-480],[300,-740],[300,-670],[140,-300],[200,-380],[270,-520],[240,-420],[250,-420],[390,-580],[160,-230]],[[-84357990,33905520],[140,390],[50,140],[50,150],[70,220],[280,960],[280,990],[160,610],[210,740]],[[-84254850,33935540],[840,490],[530,310],[1490,870],[1290,750],[1240,730],[530,300],[360,210]],[[-83994970,34083940],[220,490],[300,550],[230,450],[260,500],[520,960],[110,220],[620,1160],[60,110],[350,640],[360,680],[180,340],[270,480],[260,460],[390,670]],[[-84027870,33961890],[-1300,-380],[-1230,-360],[-1140,-340],[-920,-270],[-1160,-350],[-1490,-440],[-210,-60],[-290,-80],[-230,-60],[-240,-60],[-240,-60],[-210,-50],[-210,-50],[-230,-50],[-190,-40],[-220,-40],[-230,-40],[-230,-40],[-260,-40],[-250,-40],[-220,-30],[-260,-30],[-170,-20],[-160,-20],[-190,-20],[-230,-20],[-240,-20],[-310,-20],[-430,-20],[-570,-20],[-610,-10],[-310,0],[-260,10],[-230,10],[-380,20]],[[-84500110,33685080],[20,-510],[20,-430],[10,-120],[0,-50],[10,-170],[20,-310],[10,-230],[30,-620],[40,-630],[30,-380],[40,-490],[40,-330],[40,-410],[30,-230],[40,-260],[180,-1190],[170,-1050],[510,-3290],[90,-620],[70,-440],[330,-2120],[240,-1550],[100,-710],[60,-410],[40,-330],[60,-680],[40,-580],[20,-400],[10,-170],[20,-980],[20,-1800],[10,-1720],[0,-1180],[-20,-770]],[[-84269320,33985320],[-520,340],[-270,180],[-120,80],[-350,260],[-190,140],[-410,290],[-300,190],[-150,110],[-310,210],[-170,150],[-260,250],[-120,120],[-70,70],[-130,140],[-200,200],[-140,150],[-60,50],[-150,150],[-480,370],[-320,220],[-90,60],[-110,70],[-90,60],[-160,110],[-360,240],[-170,110],[-400,260],[-310,200],[-330,210],[-50,30],[-200,140],[-260,170],[-140,90],[-80,50],[-200,130],[-300,200],[-60,40],[-100,50],[-370,200],[-460,200],[-260,110],[-110,40],[-230,100],[-170,70],[-170,90],[-80,40],[-70,40],[-50,30],[-50,30],[-140,100],[-20,20],[-160,150],[-210,210],[-170,220],[-50,70],[-120,170],[-210,290],[-60,70],[-540,700],[-180,230],[-30,40],[-90,120],[-250,340],[-290,380],[-280,380],[-160,220],[-240,320],[-190,320],[-120,230],[-90,180],[-170,460],[-140,530],[-10,60],[-60,280],[-50,210],[-40,170],[-30,80],[-110,310],[-50,120],[-160,330],[-130,210],[-140,170],[-380,380],[-120,100],[-200,160],[-20,10],[-80,50],[-130,80],[-230,120],[-310,130],[-210,80],[-220,70],[-140,40],[-260,70],[-250,70],[-480,120],[-140,40],[-160,40],[-280,80],[-370,120],[-250,90],[-240,90],[-100,50],[-310,140],[-360,170],[-260,130],[-310,140],[-50,20],[-270,120],[-250,110],[-430,180],[-250,90],[-540,170],[-80,20],[-350,90]],[[-84358020,33854010],[170,10],[120,0],[70,0],[530,30],[380,20],[190,10],[220,10],[100,0],[200,30],[140,50],[150,40],[40,10],[120,40],[520,150],[280,80],[540,160],[180,60],[490,170],[190,70],[260,100],[400,150],[250,90],[370,120],[690,220],[290,100],[170,60],[260,100],[210,120],[130,100],[660,510],[70,60],[560,430],[160,100],[360,230],[310,140],[210,80],[160,40],[40,10],[160,30],[270,40],[170,10],[310,-10],[270,-10],[380,-50],[190,-30],[170,-20],[210,-30],[420,-60],[300,-40],[220,-20],[140,-20],[310,-10],[110,-10],[120,0],[210,10],[60,0],[190,30],[260,30],[410,80],[110,20],[200,50],[320,110],[150,50],[140,60],[250,100],[80,40],[150,80],[130,70],[130,90],[170,120]],[[-84337320,33916080],[-100,150],[-300,500],[-80,190],[-130,220],[-110,190],[-170,340],[-30,80],[-70,180],[-70,170],[-80,170],[-30,60],[-60,230],[-20,110],[-30,270]],[[-84012620,34095900],[-310,200]],[[-84023240,33856440],[460,160],[180,60],[270,90],[340,130],[230,110],[200,90],[630,310],[310,120],[290,70],[290,40],[230,0],[160,0],[200,-20],[210,-40],[130,-30],[150,-50],[130,-50],[80,-30]],[[-84272750,33810570],[-270,-330]],[[-84217720,33977720],[-190,-300],[-70,-110]],[[-84205480,33902680],[90,-340],[40,-170],[10,-230],[0,-70],[70,-190]],[[-84030380,34105820],[180,-130]],[[-84170810,34004360],[550,80],[120,10]],[[-84179410,34007880],[250,-80]],[[-84085060,33986050],[-130,-280],[-460,-920],[-890,-1770],[-440,-900],[-550,-1090],[-290,-590],[-120,-230],[-80,-170],[-160,-320],[-240,-500],[-660,-1300],[-550,-1090],[-80,-170],[-140,-290],[-730,-1460],[-710,-1410],[-220,-490],[-190,-360],[-560,-890]],[[-84061490,33961770],[220,-290],[170,-260],[70,-110],[120,-200],[90,-200],[110,-200],[200,-390],[200,-420],[90,-180]],[[-84013610,34096330],[390,-260],[80,-50],[80,-60]],[[-84010000,33971320],[-400,-240],[-470,-290],[-1640,-1000],[-870,-530]],[[-84092550,34049060],[-310,-310],[-140,-130],[-120,-110],[-160,-150],[-220,-210],[-560,-540],[-130,-130],[-310,-330],[-210,-210],[-70,-90],[-560,-640],[-460,-580],[-140,-180],[-480,-670],[-180,-270],[-190,-320],[-160,-280],[-670,-1150],[-570,-1010],[-420,-730],[-230,-390],[-150,-270],[-350,-620],[-70,-120],[-130,-230],[-110,-180],[-90,-160],[-100,-160],[-110,-180],[-230,-330],[-130,-150],[-140,-180],[-300,-300],[-260,-220],[-70,-50],[-210,-160],[-140,-110],[-360,-250],[-910,-610],[-220,-150],[-300,-200],[-740,-490],[-740,-500],[-210,-150],[-350,-240],[-370,-270],[-350,-280],[-330,-290],[-300,-310],[-150,-160],[-150,-160],[-270,-320],[-260,-340],[-250,-340],[-50,-80],[-170,-280],[-200,-350],[-180,-360],[-190,-410],[-140,-310],[-80,-180],[-150,-310],[-190,-420],[-280,-550],[-400,-630],[-180,-240],[-290,-300],[-450,-450],[-410,-410],[-760,-730],[-420,-400],[-200,-180],[-320,-310],[-290,-290],[-480,-420],[-330,-270],[-220,-130],[-170,-100],[-50,-20],[-360,-190],[-200,-80],[-290,-110],[-340,-100],[-80,-20],[-340,-90],[-320,-90],[-750,-200],[-830,-230],[-1210,-340]],[[-83987240,33669200],[450,250],[-50,70],[-40,60],[-250,390]],[[-84026060,33662490],[450,-310],[510,-360],[330,-230],[1010,-700],[440,-310],[510,-360],[380,-260],[380,-270],[500,-350],[500,-340],[410,-260],[530,-330],[370,-200],[520,-280],[650,-320],[810,-360],[540,-220],[660,-240],[670,-220],[1390,-410],[420,-110],[1590,-430],[2190,-640]],[[-84062620,33681310],[330,-480],[120,-190],[120,-170],[280,-430],[400,-530],[310,-440],[310,-420],[260,-330],[180,-230],[180,-210],[240,-270],[200,-200],[260,-270],[220,-200],[180,-170],[180,-160],[260,-220],[330,-270],[340,-270],[430,-300],[330,-220],[440,-280],[500,-300],[420,-230],[210,-110],[190,-90],[270,-130],[240,-110],[220,-100],[420,-170],[500,-190],[1010,-360],[2020,-720],[2660,-940],[4290,-1530],[3820,-1350],[3010,-1070],[3010,-1070]],[[-84065250,33685400],[-230,290],[-180,260],[-120,170],[-140,200],[-210,300],[-350,480],[-320,380],[-370,410],[-340,370],[-500,480],[-400,370],[-650,550],[-440,350],[-700,500],[-650,420],[-900,530],[-760,420],[-740,400],[-600,340],[-500,260],[-1620,860],[-3760,2060],[-3150,1720],[-910,490],[-440,240]],[[-83987240,33669380],[-180,-100],[-130,-80],[-160,-90],[-120,-70],[-230,-140],[-160,-90],[-60,-80],[-70,-110],[-660,-490],[-710,-540],[-350,-270],[-210,-160],[-130,-100],[-60,-40],[-250,-190],[-70,-50],[-60,-40],[-350,-260],[-490,-370],[-60,-50],[-620,-470],[-440,-340],[-70,-50],[-130,-110],[-210,-150],[-150,-120],[-160,-130],[-50,-40],[-130,-110],[-590,-470],[-80,-70],[-100,-90],[-150,-130],[-160,-140],[-70,-60],[-70,-60],[-60,-50],[-200,-180],[-160,-170],[-340,-350],[-50,-50],[-130,-120],[-150,-140],[-150,-140],[-220,-190],[-140,-130],[-700,-650],[-330,-310],[-140,-120],[-410,-380],[-270,-250],[-150,-140],[-400,-370],[-580,-540],[-440,-400],[-150,-140],[-230,-210],[-210,-200],[-440,-420],[-330,-300],[-260,-260],[-220,-220],[-310,-310],[-300,-300],[-270,-240],[-290,-280],[-700,-670],[-400,-330],[-170,-140],[-300,-260],[-90,-70],[-230,-210],[-130,-100]],[[-84004980,33654180],[130,100],[230,210],[90,70],[300,260],[170,140],[400,330],[700,670],[290,280],[270,240],[300,300],[310,310],[220,220],[260,260],[330,300],[440,420],[210,200],[230,210],[150,140],[440,400],[580,540],[400,370],[150,140],[270,250],[410,380],[140,120],[330,310],[700,650],[140,130],[220,190],[150,140],[150,140],[130,120],[50,50],[340,350],[160,170],[200,180],[60,50],[70,60],[70,60],[160,140],[150,130],[100,90],[80,70],[590,470],[130,110],[50,40],[160,130],[150,120],[210,150],[130,110],[70,50],[440,340],[620,470],[60,50],[490,370],[350,260],[60,40],[70,50],[250,190],[60,40],[130,100],[210,160],[350,270],[710,540],[660,490],[160,40],[160,40],[90,60],[170,100],[530,340]],[[-84014500,33641440],[0,130],[0,190],[-10,390],[0,240],[-10,310],[30,560],[0,80],[10,210],[0,30],[20,220],[10,130],[20,140],[40,290],[10,50],[10,50],[30,160],[100,330],[20,60],[90,260],[160,320],[130,260],[120,220],[20,30],[110,160],[120,140],[40,50],[180,220],[110,120],[100,110],[110,110],[30,30],[150,140],[370,330],[120,110],[130,120],[340,310],[160,150],[150,140],[140,130],[410,380],[410,380],[570,520],[180,170],[490,440],[150,140],[160,150],[430,390],[120,100],[30,30],[210,200],[90,80],[70,60],[140,120],[80,70],[150,140],[130,120],[290,250],[280,250],[130,110],[120,100],[260,220],[330,290]],[[-84006110,33653180],[510,430],[120,120],[500,450]],[[-83755440,33946620],[400,-230],[690,-400],[280,-160]],[[-83605730,33956130],[-1140,340]],[[-83647690,33959230],[-480,-160],[-590,-210],[-830,-300],[-670,-250],[-620,-230],[-1520,-580],[-1160,-430],[-1320,-500],[-290,-110],[-980,-370],[-500,-190],[-670,-250],[-1060,-410],[-1090,-400],[-890,-340],[-1070,-400],[-260,-100],[-2540,-960],[-870,-330]],[[-83884010,33609570],[-340,120],[-1140,390],[-3120,1100],[-580,200],[-580,210],[-660,220],[-410,130],[-420,120],[-580,160],[-650,160],[-680,150],[-580,110],[-260,50],[-300,50],[-250,40],[-300,40],[-390,50],[-330,40],[-360,40],[-430,40],[-410,30],[-1110,70],[-1240,80],[-810,60],[-750,50],[-300,20],[-680,40],[-900,60],[-1200,80],[-880,60],[-1420,90],[-1320,90],[-560,40],[-570,50],[-420,40],[-400,40],[-340,40],[-380,50],[-510,70],[-670,100],[-760,120],[-1110,200],[-1130,210],[-530,100],[-280,60],[-550,100],[-1070,210]],[[-83876610,33607250],[-300,0],[-270,10],[-230,20],[-310,40],[-210,30],[-230,40],[-190,40],[-180,40],[-180,50],[-250,80],[-250,90],[-650,260],[-280,120],[-640,280],[-220,90],[-280,120],[-280,110],[-280,110],[-550,210],[-680,240],[-940,340]],[[-84759480,34211120],[180,170],[130,120],[360,300],[150,120],[460,360],[660,500],[490,380],[420,310],[660,510],[450,340],[430,330],[310,250],[410,350],[430,410],[400,480],[310,450],[270,470],[190,430],[80,210],[110,320],[70,230],[50,220],[40,200],[90,740],[40,560],[30,560],[40,610],[30,540],[20,350],[40,490],[10,250],[30,340],[60,1140],[40,580],[10,570],[-10,780],[-50,690],[-90,580],[-170,840],[-70,260],[-160,560],[-190,540],[-190,510],[-240,540],[-250,500],[-140,270],[-180,310],[-270,430],[-160,270],[-160,230],[-400,550],[-370,460],[-400,460],[-400,410],[-470,450],[-360,330],[-500,430],[-530,440],[-510,420],[-480,390],[-520,420],[-490,390],[-410,340],[-440,370],[-450,360],[-440,350],[-480,390],[-410,340],[-440,350],[-520,410],[-470,350],[-460,320],[-500,330],[-570,330],[-560,310],[-420,220],[-440,220],[-310,140],[-350,150],[-550,230]],[[-84734230,34113900],[-640,440],[-440,310],[-400,280],[-500,360],[-490,370],[-330,280],[-380,340],[-370,390],[-390,420],[-260,330],[-360,480],[-150,210],[-260,430],[-80,140],[-140,250],[-100,190],[-140,290],[-110,250],[-140,350],[-80,220],[-140,440],[-40,170],[-90,340],[-60,310],[-50,260],[-30,230],[-30,280],[-10,190],[-30,700],[10,440]],[[-84758310,34170100],[-50,340],[-60,370],[-210,1310],[-220,1360],[-90,620],[-80,410],[-50,250],[-90,570],[-60,290],[-80,340],[-120,400],[-50,160],[-100,320],[-140,400],[-150,400],[-150,350],[-250,550]],[[-84514580,33941240],[260,-100],[740,-300],[480,-190],[370,-160],[450,-200],[470,-220],[410,-190],[460,-200],[220,-80],[110,-40],[500,-170],[250,-50],[390,-50],[140,-10],[410,-10],[430,20],[340,50],[220,40],[190,50],[170,60],[510,230],[640,310],[540,270]],[[-84558700,34019280],[-30,270],[-60,400],[-60,400],[-30,190],[-30,170],[-110,560],[-80,400],[-100,500],[-120,600],[-110,540],[-70,330],[-40,200],[-50,260],[-70,340],[-70,320],[-70,360],[-110,510],[-200,980],[-190,950],[-160,780],[-60,280],[-40,210],[-70,340],[-20,90],[-100,460],[-110,540],[-140,710],[-110,550],[-110,520],[-50,260],[-70,320],[-50,250]],[[-84760670,34178600],[120,-230],[210,-470],[370,-920],[220,-690],[130,-450],[80,-380],[90,-430],[60,-410],[40,-230],[50,-290],[90,-500],[90,-580],[60,-370],[50,-300],[80,-570],[150,-990],[80,-490],[60,-360]],[[-84740770,34123690],[-10,-380],[0,-480],[10,-340],[30,-400],[30,-230],[30,-250],[30,-170],[60,-290],[110,-430],[90,-310],[70,-220],[160,-420],[90,-220],[90,-210],[120,-250],[130,-250],[80,-150],[260,-440],[320,-510],[260,-350],[340,-420],[370,-410],[190,-200],[380,-370],[240,-220],[230,-190],[300,-250],[370,-280],[470,-330],[440,-310],[250,-170]],[[-84815210,34277350],[120,-120],[140,-160],[360,-410],[200,-230],[490,-550],[340,-390],[570,-640],[400,-440],[380,-440],[370,-410],[400,-440],[190,-230],[390,-440],[690,-780],[390,-440],[370,-410],[700,-780],[690,-780],[340,-460]],[[-84660420,34079790],[-540,30],[-400,20]],[[-84798440,34207990],[-130,50],[-180,60],[-210,30]],[[-84736930,34136920],[-30,640],[-70,740],[-60,410],[-100,460],[-120,460],[-160,480],[-170,450],[-290,640],[-260,480],[-290,470],[-240,360],[-80,110],[-250,320],[-400,490],[-840,990],[-260,300],[-470,540],[-480,570],[-520,600],[-140,160]],[[-84681280,34082330],[1100,-450],[250,-110],[330,-130],[290,-110],[310,-120],[570,-200],[880,-270],[980,-240],[190,-50],[680,-140],[840,-150],[620,-80],[940,-100],[400,-30],[480,20],[530,-10],[700,-50],[1010,-60],[440,-70]],[[-84742470,34146540],[250,-350],[200,-230],[130,-160],[190,-220],[390,-440],[180,-210],[180,-210],[160,-200],[190,-210],[340,-400],[350,-400],[170,-200],[210,-260],[220,-270],[220,-270],[70,-100],[330,-500],[270,-460],[220,-420],[190,-410],[90,-220],[50,-130],[40,-90],[170,-520],[70,-250],[70,-280],[40,-170],[60,-270],[50,-310],[50,-350],[20,-200],[0,-300]],[[-84778460,34247170],[570,-230],[340,-130],[780,-310],[430,-170],[430,-170],[190,-70],[300,-130],[390,-150],[630,-250],[290,-120],[140,-50]],[[-84773970,34245390],[280,-110],[230,-100],[430,-160],[460,-180],[520,-210],[300,-120],[710,-320],[240,-120],[460,-230],[360,-200],[390,-220],[580,-350],[490,-320],[270,-180],[440,-320],[410,-300],[360,-270],[420,-310],[380,-280],[410,-310],[420,-310],[420,-320],[440,-310],[670,-490],[420,-310],[290,-210],[640,-470],[340,-260],[810,-600],[460,-340],[460,-340],[660,-490],[220,-160],[210,-160],[410,-330],[300,-250],[300,-260],[370,-350],[370,-370],[610,-670],[260,-300],[490,-620],[330,-480],[410,-630],[260,-430],[380,-730],[480,-1100],[260,-690],[240,-840],[150,-610],[110,-630],[90,-550],[90,-640],[70,-470],[70,-510],[60,-430],[80,-580],[70,-500],[40,-300],[30,-210],[80,-530],[50,-400],[100,-710],[70,-470],[50,-470],[20,-240],[0,-310],[-30,-440],[-60,-430],[-60,-260],[-90,-340],[-130,-360],[-50,-110],[-180,-400],[-150,-280],[-110,-170],[-230,-340],[-200,-240],[-360,-400],[-210,-210],[-220,-200],[-210,-180],[-410,-330],[-430,-330],[-670,-510],[-370,-280],[-370,-280],[-390,-290],[-370,-280],[-370,-290],[-540,-420],[-290,-230],[-300,-260],[-350,-330],[-170,-170],[-150,-180],[-120,-130],[-150,-200],[-280,-400],[-160,-260],[-120,-210],[-60,-120],[-100,-200],[-60,-130]],[[-84488450,33928420],[-210,370],[-170,330],[-90,160],[-140,260],[-300,460],[-220,320],[-380,510],[-380,480],[-450,520],[-350,380],[-460,470],[-320,290],[-320,290],[-320,280],[-330,270],[-370,290],[-220,160],[-240,170],[-80,50],[-210,140],[-70,50]],[[-84437200,33978150],[-180,-30],[-480,-90],[-310,-30],[-460,-30],[-450,0],[-330,10],[-100,0],[-420,40],[-120,10],[-160,20],[-340,50]],[[-83917870,33615230],[440,-90],[950,-180],[840,-160],[550,-100],[270,-50],[460,-90],[1270,-240],[640,-120],[1110,-190],[1230,-170],[940,-110],[630,-60],[1020,-80],[620,-40],[750,-50],[1020,-70],[620,-40],[640,-40],[750,-50],[630,-40],[810,-50],[670,-50],[1240,-80],[1600,-110],[1040,-70],[910,-70],[790,-80],[740,-90],[670,-110],[550,-90],[1200,-280],[580,-140],[610,-180],[950,-300],[740,-260],[1170,-410],[870,-310],[770,-260],[990,-360],[530,-180],[890,-310],[1100,-390],[720,-260],[530,-200],[540,-210],[430,-180],[960,-420]],[[-84605360,33945320],[380,-30],[400,-30],[170,-10],[700,-50],[1330,-70],[460,-30],[370,-20],[240,-10],[390,-10],[290,0],[630,30],[590,50],[660,90],[710,160],[210,40],[330,60],[140,30],[80,20],[240,40],[320,60],[340,60],[190,30],[150,30],[490,100],[330,60],[820,170],[500,140],[620,210],[820,370],[350,160],[520,230],[820,370],[560,230],[270,110],[440,130],[640,260],[640,260],[100,50],[390,180],[70,30],[450,210],[620,270],[600,270],[140,60],[890,410],[110,50],[730,320],[300,140],[290,130],[250,110],[280,130],[140,110],[50,40],[530,250],[400,170],[400,150],[140,40],[50,20],[90,30],[360,100],[220,60],[310,60],[450,80],[320,40],[440,40],[320,10],[50,0],[80,0],[130,10]],[[-84461400,33979310],[680,0],[60,0],[130,0],[640,-20],[1470,-30],[380,-10],[660,-10],[300,-10],[70,0],[410,-20],[410,-10],[730,-30],[1050,0],[540,-10],[400,0],[480,-10],[1850,-30],[1460,-30],[730,-10],[410,-10],[220,0],[360,-10],[1190,-30],[1260,-30],[140,0],[530,-30],[210,-20],[160,-20],[370,-50],[390,-70],[160,-30],[330,-70],[480,-130],[340,-110],[220,-60],[60,-20],[370,-110],[90,-30],[120,-30],[370,-100],[80,-20],[250,-70],[220,-40]],[[-84608900,33945470],[620,-40],[150,-10],[420,-30],[270,-30],[240,0],[410,-20],[370,-20],[530,-30],[150,10],[150,40],[110,-10],[120,-10]],[[-83829790,33613820],[820,-240],[620,-190],[700,-190],[1250,-340],[1220,-290],[200,-40],[1000,-190],[330,-60],[300,-50],[680,-110],[1260,-170],[1090,-120],[340,-40],[410,-60]],[[-84773010,34245270],[-350,140],[-230,70],[-280,130],[-190,80],[-440,170],[-430,170],[-180,80],[-230,90],[-220,80],[-730,290],[-610,240],[-1060,420],[-260,100],[-800,320],[-490,190],[-410,170],[-580,270],[-290,150],[-270,150],[-300,180],[-510,360],[-430,310],[-190,150],[-370,300],[-280,220],[-550,430],[-460,370],[-240,200],[-390,300],[-460,360],[-420,310],[-230,180],[-520,390],[-570,400],[-480,300],[-330,210],[-870,480],[-280,150],[-600,310],[-320,160],[-590,300],[-540,270],[-490,250],[-580,300],[-610,310],[-280,150],[-550,280],[-580,300],[-610,310],[-890,460],[-620,320],[-590,300],[-520,270],[-350,190],[-300,180],[-530,340],[-270,200],[-240,210],[-240,200],[-230,210],[-220,220],[-200,220],[-190,220],[-390,440],[-280,310],[-600,670],[-580,660],[-370,410],[-370,430],[-210,230],[-200,230],[-390,430],[-630,720],[-200,220],[-200,230],[-380,420],[-220,250],[-210,230],[-380,420],[-360,420],[-210,250],[-230,250],[-410,460],[-650,720],[-160,190]],[[-84663170,34079940],[-870,30],[-1180,60],[-1990,100],[-1120,60],[-630,30],[-1000,50]],[[-84682610,34083190],[-400,170],[-310,130],[-40,20],[-340,140],[-540,230],[-550,230],[-1140,470],[-1450,610],[-580,240],[-330,140],[-980,410],[-1110,470],[-540,230],[-790,310],[-760,300],[-730,250],[-1210,350],[-1170,270],[-650,130],[-540,80],[-560,70],[-330,40],[-320,30],[-280,20],[-700,50],[-580,20],[-390,10],[-300,0],[-420,-10],[-480,-10],[-900,-10],[-1100,-10],[-1020,-20],[-2030,-30],[-1920,-40],[-760,-10],[-1710,-20],[-260,0],[-340,-10],[-480,-10],[-690,-10],[-980,-20],[-740,-10],[-1000,-10],[-240,-10],[-1280,-20],[-1000,-10],[-630,10],[-280,10],[-340,30],[-370,50],[-350,60],[-330,70],[-310,80],[-240,70],[-310,100],[-260,100],[-590,260],[-370,190],[-240,140],[-470,310],[-470,360],[-310,280],[-400,420],[-100,120],[-180,220],[-130,180],[-260,430],[-130,240],[-130,280],[-120,280],[-100,270],[-90,310],[-50,240],[-90,460],[-50,360],[-80,510],[-90,570],[-80,520],[-80,550],[-80,500],[-160,1040],[-80,540],[-70,500],[-50,310],[-110,720],[-100,640],[-140,960],[-90,540],[-80,490],[-90,580],[-70,410],[-110,510],[-170,650],[-200,630],[-160,440],[-250,630],[-230,510],[-130,240],[-140,280],[-110,210],[-140,240],[-280,470],[-150,220],[-640,910],[-640,790],[-340,380],[-360,370],[-370,360],[-390,360],[-430,380],[-230,200],[-230,180],[-360,280],[-300,210],[-400,290],[-480,330],[-260,180]],[[-84624260,33946100],[180,-10]],[[-84479500,33974180],[820,50],[230,20],[270,20],[520,40],[1230,90],[380,30],[830,70],[870,120],[180,30],[210,40],[430,100],[120,30],[360,100],[760,240],[560,210],[290,130],[500,210],[1010,430],[410,180],[200,90],[350,150],[370,160],[400,170],[400,170],[1090,480],[360,150],[360,160],[420,180],[540,230],[110,50],[120,50],[750,310],[350,150],[320,130],[220,80],[140,50],[210,60],[110,30],[110,30],[50,10],[150,30],[60,10],[140,20],[80,10],[190,20],[190,10],[330,0]],[[-84767960,34243280],[-1500,600],[-1280,490],[-530,210],[-240,100],[-440,170],[-1060,420]],[[-84807710,34269250],[-290,320],[-730,840],[-200,220],[-400,460],[-820,910],[-990,1120],[-1240,1400],[-370,410],[-420,470],[-450,520],[-320,360],[-400,450]],[[-84288590,33217160],[10,1770],[0,720],[10,1750],[10,860],[0,190],[0,770],[10,300],[0,90],[-10,160],[0,110],[10,290],[-20,340],[-60,520],[-60,290],[-80,290],[-170,460],[-140,300],[-250,420],[-360,550],[-170,260],[-20,30],[-340,500]],[[-84293610,33233150],[-210,400],[-290,530],[-270,570],[-190,380],[-240,640],[-100,310],[-120,490],[-80,480],[-60,470],[-10,70],[-140,1270],[-200,1680],[-60,560],[-140,1320],[-80,660],[-20,200],[-110,880],[-40,330],[-20,190]],[[-83675990,33605620],[-1760,300],[-1140,200],[-1840,300],[-930,160],[-4320,730],[-2020,340],[-2900,490],[-1700,290],[-1110,180],[-950,160]],[[-83881730,33832850],[470,-90],[230,-40]],[[-84289580,33265580],[-60,260],[-90,570],[-30,190],[-60,410],[-60,360],[-30,170],[-20,150],[-40,250],[-120,720],[-40,290],[-90,610],[-50,320],[-40,220],[-40,340],[-120,750],[-70,450],[-30,200],[-30,190],[-30,160],[-50,340],[-40,250],[-70,440],[-50,270],[-40,280],[-30,240]],[[-83819570,33611730],[700,-50],[650,-30],[1050,-60],[3360,-240],[2430,-170],[1540,-110],[790,-50],[860,-60],[1230,-90],[880,-60],[1080,-80],[1050,-70],[1210,-80],[1260,-90],[1140,-80],[1080,-80],[2340,-160],[1050,-80],[1590,-110],[1720,-100],[1290,-40],[1310,-20],[1270,0],[1500,40],[1410,60],[1320,90],[910,60],[630,40],[1170,80],[960,70],[1100,70],[1050,70],[910,50],[1220,90],[1040,70],[1180,90],[900,60],[760,50],[920,60],[1560,110],[990,70],[1160,80],[1400,90],[1570,110],[1930,130],[1410,90],[1240,90],[990,70],[2270,150],[1090,80],[670,40],[430,30]],[[-83950680,33628620],[1080,-170],[1010,-160],[600,-90],[1010,-160],[690,-110],[630,-120],[250,-50],[250,-60],[320,-90],[260,-80],[270,-90],[220,-80],[290,-110],[260,-110],[270,-120],[260,-130],[250,-130],[340,-190],[430,-250],[750,-430],[840,-480],[1080,-620],[1550,-890],[860,-490],[1160,-660],[990,-570],[1270,-730],[1300,-740],[650,-370],[690,-390],[580,-330],[370,-220],[730,-420],[1090,-630],[780,-430],[250,-130],[290,-140],[450,-210],[480,-210],[450,-180],[990,-370],[340,-120],[610,-190]],[[-83681060,33813340],[170,110],[420,280],[190,130],[360,250],[260,180]],[[-83678790,33815240],[-330,-240],[-730,-520],[-230,-160]],[[-83675950,33605370],[1630,-270]],[[-83703990,33610100],[610,-100],[360,-60],[430,-70],[1340,-230],[770,-130],[840,-150],[420,-70],[1840,-300],[520,-90],[1010,-170],[650,-110],[1110,-190],[500,-80],[410,-70],[510,-90]],[[-83751700,33803270],[480,-90],[940,-170],[380,-70],[590,-120],[350,-80],[770,-160],[830,-150],[690,-110],[320,-60],[650,-90],[350,-40],[600,-60],[460,-30],[480,-30],[490,-10],[2680,-30],[540,-10],[570,0]],[[-83719020,33806340],[730,-50],[500,-40],[330,-30],[630,-60],[1020,-100],[1630,-160],[2990,-280],[410,-40],[310,-30],[690,-70],[470,-40],[270,-30],[1170,-100],[440,-40],[400,-40],[300,-30],[330,-40],[470,-50],[530,-70],[600,-80],[860,-130],[900,-150],[1160,-190],[1260,-210],[390,-70],[490,-70],[330,-40],[290,-30],[240,-20],[240,-10],[220,0],[270,0],[270,20],[350,30],[280,40],[240,40],[170,40],[460,120],[280,90],[150,50],[190,80],[310,130],[370,190],[240,130],[250,150],[240,150],[540,360],[1150,760]],[[-83679660,33814290],[1080,770],[380,270],[1620,1150],[290,200],[140,90],[610,440],[1060,750],[1780,1260],[1130,800],[120,80],[800,550],[350,240],[160,90],[340,210],[370,200],[400,190],[610,270],[1070,450],[1260,530],[780,340],[1500,670],[210,90],[540,280],[150,80],[350,190],[200,100],[640,400],[460,290],[460,300],[460,300],[1650,1050],[590,380],[240,150],[660,420],[430,280],[100,60],[570,310],[180,80],[460,220],[200,90],[150,70],[360,150],[390,150],[360,140],[1090,420],[290,130],[340,160],[620,330],[1460,860],[350,210],[1130,650],[1310,770],[520,310],[1000,610],[540,370],[430,340],[200,160],[20,20],[350,310],[480,490]],[[-83807680,33817860],[820,-680],[1360,-1150],[3200,-2710],[420,-350],[180,-150],[1660,-1400],[110,-90],[780,-660],[240,-190],[230,-160],[120,-80],[350,-210],[60,-40],[300,-160],[540,-230]],[[-84290990,33274540],[-70,470],[-30,220],[-40,270],[-50,240],[-10,110],[-50,260],[-100,610],[-50,330],[-40,250],[-100,600],[-20,150],[-80,520],[-40,250],[-10,100],[-20,230],[-30,310],[-30,400],[-10,270],[-20,300],[0,400],[10,160],[0,250],[0,210],[10,310],[0,90],[0,50],[0,170],[20,590],[10,510],[30,790],[0,190],[0,210],[30,960],[10,530],[10,300],[10,80],[10,700],[10,460],[0,150],[10,360],[10,470],[10,470],[10,250],[20,770],[40,1290],[30,1350],[0,200],[10,490],[30,890],[10,570],[30,770],[30,1190],[0,110],[10,240],[0,190],[20,990],[10,330],[10,630],[20,600],[40,1300],[0,180],[10,380],[10,260],[0,130],[0,90],[20,460],[10,630],[10,470],[20,770],[0,20],[20,910],[20,770],[10,470],[10,220],[0,20],[30,630],[20,590],[60,740],[0,50],[20,230],[40,340],[90,700],[30,210],[40,230],[20,130],[160,900],[40,230],[100,630],[30,170],[30,180],[30,160],[20,160],[50,290],[10,70],[20,140],[50,300],[10,50],[30,190],[80,460],[20,130],[60,350],[130,700],[170,1030],[80,450],[50,320],[90,500],[170,1010],[40,270],[110,820],[20,310],[0,110],[-10,320],[-20,350],[-30,240],[-60,360],[-80,330],[-10,50],[-40,180],[-60,240],[-40,130],[-60,170],[-20,50],[-120,310],[-70,150],[-160,360],[-170,370],[-60,120],[-190,400],[-430,900],[-80,170],[-560,1170],[-620,1310],[-140,290],[-1060,2230],[-440,930],[-270,600],[-110,240],[-70,170],[-150,410],[-170,490],[-110,380],[-90,320],[-30,140],[-100,410],[-120,650],[-40,250],[-40,310],[-20,140],[-50,590],[-10,160],[-20,680],[10,320],[30,840],[10,200],[10,210],[50,1050],[0,110],[10,400],[20,510],[10,670],[0,670],[-60,650],[-50,410],[-110,830],[-20,110],[-40,330],[-40,280],[0,20],[-50,340],[-40,290],[-100,750],[-60,410],[-30,250],[-20,130],[-30,200],[-110,760],[-160,1130],[-30,200],[-90,750],[-20,270],[-50,540],[-40,810],[-10,330],[-20,540],[10,560],[10,220],[0,1380],[0,2210],[0,1330],[0,1350],[-10,2440],[0,1100],[0,300],[0,150],[0,300],[-10,890],[0,1420],[0,340],[-10,1330],[-20,580],[-30,400],[-30,320],[-20,260],[-30,210]],[[-83705370,33610580],[-740,120],[-840,130],[-890,130],[-870,100],[-1090,110],[-730,60],[-710,40],[-620,30],[-1600,60],[-1200,40],[-1790,60],[-1480,50],[-1200,40],[-1160,40],[-3110,100],[-1570,60],[-1180,40],[-1900,60],[-1040,30],[-2890,100],[-1300,40],[-1230,40],[-600,20],[-390,20],[-580,20],[-1750,50],[-1190,40],[-1770,60],[-1680,60],[-380,10],[-310,10],[-840,20],[-1130,40],[-570,20]],[[-83925320,33617180],[-310,130],[-390,170],[-410,190],[-510,250],[-640,340],[-650,360],[-890,510],[-1070,610],[-860,480],[-520,310],[-240,150],[-900,500],[-1390,800],[-1060,600],[-890,510],[-820,470],[-1130,650],[-910,520],[-840,480],[-750,440],[-830,470],[-650,370],[-350,200],[-240,140],[-290,150],[-400,200],[-520,220],[-540,200],[-260,90],[-280,80],[-270,70],[-270,70],[-280,50],[-540,100],[-900,140],[-830,140],[-1110,170],[-1280,200],[-340,60]],[[-83807780,33818130],[-60,50],[-170,150],[-860,710],[-150,130],[-310,260],[-340,240],[-340,230],[-110,60],[-260,140],[-80,40],[-150,90],[-270,110],[-200,90],[-360,130],[-330,120],[-1140,400],[-1420,490],[-870,300],[-1140,400],[-280,100]],[[-83606240,33867530],[-410,-690],[-440,-790],[-80,-150],[-940,-1730],[-1270,-2310],[-280,-510],[-210,-350],[-270,-470],[-500,-790],[-90,-130]],[[-83881730,33832850],[-420,60],[-160,20],[-100,20],[-300,40],[-340,50],[-590,90],[-310,50],[-140,20],[-160,20],[-70,10],[-520,80],[-610,90],[-480,80],[-120,20],[-240,30],[-140,20],[-250,40],[-140,20],[-180,20],[-50,10],[-340,40],[-180,20],[-260,40],[-80,10],[-500,70],[-380,50],[-330,50],[-110,20],[-180,20],[-100,10],[-90,10],[-240,40],[-90,10],[-90,10],[-40,10],[-180,20],[-120,20],[-150,20],[-290,40],[-90,10],[-590,80],[-130,20],[-270,40],[-570,80],[-70,10],[-100,10],[-220,30],[-250,30],[-230,40],[-330,40],[-390,50],[-330,50],[-100,20],[-420,90],[-30,10],[-40,10],[-70,20],[-130,40],[-220,70],[-240,80],[-300,120],[-130,50],[-60,30],[-130,60],[-210,100],[-120,60],[-120,60],[-230,120],[-230,120],[-370,180],[-250,120],[-230,120],[-290,150],[-1290,680],[-130,70],[-330,170],[-320,160],[-320,150],[-120,60],[-300,160],[-180,90],[-90,40],[-120,60],[-90,50],[-230,120],[-410,200]],[[-83797160,33809820],[-570,280],[-410,210],[-320,180],[-210,120],[-480,320],[-380,280],[-420,320],[-710,580],[-760,650],[-110,90],[-80,70],[-160,130],[-1250,1060],[-2340,1970],[-1340,1140],[-190,160],[-130,120],[-560,470]],[[-83757030,33804420],[-1520,320],[-250,50],[-610,130],[-970,200],[-1590,330],[-1550,320],[-5300,1100],[-540,100],[-550,60],[-560,20],[-560,-10],[-550,-50],[-250,-30],[-330,-30],[-1380,-150],[-480,-50],[-420,-40],[-30,0],[-400,-50],[-280,-30],[-220,-20],[-320,-30],[-180,-20],[-1400,-130],[-2400,-220],[-1470,-140],[-600,-60],[-1230,-110],[-530,-50],[-550,-40],[-540,10],[-260,30],[-290,40],[-530,160],[-760,230],[-350,110],[-1260,380],[-270,80],[-1370,450],[-1120,370],[-350,120],[-140,50],[-1130,370],[-80,30],[-1510,490],[-1610,530],[-140,50],[-810,280],[-590,250]],[[-83644090,33835700],[-220,-220],[-320,-330],[-110,-100],[-550,-450],[-630,-450],[-840,-500],[-820,-480],[-1340,-790],[-1080,-640],[-450,-270],[-870,-500],[-110,-60],[-900,-520],[-420,-210],[-530,-210],[-830,-320],[-590,-220],[-630,-240],[-490,-200],[-430,-210],[-100,-50],[-560,-310],[-750,-480],[-900,-590],[-1970,-1300],[-970,-610],[-980,-640],[-130,-70],[-300,-170],[-500,-260],[-660,-290],[-3010,-1310],[-1620,-710],[-910,-400],[-720,-400],[-1290,-880],[-120,-90],[-1130,-800],[-3610,-2550],[-520,-360],[-1370,-970],[-420,-300]],[[-83818390,33822790],[510,-180],[640,-230],[510,-180],[260,-90],[500,-180],[640,-220],[900,-310],[790,-260],[670,-230],[1070,-380],[60,-20],[320,-120],[600,-220],[150,-70],[250,-130],[360,-180],[390,-230],[530,-380],[460,-390],[430,-370],[200,-170],[160,-140],[50,-40],[170,-140],[90,-70]],[[-83923440,33616370],[660,-170],[660,-170],[570,-110],[690,-120],[290,-50],[950,-190],[910,-180],[840,-150]],[[-83733260,33802450],[350,80],[350,90],[830,230],[450,140],[490,160],[490,180],[420,160],[560,230],[940,420],[1920,870],[400,170]],[[-84548520,33947640],[420,50],[140,20],[120,10],[370,50],[300,20],[240,-20],[260,-50],[130,-50],[240,-130],[190,-170],[150,-180],[90,-140],[120,-230],[320,-670],[90,-190],[130,-240],[120,-170],[320,-380],[410,-400],[400,-330],[440,-290],[360,-190],[240,-130],[120,-50],[270,-110],[390,-150],[600,-150],[520,-80],[240,-10],[240,-10],[130,-10],[130,0],[180,10],[350,20],[530,20],[180,10],[320,10],[190,10],[1260,50],[130,0],[140,10],[230,10],[380,10],[120,0],[180,10],[230,0],[280,10],[480,-40]],[[-84498890,33945730],[-30,-660],[-20,-260],[-70,-290],[-120,-290],[-90,-130],[-100,-130],[-110,-140],[-120,-120],[-150,-110],[-150,-110],[-150,-80],[-330,-160],[-390,-190],[-110,-50],[-670,-340],[-60,-30],[-510,-270]],[[-84547380,33772040],[-220,50],[-330,70],[-1330,280],[-750,150],[-1370,260],[-470,90]],[[-83852250,33615180],[1320,10],[1180,0],[480,10],[2170,-10],[1130,10]],[[-84553990,33773270],[-490,70],[-540,70],[-1510,200],[-1150,120],[-720,70],[-730,70],[-720,60],[-630,50],[-760,50],[-2520,170],[-580,40],[-540,40],[-610,40]],[[-84556470,33994190],[-410,340],[-260,200],[-310,220],[-370,260],[-150,110],[-180,140],[-150,120],[-220,180],[-230,200],[-200,190],[-210,220],[-210,230],[-320,370],[-220,270],[-210,280],[-200,290],[-190,300],[-210,360],[-140,260],[-110,220],[-90,190],[-100,240],[-70,210],[-60,240],[-40,200],[-40,230],[-30,220],[-30,270]],[[-84561710,34048570],[130,160],[140,170],[170,190],[90,100],[90,90],[90,90],[130,130],[110,110],[130,120],[130,110],[170,140],[270,220],[190,150],[270,190],[250,170],[190,120],[250,150],[290,160],[330,170],[340,160],[220,100],[270,110],[190,80],[300,110],[320,110],[160,50],[210,60],[150,40],[290,80],[420,100],[310,80],[590,140],[960,220],[1120,260],[770,180],[890,210],[730,170],[190,40],[170,30],[250,40]],[[-84427610,33983200],[370,230],[200,150]],[[-84460120,33889570],[-130,160],[-150,190],[-120,150],[-180,230],[-80,100],[-110,140],[-450,540],[-100,120]],[[-84556470,33994190],[-510,320],[-420,270],[-240,160],[-270,190],[-220,170],[-280,220],[-240,200],[-340,300],[-320,300],[-330,330],[-220,250],[-270,330],[-260,340],[-280,390],[-270,410],[-290,490],[-430,770],[-300,540]],[[-84412060,33966480],[80,-120],[100,-180],[80,-200],[10,-80],[20,-120],[0,-50],[0,-360],[0,-60],[0,-160],[10,-210],[0,-110],[10,-180],[0,-40],[0,-280],[0,-110],[0,-210],[0,-240],[0,-270],[0,-250],[0,-100],[0,-210],[0,-140],[0,-50],[-10,-750],[0,-60],[0,-140],[0,-100],[0,-190],[0,-220],[0,-370],[-10,-130],[0,-110],[-10,-260],[-10,-200],[-30,-370],[-10,-150],[-10,-390],[-20,-1170],[-20,-1440],[0,-250],[0,-420]],[[-84500820,33843830],[-420,-300]],[[-84588380,34050820],[-1050,750],[-320,220],[-310,210],[-610,410],[-510,330],[-360,230],[-890,540],[-310,190],[-290,170],[-450,260],[-140,80],[-300,170],[-810,460],[-520,300],[-890,510],[-660,380],[-1400,800],[-970,550],[-320,180],[-400,230],[-1120,640],[-680,380],[-280,160],[-180,110],[-180,110],[-310,200],[-170,110],[-200,130],[-190,130],[-170,120],[-190,140],[-210,160],[-160,120],[-200,160],[-230,190],[-150,130],[-150,130],[-190,170],[-140,130],[-130,120],[-170,170],[-190,200],[-160,170],[-140,150],[-170,190],[-150,170],[-170,200],[-130,160],[-150,190],[-220,270],[-170,210],[-270,330],[-310,380],[-320,400],[-130,160],[-270,330],[-210,250],[-220,260],[-170,200]],[[-84578520,33952130],[-130,-10],[-80,0],[-50,0],[-320,-10],[-440,-40],[-320,-40],[-450,-80],[-310,-60],[-220,-60],[-360,-100],[-90,-30],[-50,-20],[-140,-40],[-400,-150],[-400,-170],[-530,-250],[-80,-10],[-190,-30],[-240,-100],[-220,-90],[-70,-30],[-270,-110],[-320,-150],[-400,-180],[-450,-200],[-190,-80],[-420,-180],[-280,-120],[-130,-60],[-290,-130],[-100,-50],[-810,-380],[-120,-60],[-430,-190],[-450,-210],[-200,-90],[-460,-210],[-80,-40],[-530,-250],[-120,-60],[-280,-150],[-270,-110],[-560,-230],[-820,-370],[-520,-230],[-350,-160],[-820,-370],[-620,-210],[-500,-140],[-820,-170],[-330,-60],[-490,-100],[-150,-30],[-190,-30],[-340,-60],[-320,-60],[-240,-40],[-80,-20],[-140,-30],[-330,-60],[-210,-40],[-710,-160],[-660,-90],[-590,-50],[-630,-30],[-290,0],[-390,10],[-240,10],[-370,20],[-460,30],[-1330,70],[-700,50],[-170,10],[-400,30],[-380,30]],[[-84411710,33956030],[10,680],[10,1420],[20,690],[10,480],[10,580],[20,340],[20,290],[10,240],[0,70],[20,470],[0,140],[0,260],[0,310],[0,90],[0,110],[10,580],[0,170],[0,200],[0,370],[0,250],[0,210],[0,30],[0,30],[0,180],[10,400],[0,20],[0,40],[0,170],[0,60],[0,30],[0,20],[0,20],[0,180],[0,150],[10,130],[0,70],[0,70],[-10,150],[0,110],[-10,90],[-20,110],[-70,220],[-80,160],[-70,100]],[[-84530440,33843960],[440,-310],[260,-160],[420,-220],[470,-190],[330,-110],[170,-40],[170,-50],[340,-60],[160,-20],[190,-20],[180,-20],[230,-10],[150,-10],[390,-10],[380,-10],[200,-10],[660,-30],[560,-30],[300,-10],[330,-10],[180,-10],[430,-20],[420,-30],[210,-30],[290,-40],[540,-120],[420,-120],[300,-110],[530,-230],[350,-180],[500,-300],[530,-350],[400,-250],[210,-140],[180,-110],[440,-280]],[[-85068340,33557610],[890,-10],[70,0],[230,10],[340,10],[420,20],[810,70],[580,70],[100,10],[450,60],[150,30],[500,100],[250,50],[580,150],[480,140],[430,140],[310,110],[320,130],[370,160],[420,190],[320,150],[350,180],[260,150],[250,150],[130,80],[300,190],[290,200],[360,260],[280,220],[120,100],[150,130],[360,320],[170,160],[250,250],[320,310],[690,670],[560,550],[630,610],[1120,1090],[750,730],[410,390],[420,390],[170,160],[190,170],[180,150],[230,200],[370,310],[860,720]],[[-85040820,33593990],[310,130],[180,80],[450,210],[170,80],[170,90],[60,30],[860,450],[220,120],[190,100],[180,100],[210,120],[250,140],[460,250],[200,100],[540,290],[310,170],[120,60],[180,100],[350,180],[600,320],[410,210],[340,180],[260,140],[470,250],[100,50],[410,210],[160,80],[160,90],[580,300],[160,90],[310,160],[690,370],[460,260],[460,300],[370,270],[420,340],[850,710],[520,450],[620,520],[490,430],[440,360],[330,280],[560,480],[550,480],[110,90],[330,270],[180,150],[280,240],[30,30],[150,120],[190,150],[240,170],[310,180],[140,80],[410,200],[330,150],[230,80],[90,30],[400,140],[70,30],[450,150],[270,110],[420,140],[200,70],[440,160],[580,200],[1520,540],[400,140],[460,170],[260,90],[2110,740],[710,250],[950,340],[790,280],[100,40],[490,170],[960,340],[170,60],[1030,370],[320,110],[1000,350],[320,110],[500,160],[650,180],[520,130],[150,40],[450,110],[150,40],[900,230],[170,40],[610,160],[630,180],[300,70],[310,80],[440,120],[250,70],[300,90],[200,70],[190,70],[230,100],[290,140],[250,140],[220,140],[140,90],[250,190],[150,130]],[[-84411810,33966520],[-100,120],[-220,230],[-190,150],[-70,50],[-440,310],[-300,240],[-160,180],[-120,200],[-80,200],[-50,290],[10,280],[30,290],[30,250],[10,140],[60,570],[20,270],[40,430],[10,70],[40,320],[10,140],[50,470],[10,80],[20,290],[50,590],[0,150],[0,80],[-20,230],[-40,150],[-50,160],[-20,40],[-60,150],[-110,180]],[[-84403840,33942820],[-340,280],[-120,110],[-240,210],[-230,160],[-230,190],[-270,240],[-170,150],[-70,60],[-270,250],[-290,270],[-130,140],[-170,190]],[[-84932350,33722280],[340,10],[390,10],[420,10],[490,10],[850,10],[1710,30],[3540,60],[1430,30],[550,10],[340,10],[350,10],[460,30],[560,50],[450,50],[590,70],[540,80],[390,70],[620,130],[550,120],[680,160],[680,150],[960,230],[850,200],[2100,480]],[[-85183110,33688590],[190,-10],[240,-20],[300,-20],[120,-10],[570,-40],[710,-50],[590,-40],[1190,-90],[750,-70],[460,-40],[470,-50],[390,-50],[300,-20],[650,-70],[470,-60],[1150,-150],[860,-120],[980,-150],[700,-110],[680,-110],[870,-160],[710,-120],[440,-80],[600,-90],[460,-80],[1210,-210],[860,-150],[720,-120],[980,-170],[690,-120],[630,-100],[910,-120],[820,-100],[1420,-140],[670,-40],[430,-20],[830,-40]],[[-85079010,33557360],[1120,20],[2430,60],[2170,40],[280,10],[1480,40],[3190,80]],[[-84487240,33925740],[580,-1050],[400,-720],[400,-710],[230,-400],[40,-70],[50,-80],[70,-130],[280,-530],[300,-540],[270,-490],[310,-520],[280,-470],[450,-710],[140,-230]],[[-84491940,33822900],[180,170],[440,420],[420,380],[360,330],[270,250],[230,210],[300,270],[280,250],[200,180],[440,410],[200,180],[150,140],[190,190],[160,160],[150,160],[160,180],[190,240],[140,180],[120,170],[130,190],[80,120],[80,120],[90,130],[130,180]],[[-85314790,33538070],[-60,-50],[-550,-450]],[[-84424130,33773150],[-140,-40],[-140,-30],[-160,-50],[-170,-50],[-380,-150]],[[-84361880,33850620],[-40,-50],[-50,-50],[-100,-100]],[[-84631010,33867610],[740,-220]],[[-84537350,33979920],[-1010,990],[-510,520],[-230,230],[-200,210],[-920,910],[-1090,1090],[-580,580],[-200,210],[-1100,1100],[-830,820],[-190,190],[-570,520],[-300,260],[-400,330],[-670,500],[-510,420]],[[-84559680,34008590],[180,670],[180,670],[210,930],[90,460],[50,290],[80,490],[30,180],[80,510],[70,520],[40,440],[20,280],[10,150],[30,290],[10,160],[30,490],[20,740],[10,530],[0,110],[-30,880],[-10,350],[-40,500],[-60,830],[-20,220]],[[-84998430,33614890],[-250,-330],[-290,-300],[-200,-180],[-110,-90],[-270,-200],[-200,-140],[-320,-190],[-460,-240],[-320,-120],[-180,-60],[-220,-70],[-250,-70],[-510,-130],[-210,-60],[-620,-160],[-340,-90],[-670,-170],[-290,-80],[-740,-190],[-670,-160],[-690,-190],[-310,-90],[-440,-120],[-910,-290],[-380,-130],[-720,-260],[-2000,-710],[-750,-260],[-860,-300],[-870,-310],[-260,-90],[-370,-140],[-960,-340],[-510,-180],[-310,-110],[-270,-90],[-70,-30],[-1670,-580],[-1050,-390],[-290,-100],[-450,-160],[-290,-100],[-300,-100],[-530,-190],[-230,-90],[-320,-120],[-90,-30],[-520,-190],[-240,-100],[-140,-50],[-150,-60],[-370,-180],[-180,-110],[-160,-100],[-190,-120],[-220,-140],[-150,-110],[-230,-190],[-150,-130],[-90,-80],[-160,-140],[-400,-340],[-90,-70],[-520,-450],[-620,-530],[-610,-520],[-580,-490],[-660,-560],[-490,-410],[-280,-230],[-270,-230],[-160,-150],[-250,-200],[-180,-140],[-600,-450],[-480,-300],[-310,-170],[-960,-510],[-160,-90],[-360,-180],[-400,-210],[-210,-110],[-200,-110],[-220,-110],[-90,-50],[-350,-190],[-100,-50],[-230,-120],[-350,-180],[-980,-520],[-310,-170],[-260,-130],[-40,-20],[-230,-130],[-80,-40],[-280,-150],[-450,-230],[-330,-180],[-720,-380],[-160,-90],[-190,-100],[-230,-120],[-1080,-540]],[[-84356750,33909720],[20,130],[30,230],[20,180],[10,180],[0,150],[0,260]],[[-84047020,34353460],[-130,-340]],[[-84345850,33745660],[-440,20],[-460,0],[-410,0],[-430,-10],[-220,0],[-440,-30],[-430,-40],[-230,-30],[-320,-30],[-180,-10],[-230,-30],[-190,-30],[-200,-30],[-260,-50],[-420,-80],[-530,-100],[-430,-80],[-160,-20],[-260,-50],[-220,-50],[-170,-60],[-140,-30],[-250,-60],[-460,-120],[-770,-220]],[[-84034690,34365200],[-200,-220],[-240,-240],[-170,-160],[-370,-340],[-210,-190],[-310,-260],[-340,-310],[-310,-220],[-220,-160],[-490,-350],[-270,-190],[-370,-240],[-320,-210]],[[-84560400,34014030],[360,20],[320,0],[260,-10],[530,-10],[170,0],[110,0],[320,-20],[230,-10],[840,-30]],[[-84630140,33867510],[-720,220]],[[-84392070,34003990],[-190,-120],[-390,-230],[-470,-280],[-440,-210],[-270,-130],[-580,-230],[-670,-240],[-460,-140],[-440,-130],[-750,-170],[-900,-140],[-600,-100],[-770,-110],[-580,-80],[-360,-50],[-560,-80],[-810,-120],[-500,-70],[-690,-100],[-670,-80],[-470,-80],[-440,-90],[-150,-40],[-230,-70],[-120,-40],[-250,-90],[-420,-190],[-350,-200],[-90,-50],[-310,-220],[-80,-70],[-210,-170],[-240,-260],[-100,-120],[-190,-250],[-190,-280],[-40,-70],[-100,-160],[-310,-480],[-360,-570],[-250,-390],[-230,-350],[-40,-70],[-340,-530],[-140,-200],[-160,-230],[-230,-280]],[[-85199200,33562250],[-350,130],[-590,220],[-240,90],[-1360,500],[-480,160],[-490,130],[-470,100],[-220,40],[-280,40],[-500,60],[-510,40],[-790,50],[-1990,140],[-1570,120],[-770,40],[-390,20],[-620,30],[-390,0],[-260,-20],[-170,-10],[-580,-50],[-700,-80],[-170,-30],[-270,-50],[-380,-90],[-800,-210],[-1570,-420],[-2520,-750],[-870,-250],[-540,-160],[-640,-130],[-400,-70],[-580,-60],[-410,-50],[-450,-50],[-320,-40],[-280,-30],[-130,-10],[-130,-10],[-290,-30],[-210,-30],[-440,-50],[-170,-20],[-360,-50],[-440,-40],[-380,-40],[-330,-40],[-340,-40],[-210,-20],[-620,-70],[-420,-50],[-120,-10],[-70,-10],[-530,-60],[-1290,-140],[-480,-60],[-140,-30],[-300,-50],[-350,-100],[-100,-40],[-80,-30],[-180,-70],[-100,-50],[-150,-60],[-150,-90],[-110,-70],[-100,-60],[-130,-100],[-130,-90],[-190,-160],[-90,-110],[-220,-230],[-130,-180],[-50,-70],[-130,-210],[-220,-370],[-370,-700],[-120,-220],[-60,-100],[-120,-230],[-170,-310],[-40,-70],[-440,-830],[-110,-180],[-170,-310],[-140,-270],[-440,-830],[-760,-1380],[-150,-240],[-250,-390],[-210,-310],[-290,-380],[-20,-30],[-280,-370],[-440,-550],[-100,-130],[-210,-250],[-320,-390],[-40,-40],[-300,-330],[-80,-90],[-230,-230],[-160,-160],[-400,-360],[-200,-180],[-30,-20],[-190,-170],[-400,-360],[-180,-160],[-150,-130],[-150,-140],[-170,-150],[-90,-80],[-90,-80],[-370,-320],[-280,-240],[-160,-140],[-820,-740],[-180,-150],[-520,-490],[-270,-270],[-250,-250],[-100,-110],[-270,-310],[-210,-290],[-20,-30],[-490,-640],[-310,-400],[-340,-370],[-370,-350],[-660,-550],[-470,-380],[-120,-100],[-40,-30],[-90,-70],[-190,-140],[-190,-150],[-130,-110],[-200,-150],[-120,-90],[-150,-120],[-200,-160],[-120,-90],[-650,-530],[-120,-100],[-160,-120],[-210,-150],[-90,-50],[-140,-70],[-220,-110],[-190,-90],[-350,-140],[-110,-50],[-130,-50],[-300,-120],[-150,-60],[-90,-40],[-150,-60],[-300,-110],[-100,-40],[-60,-30],[-150,-50],[-220,-60],[-220,-30],[-40,-10],[-130,0],[-200,-10]],[[-84932590,33722540],[-1040,-20],[-1740,-30],[-3910,-50],[-220,0],[-2110,-30],[-1330,-20],[-1010,-20],[-640,-20],[-240,-10],[-320,-20],[-230,-20],[-280,-20]],[[-84379200,33913290],[-10,200],[-20,140],[-10,90],[-10,130],[-20,150],[-10,180],[-30,430],[-10,200],[10,220],[20,560],[20,160],[20,170],[10,90],[10,90],[20,130],[20,380],[0,70],[30,310],[0,60],[10,130],[10,80],[10,180],[30,410],[20,190],[10,130],[10,110],[10,160],[0,330],[10,180],[10,150]],[[-84551910,33772750],[650,-110],[450,-80],[760,-140],[430,-80],[460,-90],[930,-190],[320,-70],[450,-100],[360,-80],[490,-120]],[[-84457860,33885900],[310,-390],[340,-390],[520,-580],[670,-700],[490,-500],[350,-350],[330,-340],[320,-330],[480,-510],[270,-290],[260,-290],[290,-320],[570,-610],[190,-210],[210,-230],[250,-270],[430,-440],[190,-210],[170,-180],[700,-720],[180,-170],[400,-390],[170,-170],[720,-720],[190,-180],[80,-80],[140,-130],[70,-70],[170,-170]],[[-84475410,33904820],[290,-600]],[[-84549460,34053950],[-310,-70],[-600,-140],[-740,-170],[-840,-200],[-370,-80],[-570,-130],[-860,-200],[-790,-180],[-540,-130],[-300,-70],[-360,-90],[-290,-70],[-110,-30],[-140,-40],[-190,-50],[-180,-60],[-140,-50],[-210,-70],[-270,-100],[-310,-120],[-130,-50],[-130,-50],[-160,-70],[-140,-70],[-260,-130],[-220,-110],[-280,-150],[-170,-100],[-180,-110],[-150,-90],[-160,-100],[-90,-60],[-70,-50],[-100,-70],[-160,-110],[-210,-160],[-180,-140],[-120,-100],[-170,-140],[-160,-140],[-130,-120],[-130,-120],[-150,-150],[-100,-100],[-100,-110],[-170,-190],[-120,-130],[-240,-300],[-210,-290]],[[-84557270,34014130],[-1370,50],[-120,0],[-150,0],[-340,0],[-170,0],[-270,0],[-350,0],[-530,-10]],[[-84427060,33983800],[-220,-150]],[[-84475200,33905240],[-360,690],[-230,420],[-330,600],[-50,90],[-360,680],[-830,1490],[-300,540],[-380,680],[-100,170],[-180,320],[-150,270],[-140,250],[-250,460],[-310,560],[-200,360],[-620,1110]],[[-84056910,34328680],[110,340],[170,510],[130,460],[100,420],[100,460],[200,1290],[180,1130],[190,1180],[90,510],[50,270],[10,40],[40,220],[70,430],[140,820],[10,50],[80,380],[70,350],[30,140],[190,700],[40,120],[70,210],[60,170],[60,200],[90,220],[60,120],[230,590],[180,360],[170,350],[100,210],[190,330],[110,200],[80,140],[420,630],[160,230],[180,260],[90,140],[320,420],[170,230],[180,230],[190,250],[170,220],[240,320],[710,930],[40,60],[270,360],[580,810],[80,120],[120,200],[130,210],[190,350],[50,80],[350,650],[80,160],[130,290],[180,420],[150,330],[90,230],[80,200],[40,90],[160,380],[110,270],[120,290],[140,340],[90,220],[190,470],[240,590],[350,850]],[[-84034670,34364860],[210,230],[180,190],[460,570],[40,50],[160,210],[120,170],[510,690],[260,360],[290,400],[420,570],[180,250],[1260,1740],[840,1150],[360,500],[340,460],[480,580],[240,290],[330,410],[270,330],[220,260],[240,270],[180,210],[670,770],[240,280],[480,560],[380,480],[210,270],[260,430],[130,220],[230,500],[30,70],[170,400],[170,470],[90,540],[20,100],[80,560],[20,160],[50,360],[30,200],[70,500],[70,530],[180,1360],[90,680],[80,690],[70,410],[40,210],[120,730],[50,200],[80,260],[250,640],[200,410],[220,430],[180,280],[200,290],[430,540],[870,1160],[80,100],[610,800],[120,160],[60,80],[60,80],[1130,1480],[300,390],[580,760],[370,420],[290,340],[310,280],[260,230],[540,410],[940,650],[540,370],[310,210],[720,440],[510,350],[680,460],[280,220]],[[-85315400,33537570],[550,450],[60,50]],[[-84516670,33956430],[40,-250],[10,-90],[20,-180],[20,-200],[50,-430],[30,-420],[10,-470],[10,-480],[20,-880],[-20,-800],[-10,-350],[10,-550],[10,-480],[20,-190],[50,-330],[50,-250],[20,-80],[20,-80],[30,-120],[20,-60],[30,-90],[40,-100],[70,-180],[50,-110],[100,-200],[110,-210],[100,-170],[60,-90],[150,-230],[120,-170],[80,-100],[220,-250],[180,-180],[190,-180],[230,-210],[120,-100],[90,-70],[130,-90],[380,-260],[280,-180],[370,-230],[540,-340],[820,-520],[550,-340],[280,-180],[390,-230],[380,-240],[120,-70]],[[-84563320,34002020],[220,-380],[250,-430],[190,-320],[310,-490],[160,-290]],[[-84561720,34033050],[90,-440],[90,-410],[90,-450],[120,-630],[90,-400],[120,-570],[70,-360],[120,-610],[20,-90],[200,-990],[100,-500],[190,-890],[90,-440],[250,-1210],[70,-370],[130,-660],[160,-750],[70,-340],[190,-950],[80,-390],[140,-690],[60,-340],[40,-260],[30,-230],[40,-290]],[[-84378570,33936680],[170,250],[100,130],[320,460]],[[-84494310,33639150],[310,-440],[160,-220],[130,-170],[400,-520],[380,-510],[760,-1000],[350,-490],[150,-210],[320,-460],[50,-90],[270,-440],[280,-500],[220,-420],[210,-430],[160,-400]],[[-84561960,34000170],[-150,270],[-320,550],[-230,400],[-210,370],[-260,470],[-260,450],[-240,420],[-270,440],[-380,620],[-390,640]],[[-84562170,34048390],[-200,-250],[-60,-90],[-110,-180],[-60,-100],[-140,-240],[-140,-260],[-90,-190],[-100,-210],[-40,-90],[-50,-120],[-60,-150],[-50,-170],[-50,-150],[-50,-170],[-30,-100],[-50,-170],[-60,-220],[-60,-240],[-40,-190],[-70,-440],[-20,-260],[-20,-180],[-10,-100],[0,-190],[0,-430],[10,-230],[20,-260],[20,-190],[30,-200]],[[-84597720,33855320],[-270,-10],[-170,-20],[-310,-40],[-280,-70],[-350,-110],[-60,-20],[-680,-240],[-430,-160],[-280,-100],[-90,-30],[-250,-80],[-120,-40],[-330,-90],[-140,-40],[-420,-80],[-160,-10],[-470,-30]],[[-84530260,33844020],[-730,490],[-390,280],[-380,260],[-270,160],[-290,150],[-330,140],[-360,120],[-390,100],[-390,70],[-390,40],[-380,0],[-430,-20],[-40,0],[-570,-40],[-610,-50],[-1180,-90],[-330,-20],[-940,-70],[-2140,-160],[-1180,-80],[-240,-20],[-840,-70],[-620,-60],[-890,-10],[-680,0],[-380,50],[-410,70],[-410,100],[-400,130],[-580,240],[-390,210],[-560,330],[-1470,890],[-1980,1210],[-890,540],[-490,300],[-500,300],[-160,110],[-200,150],[-170,140],[-170,160],[-250,250],[-40,50],[-190,240],[-370,440],[-360,420],[-280,300],[-250,250],[-290,240],[-330,220],[-360,210],[-330,180]],[[-84501240,33843530],[-800,-490],[-260,-170],[-620,-350],[-80,-40],[-820,-460],[-630,-370],[-1430,-850],[-390,-230],[-640,-380],[-580,-350],[-820,-480],[-380,-220],[-370,-190],[-380,-170],[-400,-150],[-420,-130],[-430,-100],[-440,-80],[-160,-20],[-470,-50],[-420,-30],[-410,-10],[-340,20],[-340,20],[-200,30],[-440,70],[-650,160],[-430,130],[-270,100],[-170,70],[-230,100],[-130,60],[-190,90],[-340,190],[-580,370],[-440,290],[-290,200],[-460,300]],[[-84390860,33784700],[-20,230],[0,180],[0,140],[30,580],[10,340],[10,390],[0,110],[0,190],[-10,150],[20,1160],[0,600],[0,250],[0,330],[0,290],[-20,530],[0,70],[-10,190]],[[-84441330,33650550],[1070,520],[400,170]],[[-84264130,34083500],[200,360],[1200,2310],[670,1290],[160,310],[140,260],[250,380],[260,410],[290,410],[390,440],[330,390],[260,260],[90,90],[320,240],[480,360],[840,640],[1100,880]],[[-84363480,33523600],[0,-90],[-30,-550],[-30,-500]],[[-84401400,33915110],[660,-250],[1210,-430],[250,-90],[80,-30],[750,-240],[170,-50],[200,-50],[600,-140],[670,-130],[530,-80],[100,-10],[120,-20],[630,-80],[1440,-190],[1370,-180],[90,-10],[80,-10],[80,-10],[1020,-130],[670,-90],[1140,-140],[800,-100]],[[-84270350,33557990],[450,-1080],[140,-340],[120,-330],[70,-200],[70,-230],[90,-310],[70,-240],[70,-260],[60,-250],[50,-230],[50,-270],[40,-210],[40,-230],[40,-300],[20,-190],[20,-150],[20,-170],[20,-210],[10,-150],[20,-260],[10,-430],[-10,-530],[10,-190],[0,-90],[-30,-400],[-30,-170],[-20,-130],[-30,-270],[-30,-230],[-40,-270],[-50,-290],[-40,-210],[-60,-260]],[[-84442210,33749300],[-330,240],[-340,250],[-330,240],[-270,190],[-250,170],[-200,130],[-190,120],[-140,80],[-220,120],[-140,80],[-160,70],[-150,70],[-150,60],[-160,60],[-170,60],[-180,60],[-150,50],[-180,50],[-160,40],[-190,40],[-210,40],[-250,40],[-220,30],[-290,30],[-260,20],[-260,10],[-240,0],[-240,-10],[-230,-20],[-190,-20],[-150,-20],[-270,-40],[-300,-50],[-260,-50],[-510,-110]],[[-84488530,33624590],[100,-630],[110,-750],[50,-310],[30,-240],[30,-200],[20,-130],[30,-170],[50,-220],[50,-190],[50,-170],[70,-190],[90,-210],[100,-190],[80,-140],[90,-130],[100,-140],[130,-160],[90,-100],[150,-150],[210,-190],[70,-60],[130,-100],[170,-120],[130,-80],[140,-80],[170,-90],[150,-70],[180,-80],[240,-90],[160,-50],[180,-50],[120,-30],[160,-30],[180,-30],[130,-20],[170,-20],[160,-10],[260,-10],[260,0],[190,10],[150,10],[290,40],[270,40],[220,40],[270,50],[150,30],[190,40],[190,40],[1020,240],[560,130],[320,70],[270,60],[270,60],[280,60],[240,50],[200,40],[290,50],[540,90]],[[-84703130,33940540],[-530,-160],[-380,-120],[-70,-20],[-1200,-290],[-920,-220],[-190,-40],[-730,-170],[-560,-150],[-970,-260],[-640,-180],[-510,-150],[-760,-220],[-1210,-340],[-380,-110],[-150,-40],[-80,-20],[-970,-280],[-590,-170],[-540,-160],[-3210,-910],[-1440,-410],[-720,-200],[-560,-160],[-60,-20],[-760,-220],[-930,-270],[-500,-150],[-550,-150],[-160,-40]],[[-84558680,33812340],[400,-110],[240,-40],[80,-20],[100,-10],[340,-30],[140,-10],[80,0],[200,-10],[490,-20],[320,-20],[600,-20],[290,-10],[580,-20],[340,0],[130,0],[330,30],[270,30],[70,10],[360,60],[370,70],[160,30],[430,100],[320,60],[190,40],[120,20],[260,50],[120,30],[160,30],[220,40],[410,70],[300,40],[560,70],[780,90],[840,100],[450,50],[360,50],[240,20],[260,30],[250,10],[170,0],[210,0],[440,-30],[410,-30],[210,-20],[110,-10],[180,-10],[140,-10],[380,0],[280,10],[350,30],[370,60],[260,50],[260,50],[220,40],[240,40],[200,30],[40,0],[370,50],[150,10],[80,0],[270,0],[220,-10],[360,-40],[400,-80],[260,-80],[340,-130],[280,-110],[260,-120],[100,-40],[560,-250],[410,-180],[390,-180],[340,-160],[50,-20],[190,-110],[210,-110],[420,-260],[280,-180],[260,-190],[100,-70],[310,-220],[150,-110],[220,-170],[40,-30],[250,-210],[270,-220],[300,-290],[50,-50],[270,-260],[390,-380],[180,-170],[300,-270],[120,-110],[400,-310],[750,-540],[590,-400],[300,-210],[190,-130],[290,-200],[230,-160],[230,-160],[90,-70],[190,-120],[310,-220],[160,-120],[40,-30],[320,-210],[80,-50],[310,-200],[240,-130],[200,-120],[370,-180],[180,-80],[190,-90],[130,-50],[130,-60],[270,-110],[210,-70]],[[-84357940,33918910],[0,-250],[0,-140]],[[-84378570,33936680],[-120,-200],[-120,-200],[-100,-140],[-60,-80],[-190,-290],[-60,-100],[-100,-170],[-140,-290],[-80,-140],[-50,-120],[-120,-310],[-60,-130],[-10,-50],[-60,-230],[-100,-420],[-50,-360],[-10,-140],[-10,-60],[-10,-100],[-10,-100],[-10,-260],[-10,-90],[0,-180],[10,-170],[0,-110],[40,-200],[50,-270],[110,-380],[40,-130],[50,-140],[30,-80],[60,-170],[70,-190],[50,-130],[30,-110],[50,-100],[40,-100],[40,-110],[10,-30],[40,-200],[30,-120],[30,-130],[20,-80],[20,-100],[50,-320],[20,-260],[0,-50],[10,-230],[0,-20],[0,-40],[10,-170],[10,-110],[0,-90],[0,-210],[0,-110],[0,-70],[0,-160],[0,-40],[10,-250],[20,-540],[10,-320],[0,-160],[0,-210],[0,-70],[0,-210],[0,-170],[0,-50],[10,-480]],[[-84403840,33641050],[280,-10],[340,0],[150,0],[490,20]],[[-84401450,33801290],[680,-110],[290,-50],[620,-110],[380,-80],[290,-70],[260,-70],[250,-80],[210,-80],[180,-80],[280,-130],[170,-100],[170,-100],[110,-80],[110,-80],[150,-110],[90,-70],[170,-150],[140,-130],[40,-40],[60,-70],[60,-70],[160,-190],[50,-60],[50,-70],[90,-130],[70,-110],[70,-120],[40,-70],[390,-710]],[[-84300210,33629640],[-290,360],[-170,200],[-180,200],[-130,130],[-130,140],[-230,230],[-170,160],[-760,760],[-420,410],[-420,410],[-640,630],[-730,730],[-540,530],[-210,200],[-580,570],[-450,450],[-280,270],[-150,150],[-200,200],[-410,410]],[[-83920650,34074060],[550,220],[320,120],[360,120],[330,100],[280,80],[440,130],[390,110],[190,50],[260,60],[260,60],[240,50],[310,60],[330,60],[360,60],[320,50],[270,40],[310,40],[260,30],[200,20],[270,20],[300,20],[480,30],[700,40],[600,30]],[[-84493870,33758350],[-130,-470],[-70,-230],[-70,-210],[-50,-140],[-60,-160],[-70,-190],[-260,-680],[-820,-2100],[-130,-320],[-80,-210],[-50,-140],[-180,-450],[-130,-340],[-220,-580],[-150,-410],[-130,-330],[-130,-320],[-40,-110],[-100,-250]],[[-84494910,33768590],[110,-330],[30,-90],[90,-310],[40,-140],[40,-130],[40,-140],[160,-510],[240,-800],[160,-600],[100,-330],[40,-160],[110,-660],[60,-460],[90,-770],[20,-240],[50,-940]],[[-84397440,33648110],[250,810],[160,460],[170,480],[300,920],[130,380],[100,280],[100,290],[120,340],[80,250]],[[-84388340,33767200],[-190,130],[-120,90],[-110,90],[-130,120]],[[-84368760,33545310],[-210,480],[-150,420],[-60,190],[-140,480]],[[-84548250,33597650],[-370,-330],[-230,-220],[-190,-210],[-200,-220],[-120,-180],[-120,-210],[-60,-190],[-60,-150],[-10,-40],[-60,-230],[-50,-280],[0,-50],[0,-320],[30,-340],[10,-40],[50,-220],[70,-280],[70,-290],[30,-100],[100,-390],[50,-210],[40,-150],[30,-110],[70,-250],[60,-230],[110,-430],[10,-30],[20,-100],[20,-120],[20,-100],[30,-130],[30,-330],[10,-150],[0,-100],[0,-410],[0,-160],[0,-150],[0,-190],[10,-340],[20,-690],[30,-1420],[0,-80],[0,-550],[0,-100],[-30,-490],[-70,-450],[-100,-400],[-20,-70],[-100,-380],[-120,-340],[-200,-500],[-260,-480],[-100,-180],[-150,-210],[-110,-170],[-220,-320],[-240,-290],[-130,-180],[-100,-110],[-50,-40],[-90,-80],[-70,-70],[-290,-280]],[[-84396180,33610020],[-200,700],[-310,1090],[-450,1640],[-240,840],[-220,790],[-560,1870],[-150,520],[-60,200],[-210,750],[-180,640],[-70,260],[-140,480],[-170,600],[-120,450]],[[-84014290,33872750],[-570,150],[-270,100]],[[-83985630,34079540],[240,-230],[250,-240],[170,-170],[80,-90]],[[-84388940,33767680],[-240,250],[-90,110],[-70,90],[-80,110],[-60,90],[-100,140],[-50,80],[-70,120],[-80,150],[-60,130],[-40,100],[-30,90],[-50,160],[-40,160],[-20,90],[-20,110],[-20,140],[-10,110],[-10,170],[-20,490],[0,450]],[[-84390070,33772380],[0,180],[10,600],[0,350],[-20,190]],[[-84372400,33810670],[650,160],[310,90],[550,170],[620,220],[420,140],[410,150],[400,170],[880,380],[260,130],[330,170],[890,480],[490,310]],[[-84415570,33697390],[920,-230],[600,-140],[130,-30],[1170,-270]],[[-84327730,34017280],[-140,-190],[-490,-700],[-770,-1050],[-1900,-2610],[-530,-730],[-950,-1300],[-180,-260],[-110,-150],[-80,-110],[-150,-200],[-330,-460],[-330,-450],[-190,-260],[-200,-270],[-210,-310],[-250,-400],[-130,-220],[-160,-270],[-190,-340],[-100,-190],[-140,-290],[-290,-610],[-80,-180],[-220,-560],[-150,-460],[-170,-570],[-90,-340],[-30,-170],[-170,-840],[-150,-910],[-290,-1820],[-430,-2660],[-490,-3010],[-270,-1640],[-90,-570],[-60,-300],[-40,-200],[-120,-540],[-130,-550],[-130,-510],[-140,-530],[-220,-760],[-380,-1090],[-310,-810],[-280,-670],[-350,-790],[-450,-970],[-350,-680],[-290,-550],[-360,-660],[-90,-160],[-50,-100],[-120,-260],[-140,-280]],[[-84400250,33640680],[-170,60],[-170,60],[-70,20],[-210,70],[-140,40],[-100,30],[-20,0],[-210,40],[-370,50]],[[-84372260,33743500],[-280,10],[-420,-10],[-360,-10],[-270,0],[-360,0],[-840,0],[-430,20],[-400,0],[-270,0]],[[-84398760,33645280],[-390,-940],[-320,-810],[-160,-400],[-110,-320],[-200,-570],[-210,-590],[-130,-560],[-140,-350],[-210,-570],[-220,-650],[-200,-570],[-70,-200],[-50,-160],[-130,-450],[-70,-300],[-60,-280],[-30,-210]],[[-84390420,33786670],[20,320],[0,180],[-10,230],[0,140],[0,400],[0,240],[20,850],[-70,300],[-70,160],[-70,90],[0,240],[10,1080],[20,950],[-30,670],[-80,610],[-40,230],[-30,190],[-100,350],[-90,270],[-90,200]],[[-84388540,33795340],[-190,110],[-180,90],[-140,60],[-180,60],[-170,40],[-150,20],[-130,10],[-110,10],[-390,10],[-390,-10],[-580,-10],[-190,10],[-210,20],[-200,40],[-190,60],[-180,70],[-180,100],[-150,110],[-130,150],[-110,140],[-90,160],[-50,180],[-30,170],[-10,170],[20,170],[50,170],[150,320],[90,150],[100,160],[230,300],[130,140],[120,140],[140,120],[150,130],[350,250],[430,250],[350,180],[780,320],[290,120],[300,130],[440,180],[560,240],[450,200],[290,130],[460,230],[370,240],[360,250],[170,130],[510,410],[810,680],[460,380],[350,290],[170,140],[470,390],[610,510],[310,240],[310,230],[330,220],[370,220],[360,170],[500,230],[1330,510]],[[-83927460,33983820],[180,-150],[360,-300],[430,-370],[280,-240]],[[-84455090,33448650],[-520,0],[-70,0],[-250,0],[-130,0],[-250,10],[-230,-10],[-50,0],[-330,-10],[-370,0],[-520,-10],[-540,0],[-360,0],[-180,0],[-690,20],[-160,0],[-790,10],[-310,-20],[-390,-50],[-190,-50],[-70,-20],[-220,-70],[-290,-90],[-270,-80],[-160,-40],[-400,-150],[-430,-170],[-290,-130],[-210,-80],[-410,-140],[-510,-150],[-670,-190],[-520,-130],[-190,-30],[-280,-50],[-610,-100],[-380,-40],[-50,-10],[-270,-20],[-270,-20],[-570,-20],[-480,0],[-280,0],[-50,0],[-260,10],[-260,20],[-50,0],[-100,0],[-550,50],[-70,10],[-250,30],[-110,20],[-440,80],[-620,90],[-710,110],[-400,60],[-110,20],[-300,40],[-200,40],[-250,40],[-540,80],[-380,50],[-460,50],[-250,30],[-220,40],[-100,10],[-200,30],[-410,60],[-590,90],[-930,140],[-340,50],[-520,70],[-150,20],[-200,20],[-500,60],[-570,70],[-80,10],[-230,10],[-450,30],[-550,50],[-130,10],[-610,40],[-770,50],[-490,40],[-140,10],[-320,20],[-280,20],[-310,20],[-440,40],[-400,30]],[[-84525390,33445320],[-380,-140],[-670,-250]],[[-84236320,33947680],[-260,-340],[-250,-280],[-280,-300],[-290,-280],[-130,-130],[-140,-150],[-290,-260],[-300,-240],[-450,-330],[-590,-350],[-160,-100],[-210,-130],[-470,-280]],[[-84581730,33401460],[-190,-50],[-480,-120],[-300,-80],[-480,-130],[-510,-110],[-320,-130],[-240,-90],[-230,-90],[-300,-90],[-140,-60],[-260,-120],[-350,-160],[-170,-80],[-240,-120],[-240,-130],[-230,-140],[-290,-140],[-420,-220],[-70,-40],[-140,-70],[-520,-270],[-160,-90],[-110,-60],[-570,-280],[-220,-120],[-390,-220],[-130,-70],[-260,-140],[-130,-80],[-160,-90],[-150,-80],[-120,-60],[-140,-70],[-80,-40],[-110,-50],[-110,-50],[-100,-40],[-180,-70]],[[-84168070,34068020],[170,440],[50,130],[20,60],[320,830],[100,270],[140,330],[300,720],[230,550],[170,400],[80,200],[50,100],[120,280],[170,420],[60,160],[50,100],[150,340],[230,420],[60,90],[130,190],[140,180],[30,40],[30,40],[200,270],[150,140],[260,260],[60,70],[190,250],[210,220],[140,150],[60,90],[40,40],[90,100],[110,140],[40,60],[100,130],[180,270],[200,340],[40,60],[80,120],[60,110],[30,50],[20,50],[100,210],[30,60],[200,480],[90,210],[110,270],[110,280],[90,230],[130,320],[310,810],[190,480],[320,820],[20,50],[120,440],[30,250],[20,300],[-20,330],[0,130],[-10,80],[-10,120],[-20,130]],[[-84401200,33633620],[30,-180],[50,-340],[30,-180],[60,-450],[20,-160]],[[-84545140,33698700],[70,-180],[40,-90],[110,-300],[30,-80],[150,-360],[140,-260],[40,-70],[180,-230],[250,-270],[240,-190],[300,-250],[740,-590],[830,-640],[240,-180],[230,-140],[270,-140],[260,-110],[170,-60],[280,-80],[90,-20],[150,-30],[310,-40],[50,-10],[310,-10],[230,10],[380,40],[350,70],[230,70],[250,90],[210,80],[400,220],[200,110],[360,190],[360,190],[560,270],[210,90],[110,40],[110,40],[140,50],[220,50]],[[-84392870,33793000],[350,-820],[100,-250],[180,-500],[80,-240]],[[-84362890,34014070],[10,-350],[10,-230],[10,-520],[10,-260],[30,-440],[30,-250],[130,-360],[150,-230],[140,-200],[170,-220],[200,-270],[130,-170],[100,-130],[210,-270],[220,-280],[70,-90],[150,-180],[60,-70],[80,-80],[140,-120],[170,-150],[200,-160],[160,-150],[170,-120],[30,-30],[190,-140],[220,-100],[190,-30],[200,10],[270,40],[140,10],[290,40],[500,60],[240,40],[200,30],[460,60],[140,20],[140,20],[600,100],[220,20],[220,-20],[260,-50],[210,-100],[760,-400],[70,-40],[110,-60],[160,-80],[390,-210],[290,-170],[200,-110],[370,-200],[450,-330],[260,-160],[260,-150],[120,-60],[190,-90],[150,-70],[110,-50],[120,-60],[70,-40],[100,-70],[120,-100],[150,-130]],[[-84485540,33448680],[-430,30],[-480,30],[-560,40],[-1100,80],[-420,30],[-980,80],[-900,70],[-550,-10],[-230,-10],[-190,0],[-500,-30],[-320,-30],[-220,-20],[-510,-90],[-290,-60],[-380,-70],[-50,-10],[-330,-60],[-480,-80],[-600,-100],[-210,-30],[-290,-30],[-110,-10],[-120,-10],[-480,0],[-890,30],[-540,50],[-520,70],[-680,100],[-310,30],[-360,60],[-60,10],[-380,70],[-450,120],[-420,150],[-470,180],[-180,70],[-180,80],[-650,280],[-410,180],[-120,50],[-550,230],[-430,190],[-50,20],[-540,230],[-270,110],[-270,90],[-240,80],[-190,40],[-370,70],[-330,30],[-250,20],[-260,0],[-100,0],[-230,-20],[-120,-10],[-320,-20],[-290,-30],[-80,-10],[-60,-10],[-60,-10],[-230,-20],[-130,-20],[-430,-50],[-1240,-150],[-580,-70],[-60,-10],[-120,-10],[-460,-70],[-480,-80],[-520,-100],[-560,-140],[-460,-140],[-690,-240],[-190,-70],[-770,-290],[-1040,-390],[-30,-10],[-990,-370],[-300,-120],[-690,-270],[-530,-210],[-110,-40],[-580,-240],[-490,-190],[-280,-110],[-230,-100],[-1180,-460],[-250,-100],[-530,-210],[-1450,-580],[-310,-130],[-280,-110],[-1300,-500]],[[-84613420,33691540],[170,-60],[170,-60],[200,-60],[390,-120]],[[-84403820,33693940],[-140,170],[-130,180],[-60,80],[-100,170],[-50,100],[-110,240],[-80,210],[-50,140],[-70,230]],[[-84391980,33732770],[0,70],[10,230],[30,230],[10,460],[10,630],[20,580]],[[-84173140,34156610],[70,260],[50,320],[20,130],[20,140],[10,280],[10,220],[-10,280],[-10,140],[0,80],[-50,280],[-20,140],[-10,70],[-30,110],[-60,260],[-20,70],[-50,200]],[[-84362060,33514470],[-130,-90],[-80,-50],[-60,-30],[-50,-20],[-180,-50],[-130,-20],[-160,-10],[-320,10],[-420,20],[-220,10],[-190,0],[-180,-20],[-160,-40],[-290,-110],[-130,-60],[-100,-60],[-90,-60],[-40,-30],[-70,-60],[-70,-60],[-30,-30],[-40,-50],[-30,-40],[-50,-70],[-50,-80],[-30,-50],[-30,-50],[-50,-80],[-130,-200],[-600,-930],[-410,-640],[-310,-510],[-30,-40],[-270,-430],[-640,-1040],[-240,-380],[-240,-390],[-330,-530],[-390,-620],[-190,-300],[-300,-500],[-410,-680],[-60,-90],[-200,-310],[-290,-440],[-190,-290],[-110,-170],[-180,-230],[-40,-50],[-240,-280],[-180,-180],[-250,-220],[-200,-190],[-360,-330],[-380,-310],[-200,-170],[-150,-140],[-90,-80],[-170,-150],[-330,-290],[-510,-470],[-370,-380],[-60,-60],[-230,-270],[-240,-320],[-580,-760],[-470,-650],[-180,-250],[-120,-160],[-120,-160],[-230,-320],[-140,-180],[-240,-260],[-110,-100],[-240,-230],[-560,-410],[-60,-40],[-600,-410],[-100,-70],[-530,-350],[-30,-20],[-140,-90],[-350,-220],[-310,-190],[-60,-40],[-180,-120],[-530,-340],[-220,-150],[-660,-440],[-230,-150],[-430,-290],[-570,-390],[-280,-190],[-560,-360],[-820,-540],[-920,-600],[-200,-130],[-590,-390],[-680,-440],[-140,-90],[-250,-150],[-350,-220],[-580,-330],[-260,-120],[-270,-130],[-540,-250],[-450,-200],[-900,-400],[-840,-380],[-310,-140],[-70,-40],[-220,-110],[-380,-220],[-600,-390],[-140,-80],[-270,-170],[-430,-250],[-610,-330],[-720,-370],[-80,-40],[-410,-200]],[[-84364660,33878890],[-20,480],[-10,290],[-20,560],[-20,1180],[-40,3320],[0,320],[-30,2330],[-20,1090],[-20,1630],[0,620],[-10,560],[0,270],[30,290],[30,320],[30,230],[40,250],[60,270],[70,240],[50,220],[40,130],[70,210],[90,240],[100,240],[140,330],[170,350],[270,480],[500,860]],[[-84495800,33783200],[-70,-210],[-70,-260],[-80,-280],[-60,-260],[-40,-160],[-40,-200],[-30,-190],[-20,-170],[-20,-190],[-20,-270],[-10,-230],[-10,-590],[-10,-1390],[-10,-1630],[-10,-800],[0,-850],[0,-640],[10,-580],[10,-440],[20,-340],[20,-250],[30,-230],[40,-290],[40,-220],[70,-360],[120,-450],[120,-400],[230,-710],[190,-580],[160,-460],[330,-980]],[[-84364030,33532280],[100,-460],[10,-60],[40,-240],[120,-660],[50,-260],[70,-420],[20,-110],[70,-380],[50,-270],[40,-250],[30,-170],[40,-340],[20,-210],[10,-160],[10,-110],[10,-220],[10,-150],[10,-390],[0,-180],[0,-240],[-10,-290],[-10,-240],[-20,-560],[-10,-200],[-60,-1140],[-10,-230],[-40,-740],[0,-90],[-30,-550],[-30,-500],[-40,-740],[0,-80],[0,-100],[-30,-520],[-20,-260],[-10,-220],[-30,-440],[-10,-240],[-10,-180],[-40,-580]],[[-84390850,33790430],[70,600],[10,310],[10,460],[0,380],[0,420],[-10,360],[-20,200],[-30,220],[-30,170],[-50,210],[-50,170],[-80,210],[-70,160],[-100,180],[-70,120],[-80,120],[-120,160],[-130,150],[-180,180]],[[-84399670,33744640],[-150,-60],[-140,-60],[-130,-50],[-110,-40],[-160,-70],[-150,-70],[-190,-90],[-210,-100],[-230,-110],[-240,-120],[-390,-190],[-350,-170],[-870,-420]],[[-84035920,33887990],[150,-210],[400,-600],[110,-150],[370,-530],[380,-540],[100,-140],[270,-360],[280,-330],[310,-300],[370,-310],[170,-120],[470,-320],[620,-380],[370,-230],[250,-160],[590,-370],[410,-270],[390,-270],[360,-280],[330,-290],[320,-300],[590,-630],[740,-800],[720,-770],[450,-460],[420,-470],[340,-380],[180,-210],[150,-180],[260,-320],[250,-310],[280,-350],[210,-260],[230,-280],[110,-120],[100,-100],[100,-90],[110,-90],[110,-80],[130,-90],[130,-80],[110,-60],[140,-70],[160,-70],[150,-60],[150,-50],[150,-40],[160,-40],[130,-30],[170,-30],[220,-30],[180,-20],[710,-70],[480,-50],[240,-30],[230,-30],[300,-50],[240,-50],[220,-50],[170,-40],[200,-50],[70,-20],[160,-50],[350,-130],[190,-70],[130,-60],[230,-110],[310,-160],[350,-160],[300,-140],[250,-80],[180,-30],[450,-230],[180,-80],[240,-110],[110,-50],[50,-20],[100,-40]],[[-84175960,34116330],[250,470],[90,140],[100,160],[260,340],[220,240],[250,250],[280,250],[230,180],[480,430],[630,570],[220,190],[50,50],[100,100],[120,150],[30,50],[50,70],[160,220],[110,190],[90,150],[40,100],[170,380],[90,270],[360,1080],[220,650]],[[-84170870,34124470],[50,140],[60,200],[40,200],[10,300],[-10,200],[-50,350],[-130,610],[-40,210],[-230,1080],[-140,650],[-140,650],[-40,180],[-110,490],[-110,560],[-110,440],[-150,560],[-30,100],[-80,230],[-140,320],[-110,240],[-330,640],[-250,490],[-60,120],[-210,440],[-130,330],[-80,290],[-60,220],[-40,290],[-30,210],[0,280],[20,330],[10,100],[10,210],[80,420],[60,230],[80,370],[40,130],[20,90],[60,250],[80,310],[30,110],[60,250],[40,140],[130,590],[20,140],[50,280],[50,310],[20,230],[20,210],[20,400],[10,250],[0,390],[10,620],[20,480],[20,350],[10,240],[10,270],[10,230],[0,420],[0,330],[0,160],[-10,160],[-10,240],[-20,250],[-10,140],[-20,170],[-10,120],[-20,160],[-30,190],[-20,200],[-30,180],[-50,270],[-40,210],[-40,210],[-30,160],[-50,240],[-130,700],[-50,250],[-50,250],[-40,180],[-50,290],[-30,160],[-50,250],[-70,390],[-50,280],[-40,230],[-40,230],[-30,180],[-40,230],[-40,200],[-20,150],[-20,160],[-50,270],[-40,270],[-30,200],[-40,210],[-50,270],[-40,240],[-30,180],[-30,180],[-10,110],[-10,100],[-10,120],[-10,160],[0,110],[0,130],[20,200],[50,220],[40,170],[80,210],[70,200],[60,180],[120,280],[100,250],[170,420],[70,200],[100,370]],[[-84611130,33397110],[-1110,-10],[-350,-10],[-220,-10],[-630,-30],[-300,-20],[-840,-60],[-470,-40],[-610,-60],[-350,-30],[-370,-30],[-250,-20],[-320,-10],[-280,0],[-250,0],[-370,20],[-110,0],[-110,10],[-250,20],[-410,30],[-430,60],[-70,10],[-330,60],[-80,10],[-460,100],[-470,120],[-500,150]],[[-84364250,33533500],[80,-480],[40,-220],[100,-520]],[[-84493530,33761980],[10,-520],[-10,-410],[-20,-490],[-20,-370],[-30,-300],[-30,-260],[-40,-300],[-90,-470],[-50,-240],[-60,-270]],[[-84351000,33538860],[-720,30],[-340,10],[-360,10],[-1340,30],[-1150,20],[-710,20],[-1190,20],[-1790,20],[-240,-20],[-180,-20],[-160,-20],[-130,-20],[-60,-10],[-140,-30],[-100,-20],[-250,-60],[-150,-40],[-140,-40],[-120,-40],[-180,-60],[-260,-100],[-220,-80],[-680,-240],[-240,-50],[-290,-70],[-220,-40],[-180,-30],[-60,-10],[-540,-80],[-70,-10],[-380,-50],[-360,-50],[-270,-40],[-220,-30],[-100,-20],[-220,-30],[-80,-10],[-170,-20]],[[-84359160,33822390],[20,160],[10,270],[-10,290],[-10,190],[-30,170],[-90,380],[-80,340],[-80,270],[-170,580]],[[-84433240,33618870],[-1060,-450],[-700,-260],[-390,-140],[-370,-120],[-680,-200],[-1990,-540],[-180,-50],[-960,-270],[-410,-110],[-270,-70],[-220,-60],[-270,-60],[-120,-20],[-120,-20],[-220,-30],[-180,-20],[-190,-20],[-190,-20],[-140,-10],[-130,-10],[-150,-10],[-330,0],[-530,20],[-300,20],[-450,50],[-830,110]],[[-84324390,33567620],[1430,-970],[1260,-850],[890,-590],[550,-350],[110,-70],[440,-280],[900,-560],[680,-410],[1100,-650],[1510,-960]],[[-84445860,33648500],[240,140],[310,180],[160,90],[270,140],[210,100],[270,130],[430,210],[320,160],[600,290],[580,290],[640,340],[290,160],[480,280],[250,150],[260,160],[320,190],[140,100],[400,270],[320,230],[210,160],[210,170],[260,210],[370,310],[510,450],[480,460]],[[-84280770,33800200],[330,380],[110,130],[120,140],[100,110],[80,90],[170,210],[220,260],[150,180],[320,370],[280,300],[340,280],[520,430],[100,90],[150,130],[350,280],[460,380],[570,500],[540,540],[940,880]],[[-84412490,33696800],[-320,70],[-410,100],[-790,190],[-170,40],[-410,100],[-360,80],[-550,120]],[[-84379460,33839710],[260,180],[80,50],[140,80],[200,100],[200,80]],[[-84398690,33644530],[370,1090]],[[-84398570,33645760],[-190,-480]],[[-84161720,34084600],[-30,50],[-110,190],[-80,120],[-250,330],[-160,160],[-50,40],[-320,290],[-160,140],[-270,180],[-70,50],[-290,180],[-140,80],[-210,130],[-530,340],[-120,90],[-310,190],[-410,260],[-70,40],[-160,130],[-340,290],[-320,240],[-370,330],[-410,430],[-260,290],[-40,40],[-780,750],[-350,380],[-160,170],[-430,410],[-110,90],[-430,380],[-250,180],[-260,190],[-150,110],[-660,420],[-570,340],[-400,240],[-170,90],[-230,120],[-200,110],[-490,270],[-100,50],[-640,350],[-1000,580],[-90,50],[-210,100],[-250,140],[-390,220],[-50,30],[-250,150],[-100,60],[-120,90],[-130,100],[-170,160],[-170,180]],[[-84799870,33380440],[0,-240],[0,-190],[-30,-300],[-10,-110],[-10,-50],[-120,-1060],[-50,-490],[-40,-310],[-20,-160],[-10,-80],[-20,-180],[-80,-590],[-70,-690],[-50,-390],[-40,-370],[-100,-770],[-110,-750],[-60,-510],[-50,-440],[-10,-70],[-20,-100],[-20,-160],[-20,-130],[-20,-180],[260,10],[220,0],[530,0]],[[-84173460,34156220],[-50,-150],[-20,-70],[-150,-370],[-30,-80],[-70,-180],[-90,-240],[-80,-200],[-70,-200],[-110,-330],[-60,-260],[-30,-220],[-10,-140],[-10,-110],[10,-310],[10,-90],[60,-410],[20,-170],[30,-180],[50,-240],[90,-510],[30,-200],[40,-210],[30,-160],[40,-220],[30,-210],[20,-160],[40,-230],[20,-160],[50,-260],[80,-390],[30,-190],[60,-330],[20,-110],[30,-160],[70,-310],[80,-420],[40,-180],[130,-650],[110,-570],[30,-130],[70,-370],[20,-120],[30,-270],[30,-260],[50,-380],[30,-600],[10,-650],[-10,-420],[-10,-240],[0,-210],[-20,-660],[-10,-320],[0,-80],[-10,-200],[0,-180],[-20,-620],[0,-130],[-10,-270],[-40,-530],[-30,-290],[-30,-240],[-40,-260],[-80,-370],[-20,-100],[-80,-330],[-20,-70],[-60,-270],[-20,-100],[-30,-110],[-100,-320],[-50,-210],[-70,-340],[-40,-170],[-60,-230],[-30,-130],[-80,-520],[-10,-460],[10,-380],[40,-260],[50,-310],[100,-380],[130,-330],[320,-660],[350,-680],[320,-620],[130,-340],[120,-380],[80,-260],[10,-40],[60,-250],[70,-330],[50,-210],[70,-350],[100,-480],[180,-890],[230,-980],[100,-450],[140,-660],[90,-390]],[[-84760500,33355340],[-20,-360],[-10,-180],[-20,-480],[-20,-350],[-20,-370],[-10,-390],[-20,-290],[-40,-840],[-20,-390],[-10,-400],[-40,-850],[-30,-540],[-30,-480],[-30,-280],[-30,-280],[-40,-260],[-70,-360],[-110,-460],[-150,-500],[-220,-580],[-220,-500],[-230,-450],[-360,-600],[-260,-390],[-290,-410],[-480,-720],[-500,-720],[-480,-710],[-460,-680],[-280,-410],[-390,-580],[-330,-480],[-380,-570],[-900,-1320],[-410,-600],[-660,-980],[-390,-580],[-340,-490],[-680,-1000],[-370,-550],[-410,-610],[-770,-1120],[-350,-520],[-400,-600],[-220,-320],[-340,-510],[-520,-750],[-290,-440],[-220,-310],[-140,-200],[-270,-370],[-280,-370],[-280,-360]],[[-84194670,34239410],[-400,-100],[-290,-70],[-410,-90],[-220,-40],[-650,-130],[-390,-110],[-80,-20],[-400,-100],[-250,-60],[-1680,-420],[-160,-40],[-660,-160],[-1160,-290],[-630,-160],[-140,-30],[-210,-50],[-310,-80],[-450,-110],[-640,-110],[-520,-50],[-430,-20],[-660,30],[-290,30],[-500,80],[-320,50],[-490,90],[-260,50],[-3590,680],[-510,100],[-280,50],[-1080,210],[-790,130],[-700,100],[-720,80],[-450,50],[-700,30],[-730,40],[-140,0],[-440,0],[-120,0],[-630,-30],[-1210,-50],[-2340,-90],[-1010,-50],[-1800,-60],[-530,-20],[-920,-40],[-50,0],[-600,-20],[-50,0],[-320,-10]],[[-84361580,34022270],[-20,-250],[-40,-370],[-30,-380],[0,-50],[0,-40],[-20,-290],[-10,-150],[-10,-300],[-10,-130],[-10,-120],[-10,-310],[0,-90],[0,-490],[-30,-380],[-10,-270],[-40,-160],[-20,-60],[-20,-80],[-30,-110],[-60,-190],[-170,-330],[-120,-200],[-90,-140],[-80,-130],[-70,-100],[-70,-130],[-10,-20],[-50,-90],[-10,-30],[-130,-340],[-50,-290],[-30,-320],[0,-60],[-40,-430],[0,-40],[-10,-120],[-20,-190]],[[-84237380,33837970],[170,130],[270,190],[150,110],[40,30],[110,90],[230,190],[230,210],[210,190],[50,50],[80,80],[110,110],[310,310],[20,20],[80,80],[120,120],[90,100],[240,240],[220,270],[60,80],[120,170],[120,170],[180,260],[270,370],[110,160],[30,50],[130,180],[170,240],[110,150],[110,160],[110,140],[90,110],[100,140],[240,290],[510,590],[210,220],[290,270],[470,420],[100,90],[30,30],[180,160],[50,40],[200,170],[80,60],[150,120],[90,60],[200,150],[150,110],[100,70],[320,230],[180,130],[230,160],[220,150],[130,90],[80,50],[130,90],[130,90],[250,160],[310,210],[320,200],[110,70],[90,50],[110,60],[110,70],[270,160],[130,80],[360,220],[70,30],[200,120],[390,210],[350,190],[40,20],[240,130],[70,40],[280,140],[190,90],[80,30],[160,70],[160,70],[90,40],[70,30],[70,30],[80,30],[110,40],[80,30],[180,60],[200,70],[170,50]],[[-84251300,33827770],[70,-10],[130,20],[90,50],[100,70],[360,240],[280,190],[280,200]],[[-84015130,33873000],[270,-100],[570,-150]],[[-84682530,33408280],[-450,60],[-350,50],[-310,40],[-1000,120],[-450,30],[-290,20],[-140,10],[-410,10],[-410,10],[-660,10],[-680,-10],[-680,-10],[-140,-10],[-190,-10],[-150,-10],[-260,-30],[-320,-30],[-220,-30],[-210,-30],[-160,-30],[-250,-40],[-230,-50],[-170,-30],[-550,-120],[-330,-80],[-740,-170],[-1280,-310],[-1010,-240],[-650,-160],[-1690,-400],[-220,-50],[-780,-190],[-700,-170],[-460,-110],[-370,-90],[-440,-110],[-1030,-250],[-300,-70],[-450,-110],[-60,-10],[-630,-150],[-100,-20],[-750,-180],[-550,-110],[-170,-40],[-540,-100],[-490,-80],[-580,-80],[-280,-30],[-1250,-140],[-1010,-130],[-360,-50],[-230,-30],[-520,-60],[-1020,-130],[-870,-110],[-1620,-200],[-470,-60],[-550,-70],[-710,-80],[-780,-100],[-590,-70],[-490,-60],[-190,-30],[-240,-40],[-390,-70],[-290,-60],[-350,-90],[-400,-110],[-340,-110],[-360,-130],[-300,-120],[-140,-50],[-160,-70],[-280,-120],[-360,-150],[-320,-140],[-310,-130],[-290,-120],[-520,-230],[-340,-140],[-310,-140],[-780,-340],[-360,-160],[-330,-140],[-380,-160],[-140,-60],[-380,-160],[-440,-190],[-460,-190],[-440,-150],[-370,-110],[-440,-100],[-460,-80],[-440,-50],[-630,-50],[-550,-30],[-740,-50],[-560,-40],[-900,-60],[-950,-60],[-1080,-70],[-590,-40],[-360,-30],[-90,-10],[-510,-60],[-640,-100],[-600,-130],[-540,-150],[-830,-250],[-710,-220],[-220,-70],[-260,-80],[-470,-140],[-320,-100],[-420,-130],[-560,-170],[-300,-90],[-470,-140],[-580,-170],[-500,-120],[-100,-20],[-180,-30],[-290,-50],[-420,-60],[-110,-10],[-250,-20],[-220,-10],[-170,0],[-560,-10],[-280,0],[-620,0],[-730,0],[-480,-10],[-480,-10]],[[-84065630,34312030],[-160,-330]],[[-84760280,33354940],[20,410],[50,1090],[30,630],[40,650],[20,450],[80,1870],[10,140],[60,1160],[80,1770],[40,600],[10,170],[70,660],[30,300],[40,320],[60,420]],[[-84154650,34222300],[90,-130],[180,-290],[80,-130],[120,-200],[160,-270],[30,-50],[740,-1230],[380,-630],[480,-750],[100,-150],[220,-310],[150,-160],[230,-250],[50,-40],[150,-130],[70,-60],[280,-180],[220,-130],[650,-360],[340,-190],[270,-150],[280,-160],[240,-130],[200,-110],[170,-100],[100,-50],[760,-420],[750,-420],[510,-290],[200,-110],[300,-190],[60,-40],[150,-120],[150,-150],[30,-30],[20,-20],[190,-220],[90,-110],[100,-120],[70,-140],[20,-50],[10,-30],[100,-220],[80,-160],[210,-470],[140,-300],[230,-520],[90,-200],[140,-320],[120,-260],[20,-60],[60,-130],[50,-100],[40,-90],[130,-310],[60,-150],[50,-110],[100,-230],[30,-80],[60,-140],[50,-100],[50,-110],[50,-110],[100,-220],[80,-180],[90,-200],[40,-90],[70,-160],[30,-60],[60,-150],[20,-50],[80,-180],[190,-410],[140,-400],[70,-210],[50,-130],[80,-190],[30,-60],[160,-210],[230,-160],[290,-130],[170,-10],[110,0],[110,-10],[320,-20],[400,-30],[160,-10],[370,-20],[370,-20],[260,-20],[970,-100],[250,-20],[60,0],[510,-40],[230,-20]],[[-84363540,33522460],[-40,-740],[0,-80],[0,-100],[-30,-520],[-20,-260],[-10,-220],[-30,-440],[-10,-240],[-10,-180],[-40,-580]],[[-84364030,33532280],[100,-460],[10,-60],[40,-240],[120,-660],[50,-260],[70,-420],[20,-110],[70,-380],[50,-270],[40,-250],[30,-170],[40,-340],[20,-210],[10,-160],[10,-110],[10,-220],[10,-150],[10,-390],[0,-180],[0,-240],[-10,-290],[-10,-240],[-20,-560],[-10,-200],[-60,-1140],[-10,-230],[-40,-740]],[[-84374090,33578690],[330,-420],[270,-410],[110,-160],[70,-120],[140,-230],[220,-350],[50,-90],[150,-260],[110,-210],[130,-230],[110,-210],[70,-150],[50,-110],[70,-170],[20,-60],[50,-170],[50,-140],[20,-80],[40,-150],[10,-50],[20,-90],[60,-370],[10,-210],[10,-130],[10,-180],[-10,-180],[0,-220],[0,-70],[-10,-270],[-10,-140]],[[-84456220,33627410],[-80,-240],[-60,-160],[-70,-170],[-110,-260],[-90,-180],[-130,-250],[-130,-220],[-160,-260],[-180,-280],[-310,-460],[-210,-300],[-150,-220]],[[-84339810,33860640],[90,140],[160,220],[50,70],[210,260],[100,120],[30,40],[30,40],[120,140],[270,330],[130,190],[60,80],[170,310],[150,280],[110,210],[90,170],[140,260],[400,810],[270,540],[160,330],[140,270],[70,130],[10,20],[60,120],[80,120],[110,170],[10,20],[50,80],[20,30],[70,100],[150,220],[120,160],[110,150],[40,50],[150,210],[120,170],[90,120],[220,300],[40,50],[70,90],[60,90],[90,130],[80,100],[360,510],[100,140],[320,450],[60,90],[240,330],[150,210],[110,140],[230,300],[190,230],[120,160],[360,460],[270,330],[160,200],[130,170],[220,280],[30,30],[110,130],[190,230],[420,470],[350,350],[100,90],[200,170],[180,140],[50,40],[110,90],[110,80],[420,300],[270,170],[110,70],[780,460],[170,100],[210,120],[350,200]],[[-84343100,34036170],[260,-270],[40,-50],[80,-120],[50,-80],[140,-270],[10,-20],[150,-420],[50,-120],[160,-460],[20,-50],[90,-250],[10,-30],[40,-70],[120,-210],[110,-190],[10,-20],[50,-80],[70,-100],[140,-170],[150,-140],[180,-180],[400,-340],[310,-270],[100,-80],[180,-140],[380,-310],[70,-60],[200,-150],[80,-70],[190,-150],[150,-120],[300,-240],[140,-110],[240,-180],[70,-60],[430,-350],[130,-100],[90,-70],[80,-70],[150,-120],[230,-180],[70,-60],[100,-80],[300,-240],[270,-220],[100,-80],[170,-130],[240,-200],[70,-50],[610,-490],[620,-470],[150,-120],[50,-40],[160,-130],[410,-320],[150,-130],[460,-370],[360,-280],[520,-430],[230,-180],[230,-180],[480,-380],[980,-780],[330,-260],[140,-110],[400,-320],[480,-360],[250,-180],[150,-90],[370,-220],[430,-200],[130,-50],[220,-90],[190,-50],[200,-70],[140,-40],[220,-50],[160,-40],[210,-50]],[[-84408150,33742150],[0,-450],[0,-80],[0,-210],[0,-170],[0,-170],[0,-180],[-20,-1000],[-10,-340],[0,-270]],[[-84223130,33849510],[320,100],[230,60],[120,30],[80,20],[130,30],[260,50],[30,10],[200,40],[300,50],[190,30],[190,30],[320,40],[570,50],[30,0],[200,10],[170,10],[110,0],[120,0],[170,0],[210,0],[100,0],[100,0],[140,-10],[70,0],[170,-10],[60,0],[250,-20]],[[-83983940,34073800],[10,270],[-10,360],[0,130],[10,170],[20,80],[40,60],[10,90]],[[-84257710,33967970],[240,-140],[70,-40],[180,-110],[100,-60],[480,-290],[120,-70],[140,-80],[140,-80],[110,-60],[380,-230],[150,-90],[320,-200],[260,-170],[170,-130],[170,-130],[130,-100],[270,-260],[370,-390],[180,-200],[220,-230],[190,-190],[230,-200],[150,-120],[50,-40],[70,-50],[220,-140],[200,-140],[270,-140],[130,-70],[200,-140],[250,-170],[170,-100],[170,-100],[210,-130],[110,-60],[300,-240],[130,-130],[190,-220],[260,-300],[410,-580],[230,-290],[110,-150],[160,-170],[90,-110],[40,-40],[170,-180],[270,-210],[200,-150],[310,-230],[150,-110],[490,-390],[280,-220],[140,-110],[250,-230]],[[-84206110,33907400],[70,-680],[10,-100],[30,-190],[30,-200],[40,-220],[20,-160],[20,-210],[40,-280],[10,-80],[20,-190],[10,-120],[10,-100],[30,-270],[40,-290],[20,-140],[10,-90],[50,-280],[10,-70],[10,-80],[10,-80],[30,-200],[40,-280],[40,-230],[30,-180]],[[-83992810,34086470],[290,-190],[110,-70],[190,-140],[150,-90],[180,-100],[180,-110],[270,-170],[410,-260],[290,-150],[410,-220],[140,-80],[520,-280],[250,-160],[240,-180],[240,-210],[220,-240],[20,-20],[170,-230],[130,-220],[40,-70],[140,-280],[120,-250],[160,-290],[210,-410],[100,-190],[80,-150],[30,-60],[110,-180],[120,-180],[210,-270],[260,-310],[50,-50],[120,-130],[320,-330],[230,-210],[140,-140],[170,-160],[160,-150]],[[-84360970,34023580],[210,500],[70,240],[70,230],[10,40],[40,210],[30,160],[10,60],[20,110],[70,190],[70,110],[90,130],[90,110],[90,110],[70,80],[100,110],[90,100],[180,190],[140,160],[90,90],[220,240],[410,460],[250,280],[80,80],[240,250],[50,50],[160,130],[140,120],[170,140],[160,130],[180,160],[170,140],[210,150],[110,70],[70,40],[190,120],[230,150]],[[-84399710,33622010],[110,-580],[130,-520],[500,-1860],[360,-1250],[50,-180],[60,-200],[60,-210],[110,-410]],[[-84636140,33504660],[-680,-1100],[-440,-690],[-680,-1090],[-580,-900],[-460,-710],[-300,-510],[-340,-480],[-340,-440],[-260,-320],[-390,-460],[-370,-410],[-360,-370],[-360,-340],[-270,-250],[-460,-420],[-1280,-1140]],[[-84178520,34156400],[930,220],[510,120],[2540,610],[890,210],[510,130],[170,50],[470,140],[350,120],[550,210],[360,160],[600,310],[470,280],[380,250],[280,210],[360,290],[290,250],[340,300]],[[-84142430,34179470],[190,130],[170,110],[250,190],[250,190],[360,280],[370,340],[400,430],[200,220],[140,170],[330,440],[330,520],[430,670],[340,520],[170,270],[380,590],[280,440],[520,800],[1070,1660],[550,860],[310,480],[330,510],[270,400],[250,360],[200,280],[190,260],[170,230],[250,320],[180,230],[200,250],[130,160],[170,200]],[[-84780480,33328890],[-400,750],[-130,250]],[[-84136540,34182370],[-200,160],[-90,70],[-160,130],[-50,40],[-40,30],[-60,50],[-130,100],[-60,50],[-540,420],[-220,200],[-250,210],[-160,120],[-180,140],[-570,440],[-400,330],[-160,130],[-120,100]],[[-84402790,33754610],[-10,-430],[-10,-300],[0,-450],[0,-80],[0,-180],[0,-300],[-10,-300],[-10,-230],[-10,-230],[-10,-190],[-30,-220],[-60,-210],[-60,-200],[-150,-320],[-120,-210],[-340,-540],[-160,-220],[-120,-180],[-110,-160],[-20,-30],[-180,-260],[-60,-90],[-80,-110],[-120,-190],[-60,-90]],[[-84232210,33756090],[-30,330],[-40,710],[0,160],[-20,760],[0,920],[0,700],[0,230],[0,1250],[0,1350],[-10,1220]],[[-84371860,33911260],[120,-20],[230,-40],[630,-120],[890,-160],[550,-100],[380,-70],[360,-60]],[[-84327930,33875320],[310,180],[1980,1170],[720,420],[380,230],[400,240],[400,250],[490,330],[400,350],[430,440],[260,280],[240,270],[80,80],[260,300],[90,100],[250,280],[20,30],[100,120],[160,170],[50,50],[180,170],[80,70],[70,60],[160,150],[70,60],[100,70],[210,160],[270,170],[110,70],[60,30],[40,30],[190,110],[100,50],[80,40],[260,150],[30,20],[290,160],[40,20],[380,250],[270,200],[260,230],[290,270],[190,200],[40,40],[130,170],[100,140],[120,170],[160,230],[240,340],[120,180],[390,590],[160,250],[60,90],[30,50],[130,190],[180,260]],[[-84248060,33898590],[790,470],[870,530],[240,150],[1040,640],[1040,650]],[[-83984120,34074970],[-30,-470],[-20,-340],[-20,-210],[-20,-230],[-40,-480],[-20,-160],[-20,-340],[-30,-360],[-10,-130],[-50,-340],[-90,-500],[-90,-320],[-100,-290],[-40,-100],[-110,-290],[-130,-280],[-30,-70],[-80,-160],[-160,-300],[-240,-380],[-50,-70],[-50,-70],[-220,-310],[-100,-120],[-140,-150],[-180,-200],[-150,-160],[-220,-240],[-120,-120],[-370,-310],[-50,-50],[-80,-80],[-250,-270],[-330,-310],[-320,-310],[-230,-220],[-50,-50],[-90,-90],[-270,-270],[-220,-210],[-210,-230],[-130,-150],[-80,-90],[-170,-220],[-80,-100],[-80,-120],[-40,-60],[-180,-270],[-110,-180],[-120,-230],[-60,-110],[-70,-120],[-80,-170],[-120,-250],[-40,-90],[-90,-180],[-270,-620],[-70,-150],[-140,-320],[-50,-130],[-130,-260],[-240,-550],[-120,-280],[-60,-140],[-100,-220],[-30,-80],[-190,-420],[-120,-280],[-80,-190]],[[-84137850,34022960],[-640,90],[-460,60],[-240,30],[-140,20],[-320,40],[-260,30],[-490,50],[-490,30],[-320,0],[-660,10],[-750,-30],[-220,-10],[-530,-30],[-510,-20],[-860,-40],[-340,-20],[-610,-30],[-440,-20],[-130,0],[-410,-20],[-490,-30],[-750,-40],[-130,-10],[-420,-20],[-640,-30],[-90,0],[-180,-10],[-660,-40],[-720,-30],[-310,-10],[-250,-10],[-430,-30],[-1420,-60],[-1470,-80],[-620,-20],[-770,-40],[-340,-30],[-300,-20],[-200,-20],[-110,-20],[-80,-10],[-200,-50],[-100,-20],[-450,-120],[-250,-110],[-160,-70],[-200,-90],[-70,-30],[-220,-120],[-320,-190],[-210,-150]],[[-84386490,33766130],[-580,310],[-410,230],[-570,350],[-290,180]],[[-84396950,33800020],[-50,50],[-70,60],[-70,50],[-40,30],[-200,110],[-260,150],[-180,100],[-110,60],[-160,70],[-140,60],[-250,100],[-380,130],[-260,70],[-290,70],[-520,100],[-880,150],[-560,100],[-1280,220],[-270,40],[-510,80],[-290,60]],[[-84338930,33480600],[220,-720],[160,-550],[80,-280],[70,-250],[50,-160],[120,-420],[180,-670],[30,-100],[90,-300],[150,-520],[50,-160],[190,-710],[220,-730],[40,-160],[150,-570],[200,-730]],[[-84390690,33771300],[220,-10],[130,0],[90,0],[60,0],[90,0],[200,-10]],[[-84680140,33407940],[-450,60],[-120,20],[-310,40],[-330,50],[-480,70],[-130,20],[-330,50],[-240,30]],[[-84171360,34123010],[230,680],[260,780]],[[-84621070,33397370],[-530,190],[-560,230],[-420,180]],[[-84086110,34264400],[-170,-170],[-110,-110],[-330,-350],[-90,-90],[-340,-370],[-200,-210]],[[-84175270,34117740],[-110,-130],[-250,-300],[-90,-120],[-160,-230],[-130,-240],[-90,-170],[-100,-210]],[[-84616630,33396790],[-320,-10],[-280,0],[-250,0],[-370,20],[-110,0],[-110,10],[-250,20],[-410,30],[-40,-90],[-40,-90],[-180,-280]],[[-84120960,34212670],[-380,-450],[-170,-190],[-180,-220],[-260,-350],[-120,-170],[-110,-170],[-100,-160],[-100,-160],[-100,-180],[-120,-230],[-90,-170],[-80,-170],[-170,-410],[-100,-290],[-90,-260],[-50,-150],[-50,-170],[-40,-170],[-210,-770],[-190,-710],[-650,-2450],[-70,-280],[-130,-490],[-100,-380],[-80,-310],[-80,-260],[-130,-410],[-110,-300],[-60,-150],[-50,-110],[-100,-210]],[[-84295490,33904730],[210,200],[130,130],[150,150],[220,210],[180,180],[200,200],[100,100],[190,190],[180,180],[280,280],[190,190],[40,40],[170,170],[240,260],[240,220],[50,50],[240,160],[70,60],[70,60],[70,70],[90,80],[170,160],[140,140],[80,80],[130,130],[560,550],[30,30],[300,270],[80,70],[430,340],[350,250],[160,140],[420,330],[470,330],[210,150]],[[-84390560,33769350],[30,-130],[10,-70],[20,-100],[40,-180],[40,-130],[60,-150],[40,-90],[50,-90],[70,-120],[80,-120],[70,-90],[60,-70],[110,-110],[90,-90],[150,-130],[160,-120],[140,-100],[190,-130]],[[-84285540,33867250],[290,260],[350,320],[320,320],[400,330],[410,300],[380,280],[240,160],[380,250],[950,610],[590,390],[1690,1080],[810,540],[530,360],[320,250],[340,280],[390,370],[170,170],[250,270],[160,200],[190,250],[100,120],[640,780],[240,310],[140,180],[140,180]],[[-84232310,33766410],[0,770],[-30,570],[-50,490],[-40,280],[-40,230],[-50,230],[-40,180],[-70,320],[-70,250],[-90,270],[-90,260],[-260,620],[-120,250],[-220,420],[-150,260],[-110,170],[-230,360],[-130,190],[-240,320],[-160,200],[-180,220],[-100,120],[-220,190]],[[-84383890,33743280],[470,0],[190,0],[480,0],[1260,0],[540,-10]],[[-84246590,33850040],[30,250],[40,360],[50,500]],[[-84349290,33773840],[150,0],[190,10]],[[-84530160,33570670],[180,190],[220,230],[460,460],[240,230],[340,310],[200,190],[300,270],[270,240],[230,200],[880,730],[1020,820],[590,490],[2200,1800],[1300,1060],[1590,1310],[400,330],[1220,990],[1400,1150],[310,250]],[[-84509240,33587420],[430,250],[1470,920],[1270,770],[890,530],[800,490],[690,410],[1080,640],[1220,740],[940,560],[740,440],[380,230],[360,220],[400,250],[360,230],[310,210],[680,460],[310,220],[420,300],[310,230],[200,150],[360,280],[370,300],[410,320],[350,290],[980,780],[1510,1190],[810,650],[1610,1310],[1310,1050],[500,400],[290,240],[190,160],[170,150],[110,110],[90,100],[80,90],[90,110],[90,110],[90,120],[160,230],[130,210],[70,120],[90,160],[70,140],[80,190],[90,240],[60,180],[50,160],[40,150],[30,140],[30,200],[20,170],[20,250]],[[-84373740,33578910],[-90,170],[-300,540],[-350,550],[-30,50],[-50,80],[-70,120],[-80,120],[-60,90],[-160,220],[-80,100],[-200,250],[-70,90],[-50,50],[-130,140],[-110,120],[-150,170],[-50,50],[-80,80],[-60,80],[-130,150],[-130,140],[-160,180],[-30,40],[-170,200],[-50,50],[-170,200],[-250,270],[-100,130],[-70,80],[-110,130]],[[-84405820,33684660],[580,160]],[[-84217980,33977310],[-190,-290],[-40,-60],[-140,-240],[-120,-200],[-80,-140],[-160,-290],[-240,-450],[-190,-360],[-80,-150],[-290,-570],[-140,-310],[-200,-440],[-160,-360],[-20,-40],[-90,-210],[-80,-190],[-110,-240],[-140,-330],[-140,-300],[-110,-250],[-30,-70],[-150,-330],[-60,-150],[-40,-110],[-620,-1380]],[[-84113990,33914460],[140,-40],[360,-110],[170,-50],[180,-50],[370,-90],[340,-60],[280,-40],[570,-70],[660,-80],[3660,-440],[430,-50],[440,-60],[300,-50],[210,-50],[110,-30],[160,-50],[190,-70]],[[-84100220,34233780],[-430,-1190],[-440,-1140],[-300,-780],[-180,-440],[-390,-850],[-60,-120],[-70,-140],[-140,-250],[-170,-300],[-220,-370],[-150,-240],[-210,-310],[-590,-810],[-470,-650],[-410,-570],[-1080,-1430]],[[-84179620,34156350],[-100,-30],[-130,-40],[-410,-120],[-470,-170],[-520,-200],[-370,-160],[-470,-230],[-410,-210],[-280,-150],[-250,-150],[-260,-170],[-190,-120],[-410,-280],[-180,-130],[-170,-130],[-160,-130],[-250,-200],[-200,-180],[-380,-350],[-450,-450],[-2840,-2890],[-830,-850],[-420,-420],[-710,-720],[-480,-490],[-250,-250],[-300,-280],[-280,-250],[-280,-250],[-440,-360],[-300,-240],[-340,-250],[-210,-150],[-260,-180],[-690,-460],[-1180,-770],[-5640,-3680],[-930,-600],[-320,-210],[-370,-260],[-330,-240],[-260,-210],[-250,-200],[-160,-140],[-200,-180],[-140,-130],[-230,-230],[-220,-230],[-170,-180],[-180,-200],[-180,-220],[-150,-190],[-160,-220],[-540,-710],[-2400,-3150],[-2300,-3030],[-2090,-2750],[-1410,-1860],[-350,-470],[-540,-700],[-390,-520],[-80,-110],[-730,-950],[-1700,-2240],[-290,-370],[-610,-760]],[[-84457040,33625330],[80,120],[80,110],[180,310],[200,330],[80,170],[110,220],[170,410],[120,390]],[[-84519860,33764860],[220,0],[320,-10],[470,-10],[440,0],[450,10],[1440,90],[1010,70],[2250,160],[1370,100],[1170,110],[600,40],[1050,70],[1410,70],[480,40],[580,40],[970,70],[1130,80],[920,70],[670,50],[540,40],[450,40],[1080,70],[740,50],[580,20],[540,-10],[160,0],[310,-30]],[[-84337680,33745500],[-670,30],[-680,30],[-630,20],[-460,-10],[-510,0],[-840,10],[-1060,20],[-1300,30],[-1780,30],[-140,0],[-100,0]],[[-84341250,34042890],[-120,-290],[-40,-100],[-150,-340],[-60,-140],[-30,-60],[-160,-370],[-160,-350],[-40,-100],[-40,-100],[-50,-100],[-50,-120],[-40,-90],[-80,-190],[-90,-220],[-100,-250],[-150,-360],[-110,-250],[-40,-80],[-60,-120],[-80,-210],[-10,-20],[-70,-180],[-60,-160],[-10,-30],[-60,-150]],[[-84341120,33858420],[350,320],[260,340]],[[-84218290,33850030],[210,-10],[160,-10],[90,0],[140,0],[200,-10],[70,10],[210,10],[100,10],[170,20],[60,10],[70,10],[50,10],[220,40],[170,40],[150,40],[120,30],[90,30],[20,10],[140,40],[80,20],[60,10],[140,40],[90,20],[60,20],[180,50],[150,40],[90,20],[110,30],[410,110],[280,80],[110,30],[30,10],[560,150]],[[-84170140,34004450],[460,50],[290,10],[250,-10],[130,0],[200,-20],[570,-80],[320,-60],[350,-90],[80,-30],[320,-120],[490,-220],[730,-340],[850,-400],[70,-30],[740,-340],[440,-210],[260,-130],[280,-130],[340,-190],[220,-160],[260,-180],[80,-90],[90,-100],[60,-60],[60,-70],[160,-200],[40,-50],[20,-30],[100,-140],[100,-190],[140,-290],[-30,-170],[-20,-130],[40,-220],[30,-260],[10,-190],[10,-110],[0,-220],[-50,-210],[-20,-90],[-170,-600],[-90,-340],[-130,-450],[-90,-320],[-10,-30],[-20,-100],[-20,-70],[-120,-360],[-120,-450],[-20,-80],[-40,-120],[-80,-270],[-60,-220],[-20,-160],[-30,-250],[0,-110],[0,-70],[20,-470],[40,-210],[30,-150],[40,-130],[110,-300],[140,-270],[290,-480],[440,-630],[220,-320],[230,-370],[110,-290],[40,-240],[20,-220],[-40,-260],[-70,-240],[-130,-340],[-60,-220],[-50,-220],[-30,-220],[-20,-210],[0,-200],[10,-210],[20,-160],[50,-200],[100,-270],[120,-290],[100,-200],[180,-260],[360,-540],[40,-60],[200,-260],[60,-90],[80,-110],[250,-330],[170,-230],[100,-140],[200,-260],[190,-270],[140,-200],[330,-490],[150,-210],[190,-270],[190,-270],[120,-170],[340,-480]],[[-84114680,33822740],[310,60],[340,30],[290,60],[300,60],[250,50],[190,30],[290,60],[150,30],[240,50]],[[-84752260,33393240],[240,270],[250,270],[280,290],[280,280],[1240,1240],[1060,1070],[200,200],[550,550],[400,420],[460,480],[1360,1360],[1170,1180],[440,450],[1670,1670],[1710,1720],[400,400]],[[-84142890,34179480],[-190,-100],[-210,-110],[-480,-230],[-650,-290],[-2160,-930],[-530,-220],[-1640,-710],[-2950,-1270],[-720,-320],[-820,-410],[-730,-410],[-560,-340],[-460,-300],[-380,-260],[-420,-300],[-270,-210],[-510,-410],[-340,-290],[-400,-360],[-430,-430],[-930,-950],[-1030,-1040],[-3710,-3780],[-1540,-1560],[-1620,-1650],[-750,-750]],[[-84642080,33496250],[370,330],[270,250],[250,240],[230,230],[190,200],[180,200],[170,190],[130,150],[220,260],[150,180],[120,150],[120,160],[140,190],[120,160],[120,170],[300,450],[220,350],[360,560],[810,1280],[1630,2610],[320,500],[480,730]],[[-84141670,34187800],[60,-390],[30,-150],[30,-190],[20,-90],[100,-320],[30,-100],[90,-220],[50,-90],[250,-430],[80,-120],[170,-220],[80,-110],[210,-220],[50,-50],[240,-200],[320,-250]],[[-84745480,33400400],[-460,-460],[-380,-380],[-520,-500],[-830,-840],[-380,-380],[-500,-490],[-480,-490],[-200,-200],[-940,-940],[-1240,-1260],[-310,-310],[-360,-370],[-420,-470],[-310,-370],[-200,-250],[-240,-320]],[[-84634630,33812830],[-140,-50],[-150,-50],[-140,-50],[-90,-30],[-270,-100],[-340,-130],[-250,-110],[-90,-60],[-110,-70],[-110,-110],[-60,-90],[-70,-140],[-40,-140],[-10,-120],[0,-110],[10,-110],[50,-270],[30,-140],[20,-110],[30,-150],[30,-200],[10,-110],[0,-90],[30,-410],[10,-190],[0,-80],[-10,-70],[-10,-180],[0,-50],[-10,-130],[0,-60],[-10,-150],[-30,-450],[-20,-240],[-10,-170],[-10,-180],[0,-50],[-10,-70],[0,-50],[-10,-200],[0,-30],[-30,-400],[-10,-90],[-10,-180],[-30,-510],[-50,-580],[-40,-290],[-20,-80],[-70,-220],[-40,-110],[-50,-140],[-10,-30],[-80,-150],[-120,-230],[-30,-60],[-170,-240],[-340,-450],[-40,-60],[-240,-290],[-220,-250],[-110,-110],[-620,-660],[-810,-890],[-670,-810],[-210,-250],[-270,-370],[-390,-520],[-160,-210],[-220,-300],[-40,-60],[-40,-60],[-80,-110],[-130,-180],[-150,-210],[-200,-270],[-140,-170],[-250,-340]],[[-84409400,33773160],[-60,0],[-110,0],[-170,-10],[-650,-70],[-160,-10],[-330,0],[-530,-10],[-300,0],[-310,-10],[-380,0],[-1010,-10],[-150,0],[-310,0],[-540,-10],[-380,10],[-660,0],[-410,10],[-150,0],[-250,0],[-140,0],[-220,0],[-540,0],[-190,0]],[[-84408150,33742150],[-20,210],[-10,110],[-70,550],[-20,100],[-20,120]],[[-84408290,33743240],[-20,160],[-10,60],[-50,350],[-30,240]],[[-84143740,33945760],[-620,-300],[-190,-90],[-210,-100],[-330,-160],[-620,-300],[-1490,-720],[-960,-470],[-1460,-700],[-1380,-670],[-660,-330],[-300,-160],[-360,-190],[-400,-240],[-450,-270],[-430,-290],[-240,-160],[-310,-220],[-110,-80]],[[-84092260,33971820],[-300,-450],[-330,-460],[-330,-420],[-450,-500],[-240,-260],[-230,-230],[-230,-230],[-60,-60],[-450,-430],[-440,-380],[-490,-390],[-220,-160]],[[-84069390,33837610],[310,140],[440,210],[40,20],[230,120],[100,50],[120,60],[370,180],[270,120],[80,40],[160,80],[200,100],[290,130],[540,260],[70,40],[190,90],[250,120],[90,50],[240,100],[170,80],[250,130],[170,80],[290,130],[180,90],[290,140],[420,210],[120,60],[140,60],[160,80],[130,60],[280,140],[60,30],[140,70],[200,90],[100,50],[120,60],[170,90],[490,230],[410,190]],[[-84806480,33242090],[10,130],[10,280],[10,160],[40,650],[60,980],[20,280],[20,340],[40,590],[40,660],[60,1050],[50,820],[70,1150],[60,850],[30,470],[30,540],[40,720],[30,440],[40,600],[80,1280],[50,820],[20,330],[20,310],[50,620],[20,350],[90,1560],[30,580],[60,910],[50,790],[50,770],[50,830],[30,510],[40,600],[50,810],[30,490],[50,500],[50,390],[100,550],[110,530],[130,510],[110,350],[170,530],[190,520],[250,660],[170,460],[200,540],[310,830],[230,630],[260,700],[320,880],[240,630],[290,780],[270,710],[350,960],[320,850],[250,670],[300,810],[280,750],[400,1080],[320,850],[300,800],[300,810],[520,1410],[320,870],[350,940],[320,840],[230,630],[230,600],[200,550],[240,660],[340,910],[450,1180],[330,930],[410,1080],[490,1320],[520,1400],[860,2320],[620,1640],[680,1810],[490,1340],[530,1420],[460,1250],[530,1430],[370,980],[280,750],[160,460],[280,740],[200,510],[270,600],[300,590],[280,510],[210,350],[270,420],[220,320],[240,330],[370,480],[410,480],[420,470],[570,600],[710,770],[470,490],[560,600],[540,560],[420,450],[380,410],[600,650],[440,450],[160,170],[60,70],[90,90],[560,580]],[[-84790700,33354940],[30,-320],[10,-110],[20,-170],[50,-330],[40,-180],[80,-370],[40,-120],[30,-100],[170,-450],[190,-470],[190,-450],[550,-1340],[100,-240],[60,-160],[70,-160],[460,-1120],[90,-210],[340,-750],[310,-660],[190,-440],[220,-470],[220,-460],[70,-160],[150,-320],[220,-480],[740,-1660],[350,-780],[110,-260],[200,-540],[520,-1440],[100,-290],[50,-160],[250,-830],[460,-1490],[550,-1760],[330,-1050],[100,-350],[330,-940],[170,-500],[140,-320],[190,-390],[70,-140],[190,-360],[240,-460],[150,-270],[230,-410],[80,-150],[240,-460]],[[-84799870,33380440],[-70,280],[-10,80],[-30,300],[-10,70],[-10,160],[-10,160],[-10,80],[-10,180],[-10,140],[-10,210],[-10,180],[0,140],[-20,520],[-20,740],[30,530],[50,1080],[10,160],[-20,290],[-40,210],[-130,400],[-280,640],[-50,110],[-170,380],[-30,70],[-170,450],[-240,620],[-100,290],[-80,310],[-70,340],[-10,90],[0,190],[30,180],[50,170],[190,640],[260,780],[30,80],[210,670]],[[-84610450,33777100],[-210,-10],[-140,-10],[-380,-30],[-400,-40],[-490,-50],[-280,-30],[-390,-50],[-480,-70],[-500,-80],[-910,-160],[-270,-60],[-230,-50],[-540,-110],[-1390,-290],[-2270,-470],[-1540,-320],[-4080,-860],[-4660,-970],[-5720,-1200],[-1740,-360],[-1680,-350],[-2060,-430],[-2900,-610],[-1660,-350]],[[-84838450,33719780],[-600,70],[-100,10],[-150,20],[-310,50],[-600,110],[-680,130],[-580,140],[-730,190],[-1340,350],[-990,250],[-1230,310],[-960,200],[-760,140],[-1080,160],[-880,100],[-720,60],[-670,40],[-890,40],[-1460,0],[-3040,-40],[-820,-10],[-1240,-10],[-1020,20],[-910,30],[-980,60],[-2070,170],[-2400,220],[-480,40],[-1350,120],[-850,70],[-740,70],[-1090,70],[-910,40],[-560,20],[-950,10],[-970,10],[-1200,0],[-2970,20],[-990,10],[-380,0],[-2380,10],[-1580,10],[-1000,10],[-1510,0],[-1080,10],[-80,0],[-930,20],[-810,30],[-590,30],[-570,30],[-730,60],[-690,70],[-720,80],[-1190,150],[-790,130],[-1220,220],[-630,120],[-480,90]],[[-84089650,33831700],[680,150],[100,20],[280,70],[570,120],[580,140],[280,70],[170,40],[210,60],[100,30],[160,50],[50,20],[380,130],[430,180],[680,330],[170,90],[180,90],[520,280],[400,190],[350,180],[220,100],[150,70],[260,100],[240,100],[350,120],[410,120],[460,110],[270,30],[130,20],[320,20],[350,20],[240,10],[100,0],[370,10],[90,0],[40,0],[350,10],[250,10],[360,0],[120,0],[260,10],[60,0],[140,10],[80,0],[90,0],[50,0],[370,10],[90,0],[410,0],[150,0],[80,0],[230,10],[230,20],[230,20],[320,40],[70,20],[410,90],[220,60],[270,80],[320,130],[250,110],[120,60],[50,30],[280,140],[250,120],[90,50],[70,30],[230,110],[160,70],[240,120],[20,10],[350,170],[520,250],[160,80],[120,50],[90,40],[260,120],[70,40],[310,150],[70,30],[240,120],[270,130],[320,150],[270,140]],[[-84112320,33823170],[560,110],[190,40],[90,20],[200,40],[280,50],[80,20],[260,50],[100,20],[120,20],[140,30],[270,50],[120,20],[70,10],[250,50],[200,40],[180,100],[270,60],[70,10],[140,30],[220,40],[120,20],[100,20],[270,50],[290,50],[120,20],[310,60],[190,30],[200,40],[40,10],[230,40],[260,50],[410,80],[160,30],[100,20],[230,40],[80,10],[150,30],[400,80],[400,70],[160,30],[50,10],[270,50],[250,40],[260,50],[270,50],[520,100],[340,60],[180,30],[410,80],[470,80],[260,50],[200,40],[140,30],[190,50],[160,30],[340,50],[420,80],[60,10],[540,90],[130,30],[200,10],[170,0],[120,40],[230,80],[170,60],[50,20],[210,100],[270,120],[300,180],[140,90],[80,50],[210,150],[90,70],[410,360],[240,220],[150,140],[390,370],[280,260],[110,100],[140,120],[220,200],[60,60],[100,90],[320,310],[90,80],[80,80],[60,50],[140,140],[260,240],[370,340],[80,80],[160,150],[140,120],[110,90],[10,80],[230,170],[70,50],[130,80],[260,150],[340,180],[390,170],[220,90],[120,50],[80,30],[290,90],[300,80],[260,70],[330,70]],[[-84264270,33810470],[750,110],[480,70],[680,130],[450,100],[280,80],[330,100],[210,70],[470,180],[410,170],[380,180],[410,190],[300,180]],[[-84283590,33920400],[-90,-270],[-30,-80],[-30,-80],[-40,-130],[-50,-170],[-110,-440],[-40,-160],[-30,-150],[-80,-230],[-50,-190],[-140,-570],[-100,-390],[-90,-380],[-60,-260],[-140,-480]],[[-84760680,33395660],[630,270],[320,120],[450,150],[490,130],[210,50],[590,110],[200,40],[380,50],[490,40],[170,10],[380,10],[260,0],[310,0],[370,0],[610,0],[490,10],[110,0],[390,0],[520,0],[710,0],[300,0],[130,0],[120,0],[500,0]],[[-84592910,33556770],[-350,-210],[-190,-120],[-480,-310],[-270,-170],[-1350,-810],[-450,-290],[-1290,-840],[-60,-40],[-180,-120],[-280,-180],[-310,-200],[-310,-190],[-290,-190],[-1490,-970],[-500,-320],[-740,-480],[-680,-440],[-1410,-910],[-410,-260],[-430,-260],[-60,-40],[-300,-180]],[[-84362900,34015090],[20,190],[10,120],[0,40],[40,430],[0,60],[30,320],[50,290],[130,340],[10,30],[50,90],[10,20],[70,130],[70,100],[80,130],[90,140],[120,200],[170,330],[60,190],[30,110],[20,80],[20,60],[40,160],[10,270],[30,380],[0,490],[0,90],[10,310],[10,120],[10,130],[10,300],[10,150],[20,290],[0,40],[0,50],[30,380],[40,370],[20,250]],[[-84910910,33724670],[490,110],[420,90],[380,70],[330,60],[450,70],[390,50],[410,50],[430,40],[480,40],[420,20],[300,10],[450,10]],[[-84388840,33771240],[380,-10],[190,-10],[230,0],[230,0],[400,20]],[[-84218290,33850030],[-250,20],[-60,0],[-170,10],[-70,0],[-140,10],[-100,0],[-100,0],[-210,0],[-170,0],[-120,0],[-110,0],[-170,-10],[-200,-10],[-30,0],[-570,-50],[-320,-40],[-190,-30],[-190,-30],[-300,-50],[-200,-40],[-30,-10],[-260,-50],[-130,-30],[-80,-20],[-120,-30],[-230,-60],[-320,-100]],[[-84304620,33895640],[-140,-130],[-130,-110],[-230,-230],[-370,-330],[-310,-300],[-250,-230],[-480,-370],[-240,-190],[-40,-30],[-50,-40],[-150,-120],[-280,-210],[-130,-100],[-60,-40],[-200,-150],[-70,-60],[-560,-430],[-310,-240],[-350,-260],[-230,-180],[-150,-120],[-140,-110],[-50,-40],[-400,-310],[-240,-180],[-280,-220],[-170,-130],[-320,-250]],[[-84110040,34013340],[-370,310],[-220,180],[-350,300],[-90,80],[-200,160],[-230,190],[-560,470],[-70,60],[-450,390],[-50,40],[-390,340],[-580,500],[-650,570],[-300,280],[-70,70],[-180,170],[-260,260],[-100,100],[-260,260],[-250,260],[-430,440],[-220,230]],[[-84061110,33841590],[290,140],[300,140],[90,50],[300,140],[360,170],[160,80],[130,60],[200,100],[150,70],[380,180],[190,90],[430,210],[240,120],[470,220],[510,240],[80,40],[670,340],[450,220],[340,150],[520,250],[170,80],[130,60],[100,50],[170,80],[360,180],[280,140],[190,90],[210,110],[200,90],[200,90],[130,60],[100,50],[240,120],[40,20],[140,70],[110,50],[160,80],[110,50],[140,70],[190,90],[280,130],[200,100],[270,130],[330,150],[200,90],[350,170],[180,90],[290,140],[360,180],[180,50],[140,40],[180,110],[150,90],[100,70],[280,180],[90,60],[230,170],[160,130],[150,120],[140,120],[220,180],[120,110],[140,140],[70,60],[200,180],[480,420],[110,110],[150,130],[90,80],[110,100],[160,140],[290,270],[210,180],[140,120],[250,200],[90,70],[410,270]],[[-83997610,33976800],[800,150],[810,150],[140,30],[760,150],[830,160],[520,100],[1610,310]],[[-84357080,33823070],[130,110],[160,120],[120,110],[50,50],[170,210],[70,80],[140,130],[180,150]],[[-84798890,33380440],[0,120],[10,100],[10,60],[10,50],[10,40],[20,50],[20,50],[30,40],[50,50],[60,50],[70,50],[80,40],[70,30],[90,30],[140,40],[460,130],[520,150],[320,90],[340,110],[430,120],[90,30],[550,180],[160,60],[220,90],[280,120],[570,250],[480,200],[50,20],[280,130],[190,60],[260,50],[110,10],[240,20],[290,0],[190,-30],[260,-60],[280,-60],[130,-30],[40,-10],[180,-40],[140,-40],[170,-40]],[[-84232700,34057630],[190,-200],[40,-40],[120,-160],[100,-140],[40,-60],[160,-220],[90,-130],[100,-140],[220,-310],[70,-100],[130,-200],[170,-240]],[[-84359860,33773800],[600,10],[180,0],[90,0],[230,10],[490,0],[200,0],[310,0],[230,0],[60,0],[160,-10],[140,0],[220,0],[170,0],[230,0],[300,10],[90,0],[250,0],[170,0],[180,0],[200,0],[470,0],[300,0],[230,0],[270,-10],[410,0],[160,0],[100,0],[220,0],[390,0],[260,10]],[[-84147250,33446990],[-380,0],[-560,0],[-620,10],[-240,0],[-400,0],[-10,-150],[-20,-140],[-40,-130],[-60,-110],[-50,-90],[-80,-110],[-70,-90],[-120,-130],[-160,-130],[-140,-110],[-150,-120],[-760,-610],[-530,-440],[-270,-220],[-70,-60],[-220,-200],[-370,-370],[-130,-140],[-370,-420],[-280,-290],[-140,-150],[-240,-250],[-170,-170],[-340,-340],[-140,-140],[-350,-350],[-180,-170],[-190,-190],[-110,-120],[-110,-130],[-210,-260],[-200,-260],[-310,-450],[-60,-80],[-280,-410],[-90,-130],[-320,-450],[-30,-40],[-280,-380],[-220,-280],[-110,-130],[-150,-120],[-110,-100],[-50,-30],[-80,-50],[-290,-180],[-200,-130],[-200,-120],[-30,-20],[-190,-120],[-410,-250],[-750,-450],[-310,-190],[-350,-200],[-240,-130],[-360,-200],[-80,-40],[-80,-40],[-200,-70],[-140,-50],[-270,-60],[-370,-70],[-140,-30],[-100,-20],[-350,-70],[-90,-20],[-370,-70],[-1050,-220],[-210,-50],[-210,-60],[-220,-70],[-160,-50],[-540,-180],[-720,-240],[-240,-70],[-760,-230],[-610,-170],[-310,-60],[-130,-20],[-430,-50],[-390,-30],[-260,0],[-510,-10],[-340,10],[-170,0],[-140,0],[-340,10],[-340,10],[-200,10],[-440,10],[-100,0],[-220,10],[-280,10],[-150,0],[-220,10],[-260,10],[-140,0],[-260,0],[-80,-10],[-200,-10],[-260,-30],[-80,-20],[-130,-20],[-100,-30],[-90,-20],[-230,-90],[-150,-60],[-70,-30],[-150,-80],[-110,-60],[-190,-130],[-60,-40],[-110,-80],[-240,-180],[-380,-300],[-260,-200],[-430,-360],[-30,-30],[-40,-40],[-140,-110],[-30,-30],[-120,-100],[-60,-50],[-140,-120],[-110,-90],[-120,-100],[-100,-30],[-170,-120],[-130,-110],[-120,-90],[-210,-170],[-100,-90],[-300,-280],[-180,-180],[-300,-310],[-180,-200],[-120,-130],[-240,-260],[-250,-280],[-170,-200],[-120,-130],[-50,-60],[-150,-160],[-110,-130],[-80,-120]],[[-84341250,34042890],[380,910],[60,140],[40,110],[130,310],[150,360],[90,220],[230,530],[220,530],[110,260],[100,250],[40,90],[110,260],[100,240],[100,230],[20,50],[110,250],[80,190],[90,210],[150,340],[10,30],[120,260],[80,140],[70,110],[70,90],[110,150],[60,70],[120,130],[230,220],[110,110],[220,210],[300,300],[120,110],[160,140],[160,130],[150,90],[80,50],[200,120],[480,250],[120,60],[90,50],[230,120],[590,300],[390,190],[270,130],[340,180],[190,90],[110,60],[160,80],[80,40],[170,90],[250,130],[50,30],[150,70],[160,80],[70,40],[490,240],[40,20],[70,40],[370,220],[120,80],[310,210],[180,140],[270,200],[250,190],[270,210],[110,90],[50,30],[120,90],[110,90],[400,310],[190,170],[350,310],[120,130],[150,160],[230,310],[70,90],[430,620],[180,250],[200,270],[110,150],[200,250],[110,140],[150,180],[250,310],[230,270],[340,400],[210,250],[220,260],[80,100],[130,150],[500,620],[220,250],[40,40],[230,260]],[[-84295490,33904730],[-120,-120],[-140,-140],[-80,-80],[-130,-130],[-120,-130],[-100,-100],[-50,-50],[-360,-360],[-80,-80],[-640,-630],[-210,-210],[-440,-440],[-190,-190],[-190,-190],[-140,-130],[-80,-80],[-90,-90],[-130,-130],[-50,-50],[-320,-320],[-60,-60],[-210,-210],[-70,-70],[-90,-80],[-40,-40],[-120,-130],[-130,-130],[-70,-70],[-140,-140],[-50,-50],[-120,-120],[-40,-40],[-150,-140],[-90,-90],[-670,-660],[-240,-240],[-160,-160],[-280,-270],[-290,-290],[-150,-150],[-130,-130],[-110,-110],[-170,-170],[-60,-50],[-180,-180],[-110,-110],[-130,-130],[-60,-60],[-160,-160],[-120,-120],[-130,-130],[-120,-120],[-90,-90],[-80,-80],[-110,-110],[-40,-40],[-70,-70],[-150,-150],[-70,-80],[-210,-210]],[[-84356060,33824030],[460,330],[80,60],[190,130],[220,120],[240,120],[350,150],[350,140],[300,120],[500,180],[480,170],[100,30]],[[-84287770,33911790],[-260,-190],[-100,-70],[-770,-570],[-520,-370],[-340,-240],[-310,-230],[-250,-200],[-200,-160],[-60,-60],[-280,-240],[-280,-260],[-90,-90],[-260,-270],[-200,-210],[-170,-190],[-150,-160],[-340,-370],[-240,-240],[-130,-190],[-50,-50],[-240,-220],[-240,-260],[-170,-170],[-40,-40],[-190,-190],[-280,-280],[-180,-180],[-190,-190],[-100,-100],[-200,-200],[-180,-180],[-220,-210],[-150,-150],[-130,-130],[-210,-200]],[[-84122360,33941200],[410,-660],[280,-450],[-20,-100],[0,-60],[60,-110],[110,-200],[190,-310],[50,-100],[70,-170],[30,-110],[40,-150],[20,-100],[20,-140],[50,-350],[10,-80],[60,-400],[30,-200],[70,-430],[30,-200],[160,-830],[70,-400],[30,-150],[120,-650],[70,-370],[40,-200],[60,-490],[50,-720],[0,-80],[40,-560],[10,-320],[10,-180],[50,-250],[70,-250],[170,-330],[50,-80],[110,-160],[180,-200],[120,-120],[300,-220],[270,-160],[310,-140],[820,-290],[270,-110],[200,-70],[180,-100],[170,-80],[240,-150],[290,-210],[170,-180],[250,-270],[220,-290],[140,-270],[110,-260],[130,-460],[80,-360],[80,-190],[80,-140],[130,-250],[170,-260],[280,-430],[370,-550],[200,-370]],[[-83994440,34054380],[-100,-360],[-40,-220],[-20,-140],[-10,-180],[20,-180],[0,-90],[10,-80],[20,-60],[100,-440],[90,-320],[60,-240],[70,-240],[10,-60],[90,-330],[30,-100],[0,-20],[40,-160],[210,-830],[80,-320],[50,-200],[50,-200],[210,-820],[260,-980],[30,-130],[310,-1210],[100,-380],[50,-200],[120,-470],[20,-70],[140,-550],[20,-100],[80,-310],[90,-330],[30,-100],[120,-470],[20,-60],[100,-370],[150,-430],[80,-170],[90,-190],[20,-30],[190,-320],[130,-180],[100,-150],[240,-330],[260,-330],[380,-510],[230,-300],[20,-30],[140,-190],[130,-170],[210,-280],[230,-310],[50,-70],[150,-220],[170,-310],[130,-320],[110,-340],[120,-390],[30,-90],[30,-100],[70,-210]],[[-84179160,34007800],[860,-230],[230,-60],[210,-60],[160,10],[460,-190],[230,-90],[40,-20],[740,-320],[190,-90],[170,-90],[210,-150],[280,-190],[480,-420],[160,-150],[60,-70],[190,-190],[50,-50],[80,-90],[110,-110],[260,-190],[30,-20],[130,-90],[70,-50],[120,-70],[100,-40],[280,-120],[250,-100],[290,-90],[440,-100],[330,-30],[250,-10],[230,-10],[130,10],[380,20],[150,10]],[[-84740550,33405090],[490,500],[430,420],[200,210],[440,450],[390,430],[660,750],[360,430],[360,440],[360,460],[460,610],[590,820],[830,1150],[180,260],[300,410],[370,510],[290,400],[370,520],[320,440],[430,600],[410,560],[250,350],[470,650],[260,360],[970,1350],[670,930],[520,730],[810,1120],[220,300],[480,670],[550,760],[440,600],[490,680],[370,510],[170,220],[160,210],[370,430],[390,430],[400,410],[230,230],[180,170],[190,170],[160,140],[210,180],[220,180],[190,160],[200,160],[220,170],[260,190],[270,190],[240,160],[270,180],[280,180],[490,300],[510,300],[1290,760],[1060,630],[1830,1080],[770,460],[540,320],[800,470],[540,320],[520,310],[810,480],[520,310],[780,460],[820,480],[610,370],[480,280],[540,310],[280,150],[500,270],[540,280],[360,180],[440,220],[350,160],[1090,510],[1160,550],[1130,530],[1060,500],[1520,720],[380,180],[450,210],[140,70],[810,380],[250,120]],[[-84800630,33392360],[60,210],[80,280],[30,90],[80,320],[10,50],[20,110],[100,550],[100,1000],[90,690],[70,330],[70,190],[170,330],[110,210],[140,200],[120,160],[170,160],[180,170],[380,250],[310,190],[380,240],[350,220],[110,70],[170,100],[350,220],[70,40],[300,180],[290,180],[80,50],[80,50]],[[-84496740,33750710],[-140,-340],[-160,-400],[-690,-1790],[-150,-380],[-120,-320],[-70,-200],[-50,-140],[-70,-210],[-60,-180],[-50,-160],[-50,-160],[-50,-160],[-40,-130],[-60,-200],[-50,-170],[-280,-950],[-730,-2500],[-520,-1770],[-740,-2540],[-220,-760],[-300,-1030],[-140,-450],[-140,-490],[-80,-310],[-80,-310],[-110,-460],[-80,-360],[-100,-490],[-50,-220],[-40,-200],[-40,-240],[-30,-200],[-70,-470],[-70,-520],[-50,-410],[-30,-250],[-20,-210],[-40,-510],[-50,-690],[-70,-900],[-40,-600],[-20,-290],[-30,-410],[-10,-180],[-30,-390],[0,-60]],[[-84766840,33726810],[290,100],[390,130],[390,120],[310,90],[220,60],[360,100],[320,80],[380,90],[460,90],[660,120],[780,130],[1810,310],[840,140],[2570,440]],[[-84427000,33657620],[-440,0],[-190,0],[-420,10],[-240,10],[-740,10],[-280,0],[-360,30]],[[-84347860,33914970],[500,150],[140,40],[340,100],[370,130],[1140,380],[360,120],[630,200],[450,140],[1190,360]],[[-84417710,33738000],[10,530],[0,110],[0,50],[0,130],[10,250],[0,70],[10,510],[0,280],[0,180],[0,270],[0,300]],[[-84232510,33766270],[0,-480],[0,-330],[0,-1740],[0,-1100],[10,-810],[-10,-780],[0,-370],[0,-750],[0,-1670],[20,-780],[30,-700],[50,-690]],[[-84301320,33715000],[750,-10],[590,0],[610,-10],[580,-30],[330,-40],[300,-50],[180,-40],[170,-40],[180,-40],[190,-50],[240,-70],[300,-110],[260,-110],[830,-370],[560,-240],[1090,-490],[500,-210],[570,-210],[640,-210],[660,-180],[590,-140],[240,-40],[90,-20],[670,-110],[660,-70],[670,-50],[350,-10],[690,-10],[690,20],[1530,30],[840,20],[1380,40],[1360,30],[1330,40],[980,30],[660,30],[1140,130],[520,70],[590,90],[570,100],[290,40]],[[-84184350,33972940],[-280,-120],[-580,-250],[-490,-210],[-220,-90],[-440,-190],[-220,-100],[-620,-270],[-400,-160],[-710,-270],[-190,-80],[-500,-210],[-100,-40],[-50,-20],[-480,-210],[-220,-90],[-400,-170],[-250,-110],[-140,-60],[-460,-200],[-200,-90],[-400,-170],[-370,-160],[-20,-10],[-470,-210],[-350,-160],[-860,-420],[-40,-20],[-370,-190],[-440,-230],[-200,-100],[-110,-60],[-170,-100],[-460,-260]],[[-84195900,33967740],[-300,-160],[-530,-280],[-220,-110],[-550,-290],[-160,-90],[-100,-60],[-270,-140],[-370,-190],[-620,-320],[-260,-130],[-430,-230],[-480,-270],[-550,-300],[-330,-150],[-160,-70],[-130,-60],[-210,-90],[-260,-110],[-490,-220],[-340,-160],[-710,-360],[-530,-280],[-360,-200],[-300,-160],[-830,-440],[-230,-120],[-360,-190],[-490,-260],[-490,-260],[-500,-270]],[[-84502570,33718890],[50,-270],[80,-340],[50,-200],[70,-250],[20,-70],[120,-430],[210,-610],[190,-480],[130,-310],[250,-550],[290,-560],[430,-790],[610,-1150],[340,-630],[350,-650],[350,-680],[230,-520],[130,-310],[50,-130],[60,-160],[70,-210],[70,-230],[110,-380],[150,-550],[60,-240],[50,-210],[50,-220],[40,-210],[50,-290],[50,-310],[30,-210],[40,-310],[20,-210],[30,-340],[20,-320],[10,-270],[10,-260],[0,-190],[0,-250],[-10,-250],[-30,-430],[-40,-370],[-40,-300],[-50,-320],[-50,-280],[-60,-290],[-60,-280],[-200,-760],[-150,-470],[-170,-500],[-200,-580],[-150,-440],[-200,-580],[-150,-450],[-290,-890],[-130,-420],[-120,-420],[-110,-460],[-100,-500],[-90,-520],[-20,-130],[-30,-270],[-40,-490],[-30,-460],[0,-360]],[[-84208230,33462530],[370,-40],[370,-40],[220,-20],[400,-40],[870,-90],[400,-40],[520,-50],[370,-30],[350,-50],[360,-60],[90,-20],[290,-50],[180,-30],[340,-120],[280,-90],[30,-10],[300,-100],[590,-200],[210,-70],[100,-30],[540,-170],[910,-290],[1170,-370],[520,-170],[480,-140],[1400,-400],[240,-70],[660,-190],[220,-60],[220,-50],[490,-110],[440,-50],[470,0],[80,0],[510,20],[650,20]],[[-84403550,33942560],[-140,130],[-150,130]],[[-84494340,33615520],[380,140],[630,210],[1100,390],[1440,510],[350,130],[420,170],[330,140],[440,190],[340,150],[170,80],[520,250],[420,200],[80,30],[390,180],[270,110],[280,90],[90,30],[110,30],[130,30],[160,30]],[[-84310450,33715850],[580,-250],[300,-120],[300,-100],[300,-80],[300,-70],[630,-110],[480,-50],[800,-20],[1300,0]],[[-84324090,33726890],[-70,-310],[-50,-420],[-50,-390],[0,-270],[0,-400],[20,-260],[60,-320],[80,-250],[80,-260],[90,-270],[110,-260],[100,-200],[130,-230],[180,-300],[70,-90],[170,-220],[180,-210],[170,-170],[200,-190],[200,-180],[200,-160],[260,-190],[180,-120],[260,-160],[310,-170],[550,-260],[900,-420],[1530,-730],[1700,-790],[790,-360],[800,-380],[360,-170],[860,-400]],[[-84436330,33655100],[-170,-180],[-160,-150],[-450,-430],[-430,-420],[-340,-310],[-160,-160],[-530,-450],[-350,-290],[-520,-400],[-360,-260],[-240,-170],[-500,-320],[-690,-430],[-910,-530],[-1170,-580],[-830,-400],[-330,-170],[-300,-150],[-410,-210],[-260,-140],[-220,-120],[-100,-60],[-110,-80]],[[-84099990,33702590],[-230,10],[-270,10],[-310,10],[-590,0],[-290,0],[-280,-10],[-370,-20],[-540,-40],[-390,-40],[-370,-40],[-260,-30],[-210,-30],[-190,-30],[-310,-50],[-240,-40],[-400,-70],[-260,-50],[-310,-70],[-300,-60],[-330,-60],[-630,-130],[-900,-190]],[[-84000000,33917360],[390,-110],[70,-30],[300,-120],[100,-50],[250,-120],[350,-170],[90,-40],[390,-200],[730,-370],[450,-200],[30,-10],[460,-160],[350,-120],[400,-90],[640,-100],[290,-30],[240,-20],[540,-30],[200,10],[330,10],[530,40],[500,80],[500,110],[670,210],[300,110],[380,180],[90,40],[240,120],[560,270],[470,200],[330,140],[1060,480],[220,100],[590,300],[690,350],[910,450],[670,330]],[[-83990840,34091650],[360,580],[170,310],[240,420],[450,710],[450,710],[720,1150],[720,1140],[890,1410],[630,990],[770,1210],[620,980],[560,890],[1000,1570],[1150,1820],[440,700],[410,650],[70,120],[700,1100],[580,920],[310,460],[340,460],[330,470],[350,460],[380,480],[370,460],[390,440],[590,680],[850,950],[820,940],[600,670],[1180,1320],[1910,2160],[740,830],[190,220],[930,1050],[280,310],[390,430],[380,430],[670,750],[360,410],[310,340],[340,360],[380,400],[300,310],[330,340],[470,480],[440,430],[740,720],[610,580],[650,600],[1230,1150],[1510,1410],[660,620],[1610,1490],[1080,1010],[840,780],[1060,990],[1150,1060],[710,660],[420,400]],[[-84504490,33690320],[-150,-10],[-280,-20],[-130,-10],[-190,-10],[-190,-10],[-390,-30],[-220,-20],[-30,-10],[-170,-60],[-340,-40],[-170,-20],[-110,-10],[-90,-10],[-200,-20],[-120,-10],[-50,0],[-150,-10],[-120,0],[-160,-10],[-140,0],[-300,40],[-260,20],[-470,80],[-260,50],[-330,60],[-110,20],[-120,30],[-80,10],[-360,70],[-110,20],[-230,40],[-80,20],[-160,30],[-230,40],[-430,80]],[[-84776210,33742850],[-430,-80],[-700,-160]],[[-84355020,33933500],[-710,0],[-500,0],[-270,0],[-190,-30],[-130,-30],[-150,-50],[-210,-70],[-150,0],[-150,0],[-80,0],[-210,0],[-180,0],[-220,0],[-130,0],[-220,0],[-170,50],[-160,50],[-310,20]],[[-84270430,33544020],[-1040,310],[-430,130],[-270,90],[-170,50],[-710,230],[-270,90],[-310,100],[-270,90],[-170,60],[-260,100]],[[-84658250,33704340],[-80,-110]],[[-84268160,33544400],[-110,310],[-120,390],[-140,530],[-90,440],[-50,330],[-50,410],[-30,550],[0,270],[10,220],[30,590],[20,190],[20,170],[60,380]],[[-84827720,33718610],[-370,10],[-170,10],[-1050,120],[-1420,160],[-1990,230],[-890,90],[-1650,190],[-1550,170],[-830,90],[-810,100]],[[-84245770,33941060],[-420,-270],[-410,-260],[-410,-250],[-220,-130],[-120,-70],[-530,-300],[-380,-230],[-390,-230]],[[-83922520,34073520],[-430,-190],[-640,-280],[-610,-270],[-1150,-500],[-1760,-770],[-1520,-660],[-1640,-720],[-820,-360],[-300,-130],[-300,-130],[-1370,-590],[-1380,-610],[-960,-410],[-2310,-1010],[-840,-360],[-450,-200],[-320,-140],[-540,-220],[-770,-310],[-840,-330],[-800,-310],[-700,-260],[-1540,-530],[-2470,-820],[-200,-70],[-1210,-400],[-1750,-570],[-550,-180],[-420,-140],[-630,-200],[-600,-200],[-1240,-400],[-530,-170],[-1290,-410],[-700,-230],[-1060,-350],[-940,-320],[-370,-120],[-310,-100],[-320,-100],[-520,-170],[-430,-140],[-580,-190],[-710,-230],[-770,-250],[-1010,-330],[-870,-290],[-770,-240],[-640,-200],[-320,-90],[-240,-70],[-290,-70],[-340,-80],[-510,-120],[-620,-120],[-460,-80],[-350,-50],[-280,-40],[-240,-30],[-280,-30],[-210,-20],[-230,-20],[-260,-20],[-280,-20],[-300,-20],[-350,-10],[-300,0],[-250,0],[-270,0],[-260,10],[-270,10],[-280,10],[-260,10],[-410,20],[-180,10],[-280,20],[-300,30],[-270,30],[-190,20],[-230,30],[-280,40],[-330,50],[-320,50],[-310,50],[-630,110],[-790,130],[-290,40],[-390,50],[-360,40],[-250,30],[-370,40],[-340,30],[-250,20],[-370,30],[-290,20],[-270,20],[-270,20],[-310,20],[-190,10],[-230,10],[-400,20],[-700,40],[-1010,30]],[[-84312590,33717120],[-340,160],[-320,140],[-290,150],[-70,30],[-500,240],[-600,300],[-310,140],[-410,180],[-290,130],[-600,280],[-1240,580],[-360,180],[-470,210],[-1130,530],[-820,380],[-470,230],[-250,120],[-210,110],[-210,120],[-230,140],[-160,110],[-160,120],[-220,180],[-210,190],[-170,160],[-120,130],[-120,140],[-110,140],[-110,140],[-90,120],[-70,100],[-110,180],[-90,160],[-100,180],[-80,170],[-60,140],[-100,270],[-60,180],[-50,180],[-40,160],[-40,220],[-50,360],[0,200],[20,300],[50,430],[40,240],[90,380]],[[-84414020,33741350],[530,-20],[210,-10],[300,-20],[290,-20],[360,-30],[200,-20],[400,-40]],[[-84472570,33758240],[230,-40],[210,-40],[200,-40],[170,-40],[240,-60],[220,-60],[230,-70],[220,-70],[220,-80],[210,-80],[220,-90],[330,-150],[350,-170],[130,-70],[150,-80],[160,-90],[150,-90]],[[-84532210,33767740],[880,-250],[1250,-350],[400,-110],[1140,-320],[940,-270],[320,-80],[840,-240],[1000,-280],[760,-210],[790,-200],[270,-60],[280,-60],[450,-90],[560,-100],[410,-60],[300,-40],[510,-60],[350,-30],[900,-70]],[[-84323290,33728860],[390,1520],[80,310],[60,230],[40,180],[30,140],[30,170],[40,230],[30,200],[20,180],[10,130],[10,170],[0,200],[-10,170],[-10,110],[-40,270],[-30,150],[-30,120],[-20,80],[-30,100],[-50,150],[-70,190],[-50,120],[-70,150],[-120,230],[-100,170],[-100,150],[-100,140],[-160,210],[-150,180],[-240,270],[-480,490],[-560,550],[-390,410]],[[-84220210,33712090],[-890,130],[-630,80],[-780,110],[-1270,160],[-690,90],[-400,50],[-1020,130],[-1130,150],[-800,100],[-4770,610],[-770,100],[-740,90],[-470,60],[-1060,130]],[[-84356390,34029220],[220,130],[300,190],[270,160],[160,100],[200,120],[70,40],[240,150],[140,90],[130,80],[50,30],[370,220],[220,140],[40,20],[190,120],[120,70],[140,90],[90,50],[50,30],[230,140],[60,30],[180,110],[260,150],[160,90],[310,180],[70,40],[130,70],[80,50],[150,80],[90,50],[50,30],[410,230],[50,30],[350,200],[90,50],[210,140],[40,30],[170,100],[50,40],[60,50],[100,70],[180,120],[40,30],[180,140],[280,200],[80,60],[100,80],[60,40],[150,110],[150,90],[110,70],[260,100],[120,40],[180,60],[130,50],[240,50],[120,30],[70,20],[140,40],[190,60],[70,20],[320,80],[80,20],[220,50],[190,50],[120,30],[260,70],[390,110],[200,50],[410,140],[170,70],[120,70],[190,120],[240,170],[70,70],[110,100],[180,200],[100,150]],[[-84357840,33914630],[110,-550],[10,-190],[20,-360],[10,-210],[20,-240],[20,-140],[100,-680],[30,-480],[20,-200],[10,-220],[10,-260],[20,-430],[10,-110],[10,-180],[0,-110],[-10,-250],[-10,-570],[-30,-390]],[[-84348520,33825420],[-450,-240],[-500,-240],[-230,-120],[-370,-170],[-660,-280],[-410,-160],[-400,-140],[-530,-170]],[[-84303960,33820090],[-10,-250],[-10,-190],[-20,-130],[-30,-100],[-60,-110],[-130,-210],[-70,-90],[-80,-110],[-530,-680],[-150,-220],[-70,-110],[-350,-650],[-840,-1570],[-620,-1170],[-200,-380],[-50,-100],[-110,-230],[-120,-230],[-150,-300],[-250,-490]],[[-84390480,33774450],[50,-190],[20,-80],[10,-50],[10,-60],[20,-140],[20,-160],[10,-140],[10,-170],[0,-130]],[[-83952620,33984380],[190,0],[200,10],[460,20],[940,40],[850,30],[600,20],[610,50],[610,80],[610,120],[590,150],[590,180],[580,210],[1190,420],[1730,610],[550,190],[540,160],[540,150],[550,130],[300,60],[810,170],[1280,120],[460,20],[580,10],[560,0],[560,-30],[200,-20],[460,-40],[490,-50],[560,-80],[560,-110],[260,-50],[300,-70],[190,-50],[390,-90],[350,-100],[220,-70],[560,-190],[560,-210],[110,-40],[250,-100],[190,-80],[510,-250],[190,-110],[270,-160],[20,-10],[170,-110],[40,-20],[210,-140],[200,-150],[380,-290],[90,-80],[250,-200],[430,-380],[270,-230]],[[-83952550,34138040],[-450,-410],[-1060,-1000],[-320,-300],[-290,-270],[-760,-700],[-770,-710],[-650,-610],[-320,-300],[-770,-720],[-1200,-1110],[-170,-160],[-540,-510],[-530,-500],[-2810,-2620],[-560,-540],[-590,-580],[-720,-700],[-710,-700],[-810,-820],[-830,-840],[-650,-720],[-640,-710],[-660,-740],[-890,-1010],[-790,-890],[-1790,-2010],[-380,-430],[-440,-510],[-350,-380],[-1370,-1550],[-380,-430],[-710,-800],[-690,-780],[-520,-580],[-470,-550],[-320,-400],[-320,-400],[-350,-470],[-350,-470],[-640,-920],[-720,-1130],[-380,-600],[-250,-400],[-70,-110],[-400,-630],[-390,-620],[-1140,-1810],[-290,-450],[-1520,-2400],[-520,-830],[-660,-1040],[-690,-1100],[-1160,-1830],[-490,-780],[-550,-850],[-970,-1550],[-490,-800],[-300,-560],[-360,-620],[-240,-400],[-150,-260],[-170,-300]],[[-84408770,33773190],[-40,270],[0,140],[10,290],[140,220],[220,270],[180,190],[720,740],[100,110],[390,400],[40,40]],[[-84406680,33778430],[-440,450],[-100,160],[-30,50],[-100,240],[-130,330]],[[-84407010,33775860],[250,170],[240,250]],[[-84217590,33710680],[-50,-210],[-50,-190],[-70,-230],[-40,-140],[-30,-100],[-50,-150],[-70,-230],[-30,-90],[-30,-80],[-70,-240],[-50,-140],[-30,-100],[-60,-170],[-30,-80],[-10,-50],[-40,-140],[-30,-240],[-30,-330],[-10,-90]],[[-84402930,33763460],[150,-500]],[[-84307960,33812430],[-170,-370],[-100,-230],[-120,-230],[-100,-220],[-30,-70],[-130,-340],[-80,-150],[-200,-460],[-60,-140],[-80,-170],[-70,-160],[-80,-190],[-70,-150],[-100,-220],[-110,-260],[-70,-160],[-50,-100],[-100,-220],[-100,-240],[-40,-90],[-180,-430],[-60,-150],[-210,-640],[-10,-40],[-70,-220],[-30,-130],[-30,-140],[-20,-90],[-20,-100],[-20,-80],[-10,-110],[-20,-150],[-60,-400],[-40,-380],[-40,-380],[-50,-430],[-10,-160],[-10,-50],[0,-150],[0,-150],[10,-130],[0,-40],[20,-140],[20,-200],[10,-60],[40,-200],[80,-200],[20,-50],[60,-140],[60,-130],[80,-140],[70,-130],[40,-60],[190,-270],[30,-40],[230,-310],[190,-240],[50,-70],[100,-130],[510,-670],[440,-590],[210,-270],[150,-180],[150,-170],[120,-130],[50,-50],[520,-470],[120,-110],[200,-190],[130,-110],[120,-110],[220,-190],[250,-210],[100,-100],[130,-160],[90,-170],[50,-90],[40,-90],[40,-100],[30,-100],[30,-120],[10,-70],[10,-110],[10,-100],[10,-110],[20,-240],[50,-700],[30,-490],[30,-380],[10,-170],[10,-210],[0,-50],[0,-90],[-30,-510],[-30,-210],[-10,-80],[-30,-250],[-30,-220],[-70,-420],[-10,-80],[-40,-170],[-20,-70],[-50,-170],[-80,-220],[-160,-450],[-80,-220],[-70,-190],[-20,-50],[-80,-200],[-90,-280]],[[-84420420,33741740],[170,-40],[180,-40],[200,-40],[180,-30],[240,-30],[270,-30],[240,-20],[330,-20],[520,-20],[440,-10],[1070,-30],[1090,-30]],[[-84073890,33975890],[300,-780],[340,-680],[430,-780],[500,-830],[620,-1040],[490,-830],[30,-50],[270,-490],[130,-230],[210,-390],[220,-390],[150,-270],[140,-260],[30,-50],[210,-370],[70,-120],[190,-300],[50,-110],[100,-150],[70,-90],[270,-310],[180,-160],[210,-150],[90,-60],[250,-150],[290,-180],[580,-340],[310,-180],[260,-160],[520,-300],[360,-210],[560,-300],[600,-290],[630,-300],[610,-290],[130,-70],[240,-130],[90,-60],[150,-110],[300,-320],[230,-350],[280,-400],[100,-150],[390,-560],[110,-200],[110,-180]],[[-84082110,33986840],[90,-30],[320,-120],[590,-210],[60,-20],[320,-120],[140,-50],[140,-60],[420,-170],[170,-100],[470,-280],[320,-260],[430,-350],[180,-170],[350,-360],[330,-350],[490,-580],[240,-320],[70,-100],[320,-440],[300,-460],[190,-310],[100,-160],[380,-710],[240,-490],[130,-300],[90,-200],[30,-80],[70,-170],[200,-530],[120,-350],[120,-370],[200,-640],[100,-330],[30,-110],[210,-740],[50,-190],[70,-230],[100,-360]],[[-84087710,33988950],[110,-80],[340,-210],[540,-270],[220,-80],[100,-30],[140,-50],[140,-50]],[[-83984690,33918920],[320,150],[290,100],[290,90],[310,50],[320,40],[50,0],[260,10],[400,-20],[310,-40],[300,-60],[400,-120],[700,-270],[140,-60],[370,-150],[690,-260],[570,-200],[370,-130],[370,-110],[330,-50],[330,-20],[470,0],[40,0],[190,30],[220,30],[310,90],[490,170],[170,70],[130,50],[70,30],[810,380],[600,260],[210,90],[60,30],[320,130],[140,40],[140,40],[320,80]],[[-84185660,33430980],[-180,190],[-500,490],[-400,390],[-490,530],[-440,490],[-240,290],[-620,740],[-520,610],[-730,870],[-650,780],[-690,830],[-870,1050],[-900,1100],[-490,610],[-660,820],[-1150,1390],[-2140,2470],[-530,640],[-280,340],[-430,510],[-420,500],[-930,1120],[-430,520],[-810,960],[-820,990],[-720,850],[-410,500],[-270,330],[-590,700],[-510,610],[-380,460],[-570,680],[-460,560],[-300,370],[-310,420],[-170,250],[-160,250],[-180,310],[-350,650],[-230,470],[-130,250],[-190,390],[-380,750],[-130,240]],[[-84408110,33744640],[-280,-300]],[[-84033970,33938330],[390,-320],[430,-320],[210,-170],[250,-180],[200,-120],[470,-300],[730,-490],[500,-320],[340,-270],[230,-220],[110,-120],[110,-130],[110,-200],[60,-110],[40,-60],[190,-310]],[[-84056540,33955510],[400,-150],[90,-30],[480,-120],[120,-20],[570,-90],[360,-50],[160,-30],[280,-40],[290,-40],[330,-50],[100,-10],[320,-90],[250,-80],[300,-130],[200,-120],[50,-30],[200,-140],[280,-210],[220,-220],[130,-140],[140,-210],[60,-110],[50,-90],[130,-250]],[[-84281830,33799070],[-260,-290],[-90,-100],[-280,-280],[-140,-140],[-160,-150],[-160,-130],[-230,-190]],[[-84380730,33760960],[260,-280],[70,-80],[100,-120],[120,-150],[90,-110],[90,-120],[140,-210],[150,-220],[90,-150],[70,-120],[50,-100],[50,-90],[140,-270]],[[-84237380,33837970],[-110,-70],[-140,-100],[-480,-310]],[[-84274920,33805880],[240,180],[480,390],[610,450],[340,240]],[[-84249680,33800330],[-220,1770],[-80,650],[-30,270],[-30,190],[-70,520],[-100,920],[-170,1380],[-80,640],[-30,280],[-60,480],[-70,560]],[[-84124170,33349880],[-50,470],[-40,250],[-60,370],[-120,600],[-130,530],[-260,840],[-250,650],[-220,510],[-200,460],[-430,850],[-480,880]],[[-84717390,33766300],[-120,-120],[-350,-300],[-30,-30],[-120,-100],[-290,-230],[-90,-60],[-220,-160],[-150,-100],[-320,-200],[-160,-90],[-310,-170],[-640,-310],[-130,-60],[-430,-160],[-1050,-380],[-540,-190],[-420,-150],[-400,-140],[-520,-180],[-500,-170],[-220,-80],[-300,-100],[-330,-120],[-1000,-360],[-630,-210],[-310,-110],[-280,-100],[-290,-100],[-670,-240],[-270,-100],[-120,-40],[-220,-80],[-600,-210],[-490,-190],[-230,-110],[-260,-120],[-460,-240],[-270,-160],[-350,-220],[-320,-210],[-720,-460],[-130,-90],[-360,-230],[-330,-210],[-470,-310],[-210,-130],[-430,-280],[-280,-200],[-790,-500],[-580,-380],[-260,-170],[-240,-160],[-620,-420],[-970,-650],[-1050,-570],[-350,-190],[-340,-170],[-180,-90],[-380,-180],[-530,-220],[-230,-100],[-130,-50],[-410,-170]],[[-84232870,34057790],[170,-160],[190,-200],[40,-40],[120,-160],[100,-140],[40,-60],[160,-220],[90,-130],[100,-140],[220,-310],[70,-100],[130,-200],[170,-240],[210,90],[200,330],[200,320],[120,190],[230,370],[110,180],[180,290],[280,260],[220,170],[120,90],[390,300],[440,330],[40,30],[210,160],[80,70],[90,70],[20,60],[-10,80]],[[-84349520,33703900],[0,220],[0,290],[0,360]],[[-84513630,33617070],[-360,50],[-430,60]],[[-84247640,33842230],[60,440],[70,610],[410,3130],[80,630],[50,380],[150,1150],[100,800],[40,210],[90,460]],[[-84488380,33652650],[550,-90],[430,-70],[650,-110],[430,-70],[830,-140],[720,-120],[240,-40],[610,-100],[520,-70],[240,-20],[460,-30],[370,-20],[300,-10],[900,0],[440,0],[650,-10],[590,0],[630,-10],[910,0],[870,-10],[390,-10],[420,-10],[470,-70],[200,-40],[70,-10],[210,-40],[40,-10],[50,-10],[130,-30],[210,-60],[510,-140],[750,-270],[270,-100],[1300,-480],[330,-120],[440,-150]],[[-84218370,33707680],[-40,-340],[0,-40],[-40,-180],[-70,-220]],[[-84449860,33751250],[280,60],[160,30],[280,50],[180,30],[140,20],[200,20],[260,20],[150,10],[210,10],[250,0],[270,-10],[160,-10],[240,-20],[250,-30],[180,-30],[310,-60],[250,-60],[160,-40],[180,-50],[190,-60],[200,-70],[160,-60],[170,-70],[160,-70],[150,-70],[160,-80],[150,-80],[140,-80],[150,-90],[160,-100],[140,-90],[150,-100],[210,-150],[190,-140],[660,-480],[710,-510]],[[-84404030,33704390],[-30,-260],[-20,-180],[-10,-110],[-10,-120],[-10,-120],[-10,-150],[-20,-290],[-20,-490],[-10,-440],[-10,-390],[-20,-410],[-40,-440],[-40,-350],[-50,-340],[-60,-340],[-60,-300],[-70,-330],[-70,-310],[-30,-140],[-40,-190],[-50,-260],[-40,-210],[-50,-250],[-60,-280],[-50,-260],[-70,-380],[-20,-130]],[[-84052930,33959700],[1460,-150],[2360,-240],[1620,-170],[1310,-140],[760,-80],[340,-30],[680,-70],[920,-90],[430,-30],[430,-30],[470,-20],[580,-10]],[[-84910900,33724960],[-380,-90],[-590,-140]],[[-84404680,33770010],[-10,110],[-10,80],[-30,110],[-40,100],[-70,140]],[[-84362900,34014300],[-40,0],[-640,0]],[[-84296640,34071260],[-120,-150]],[[-83916980,33849490],[430,-160],[280,-100],[190,-90],[190,-90],[220,-100],[290,-130],[280,-150],[150,-90],[400,-280],[80,-30],[270,-190],[270,-190],[390,-280],[110,-80],[170,-120],[260,-180],[280,-170],[250,-200],[150,-100],[210,-140],[250,-180],[160,-120],[430,-290],[800,-570],[210,-170],[80,-70],[280,-250],[120,-100],[160,-210],[220,-260],[160,-240],[140,-210],[170,-300],[130,-250],[190,-300],[110,-180],[90,-160],[40,-70],[130,-230],[90,-160],[110,-200],[20,-40],[250,-460],[30,-50],[110,-180],[80,-120],[120,-190],[80,-120],[70,-70],[220,-240],[160,-150],[150,-140],[290,-230],[220,-140],[170,-110],[160,-90],[250,-130],[190,-80],[220,-90],[200,-60],[50,-20],[300,-90],[370,-90],[70,-20],[360,-120],[350,-130],[130,-60],[50,-20],[200,-90],[20,-10],[270,-140],[190,-100],[70,-30],[180,-90],[220,-120]],[[-84207620,33911220],[20,-60],[30,-70],[50,-120],[70,-110],[50,-90],[70,-130],[80,-160],[50,-90],[150,-300],[180,-370],[70,-140],[100,-220],[70,-160],[70,-170],[40,-110],[30,-80],[30,-100],[20,-50],[20,-60],[50,-180],[40,-220],[20,-90],[20,-150],[20,-180],[30,-140],[10,-80],[40,-80],[80,-110]],[[-84224890,33935300],[400,-220],[230,-150],[70,-60],[150,-110],[130,-120],[140,-130],[130,-160],[200,-250],[180,-300],[230,-390],[180,-300],[110,-190],[170,-280],[250,-430]],[[-84030380,34105820],[-90,-170],[-130,-190],[-150,-230],[-50,-70],[-170,-220],[-230,-280],[-90,-100],[-80,-90],[-230,-280],[-240,-250],[-330,-350],[-160,-170],[-500,-520],[-260,-270],[-40,-40],[-230,-240],[-570,-600],[-660,-680],[-110,-110],[-840,-840],[-140,-140],[-200,-180],[-460,-440],[-190,-170],[-800,-860],[-350,-390],[-540,-610],[-590,-660],[-450,-510],[-450,-500],[-180,-190],[-350,-390],[-640,-710],[-530,-590],[-310,-350],[-930,-1020],[-290,-330],[-230,-230],[-120,-130],[-170,-180],[-430,-420],[-350,-320],[-820,-770],[-570,-540],[-270,-250],[-320,-290],[-220,-210],[-880,-800],[-880,-810],[-400,-360],[-900,-830],[-720,-650],[-430,-370],[-320,-250],[-330,-240],[-1190,-850],[-290,-200],[-640,-450],[-220,-150],[-180,-130],[-660,-450],[-420,-300],[-200,-140],[-210,-150],[-320,-220],[-310,-220],[-150,-100],[-120,-80],[-380,-270],[-550,-380],[-370,-280],[-110,-90],[-140,-110],[-380,-280],[-220,-180],[-330,-280],[-580,-540],[-300,-300],[-120,-120],[-500,-520],[-110,-110],[-320,-320],[-170,-180],[-170,-180],[-800,-820],[-70,-70],[-860,-880],[-410,-420],[-210,-210],[-290,-300],[-380,-400],[-200,-200],[-310,-320],[-450,-460],[-340,-350],[-530,-550],[-110,-110],[-500,-500],[-320,-330],[-410,-430],[-150,-150],[-350,-360],[-330,-340],[-600,-630],[-190,-190],[-190,-190],[-320,-330],[-270,-280],[-330,-320],[-370,-350],[-160,-150],[-220,-190],[-330,-310],[-150,-140],[-230,-200],[-290,-270],[-190,-170],[-280,-270],[-420,-400],[-380,-360],[-740,-690],[-150,-140],[-280,-240],[-40,-40],[-110,-100],[-270,-260],[-330,-290]],[[-84338840,33920130],[-50,280],[-20,190]],[[-84391500,33788610],[20,-300],[20,-560]],[[-84392160,33791190],[120,-390],[80,-260],[60,-210],[50,-200],[40,-170],[50,-230],[50,-230],[50,-220],[50,-210],[50,-200],[60,-260]],[[-84307960,33812430],[150,340]],[[-84374290,33760240],[-980,110],[-860,90],[-420,70],[-550,90]],[[-84359860,33773800],[-170,0]],[[-84613420,33691540],[-240,100],[-440,160],[-900,350],[-530,200],[-410,160],[-380,100],[-350,60],[-430,60],[-300,20],[-230,10],[-720,20],[-220,0],[-1160,30],[-420,10],[-210,0],[-390,10],[-280,10],[-230,0],[-240,10],[-910,20],[-70,0],[-460,10],[-700,10],[-700,30],[-560,20],[-250,10],[-170,10],[-30,0],[-270,10],[-240,10],[-380,20],[-820,30],[-140,10],[-600,20],[-390,20],[-290,20],[-470,20],[-400,10],[-480,10],[-220,10],[-350,10],[-310,0],[-310,10],[-240,0],[-440,10],[-1070,20],[-590,10],[-1000,20],[-790,20],[-250,0],[-120,0],[-1310,30],[-380,10],[-500,20],[-670,60],[-840,140],[-650,140],[-240,50],[-70,20],[-470,130],[-610,200],[-540,200],[-120,40],[-690,260],[-740,300],[-820,360],[-530,260],[-170,90],[-440,230],[-410,230],[-570,340],[-820,490],[-390,250],[-740,490],[-600,380],[-830,510],[-470,280],[-880,570],[-140,90],[-330,220],[-530,330],[-250,150],[-700,450],[-220,140],[-650,400],[-670,410],[-30,70],[-140,80],[-70,40],[-180,110],[-370,240],[-230,140],[-250,150],[-250,160],[-200,130],[-120,70],[-500,340],[-360,270],[-260,230],[-200,190],[-290,280],[-150,170],[-140,150]],[[-84731720,33735930],[-790,-530],[-880,-550],[-800,-450],[-350,-190],[-380,-200],[-380,-190],[-340,-160],[-350,-160],[-650,-280],[-510,-200],[-160,-60],[-150,-60],[-140,-50],[-270,-100],[-250,-90],[-250,-90],[-350,-120],[-460,-140],[-800,-230],[-890,-230],[-540,-130],[-320,-70],[-320,-60],[-200,-40],[-220,-40],[-380,-70],[-1260,-220],[-540,-90],[-420,-70],[-570,-100],[-660,-100]],[[-84155650,33979800],[100,-170],[120,-190],[100,-150],[120,-170],[280,-410],[310,-520],[90,-140],[160,-250],[480,-770],[350,-560],[620,-980],[330,-460],[320,-390],[440,-500],[170,-170],[80,-80],[240,-250],[240,-210],[160,-150],[240,-200],[510,-420],[250,-160],[280,-200],[240,-190],[770,-580],[750,-580],[300,-270],[360,-290],[230,-190],[400,-350],[200,-170],[290,-240],[180,-150],[790,-670],[280,-230],[430,-370],[150,-130],[240,-200],[90,-70],[260,-240],[330,-310],[260,-250],[90,-90],[70,-60],[260,-250],[70,-60],[150,-80],[130,-60]],[[-84185570,33923980],[-1580,-750],[-1530,-750],[-2390,-1140],[-1060,-520],[-1470,-700],[-2530,-1200],[-390,-180],[-340,-160],[-480,-230],[-580,-330],[-360,-220],[-720,-460],[-1390,-920],[-1230,-820],[-940,-630],[-550,-360],[-880,-580],[-660,-430]],[[-84050220,33890280],[320,150],[90,40],[600,260],[1090,490],[450,200],[560,200],[410,130],[430,100],[530,80],[270,20],[300,20],[100,10],[370,-10],[300,-10],[380,-30],[430,-60],[250,-50],[490,-120],[240,-70],[230,-80],[460,-180],[430,-200],[630,-290],[430,-180]],[[-84352510,33823780],[-330,-80],[-370,-80],[-310,-60],[-300,-50],[-270,-40],[-520,-70],[-550,-70],[-480,-50],[-240,-30],[-190,-30],[-320,-40],[-260,-40],[-120,-20],[-310,-50]],[[-84349520,33703900],[0,-210],[0,-590],[10,-960],[0,-40],[0,-70],[0,-60],[0,-110],[0,-410],[0,-280],[0,-220],[-10,-290],[0,-1110],[-30,-870],[-90,-1510],[-10,-270],[0,-260],[0,-150],[0,-60],[30,-390],[30,-240],[30,-260],[10,-60],[60,-500],[30,-380],[10,-100],[-60,-190],[0,-200],[10,-390],[-10,-590],[0,-210],[0,-310],[0,-440]],[[-84312610,33857400],[100,90],[160,140],[170,150],[280,270]],[[-83575260,34497380],[-1310,-1520],[-390,-440],[-510,-580],[-510,-620],[-50,-70],[-180,-260],[-230,-330],[-80,-140],[-90,-160],[-40,-70],[-190,-380],[-190,-430],[-70,-170],[-180,-400],[-380,-860],[-450,-880],[-240,-410],[-120,-180],[-150,-220],[-280,-390],[-40,-50],[-250,-320],[-280,-370],[-440,-540],[-260,-320],[-40,-50],[-600,-770],[-90,-110],[-320,-410],[-200,-250],[-120,-150],[-90,-120],[-90,-120],[-910,-1150],[-160,-200],[-410,-530],[-490,-630],[-100,-130],[-470,-590],[-380,-490],[-650,-820],[-70,-80],[-320,-380],[-700,-910],[-190,-250],[-600,-770],[-50,-70],[-500,-590],[-80,-100],[-500,-550],[-50,-60],[-470,-480],[-540,-510],[-150,-140],[-940,-900],[-740,-690],[-1450,-1370],[-1970,-1880],[-440,-410],[-660,-630],[-700,-660],[-490,-460],[-660,-630],[-250,-230],[-650,-610],[-430,-420],[-980,-1000],[-680,-740],[-810,-920],[-1750,-2030],[-1010,-1160],[-740,-860],[-290,-340],[-180,-210],[-1010,-1170],[-140,-160],[-1140,-1310],[-1310,-1490],[-200,-220],[-650,-690],[-240,-240],[-260,-260],[-390,-380],[-370,-330],[-370,-340],[-570,-490],[-580,-490],[-530,-420],[-60,-50],[-600,-460],[-410,-300],[-310,-220],[-360,-260],[-160,-110],[-780,-520],[-1480,-980],[-430,-290],[-150,-100],[-1690,-1110],[-480,-310],[-40,-30],[-510,-340],[-410,-280],[-60,-40],[-460,-330],[-390,-330],[-380,-330],[-130,-140],[-220,-220],[-150,-160],[-150,-160],[-100,-100],[-300,-350],[-70,-90],[-510,-680],[-480,-690],[-690,-990],[-970,-1390],[-800,-1160],[-220,-310],[-450,-620],[-580,-660],[-470,-470],[-380,-320],[-470,-400],[-170,-130],[-210,-160],[-80,-50],[-320,-200],[-1190,-750],[-1650,-1030],[-2310,-1420],[-2730,-1710],[-2280,-1410],[-210,-130],[-1280,-800],[-260,-160],[-520,-320],[-1040,-660],[-520,-310],[-510,-320],[-510,-340],[-470,-320],[-530,-400],[-480,-380],[-470,-410],[-680,-630],[-40,-40],[-440,-460],[-310,-340],[-280,-350],[-360,-430],[-720,-940],[-640,-840],[-560,-730],[-560,-740],[-580,-750],[-390,-500],[-390,-440],[-160,-180],[-240,-250],[-60,-70],[-190,-180],[-280,-260],[-350,-290],[-170,-140],[-540,-400],[-290,-200],[-370,-240],[-230,-140],[-1210,-710],[-1260,-750],[-1130,-670],[-1730,-1010],[-70,-40],[-1300,-770],[-710,-420],[-360,-220],[-770,-460],[-250,-150],[-1210,-710],[-320,-190],[-670,-400],[-650,-380],[-650,-380],[-500,-290],[-970,-590],[-960,-560],[-530,-320],[-320,-190],[-1430,-840],[-360,-210],[-410,-250],[-390,-230],[-460,-270],[-680,-410],[-1280,-800],[-320,-200],[-1100,-720],[-390,-260],[-1810,-1200],[-770,-510],[-280,-190],[-520,-340],[-690,-460],[-310,-210],[-520,-340],[-850,-560],[-950,-600],[-400,-240],[-700,-410],[-800,-490],[-630,-360]],[[-83996180,34082620],[-280,-370],[-250,-310],[-890,-1040],[-970,-1130],[-1050,-1220],[-1060,-1220],[-3430,-3980],[-2720,-3160],[-350,-400],[-420,-480],[-280,-300],[-230,-230],[-220,-210],[-350,-320],[-300,-270],[-500,-420],[-270,-220],[-290,-220],[-280,-210],[-1130,-790],[-840,-580],[-1590,-1140],[-860,-600],[-860,-610],[-1230,-870],[-1240,-880],[-880,-630],[-300,-220],[-330,-250],[-220,-180],[-320,-270],[-310,-270],[-290,-260],[-240,-220],[-260,-260],[-260,-270],[-250,-280],[-250,-290],[-220,-260],[-210,-260],[-900,-1140],[-310,-380],[-430,-550],[-330,-420],[-620,-790],[-450,-600],[-500,-680],[-350,-510],[-250,-380],[-310,-490],[-410,-660],[-740,-1250],[-490,-850],[-730,-1260],[-600,-1010]],[[-84307740,33685770],[-940,-700],[-690,-510],[-690,-530],[-660,-480],[-640,-480],[-1020,-770],[-820,-610],[-920,-690]],[[-84359160,33933440],[-590,0],[-430,20],[-330,50],[-170,30],[-190,30],[-140,20]],[[-83806160,34285000],[-400,-830],[-280,-540],[-310,-530],[-330,-520],[-360,-510],[-380,-510],[-130,-160],[-270,-330],[-640,-700],[-430,-450],[-860,-860]],[[-84068710,33961340],[480,-40],[2430,-250],[1600,-170],[2350,-250],[720,-70],[420,-50],[200,-20],[690,-70],[760,-80],[1380,-140],[3820,-400],[930,-100]],[[-83983660,34057620],[-1270,-20],[-1050,-30],[-1420,-80],[-2180,-130],[-780,-50],[-1170,-80],[-600,-40],[-440,-40],[-400,-30],[-240,-10],[-170,-10],[-1040,-80],[-280,-20],[-740,-40],[-910,-60],[-410,-30],[-960,-90],[-1350,-130],[-1010,-90],[-560,-70],[-670,-100],[-820,-130],[-530,-100]],[[-83913960,34075740],[-550,-40],[-340,-30],[-370,-40],[-320,-40],[-360,-50],[-370,-50],[-380,-60],[-410,-70],[-260,-50],[-240,-50],[-230,-50],[-240,-60],[-260,-70],[-320,-90],[-300,-90],[-620,-180],[-600,-210],[-230,-80],[-210,-80],[-220,-90],[-530,-220],[-1200,-520]],[[-84340510,33668380],[40,-450],[30,-170],[60,-460]],[[-84371070,33843980],[-340,-180]],[[-84267220,33897880],[1420,-1040],[950,-730],[1140,-880],[620,-480],[500,-390],[310,-240],[370,-290],[530,-420],[470,-370],[250,-190],[220,-170],[280,-220],[150,-110],[110,-80],[120,-100],[130,-100],[70,-60],[50,-40],[160,-120],[190,-140],[130,-100],[390,-300],[380,-290],[140,-110],[750,-570],[690,-530],[1200,-910]],[[-84450510,33645140],[220,-70],[190,-70],[210,-80],[280,-120],[190,-120],[150,-90],[110,-70],[70,-50],[60,-50],[80,-80]],[[-83916310,34176260],[210,250],[310,360],[250,300],[250,290],[1070,1270],[820,960],[290,350],[1360,1600],[260,310],[740,880]],[[-84009870,33971180],[850,520],[480,290],[360,230],[210,130],[590,390],[320,220]],[[-84096030,33967850],[-390,-280],[-120,-80],[-360,-250],[-210,-140],[-280,-180],[-220,-140],[-160,-100],[-240,-140],[-290,-160],[-300,-160],[-250,-130],[-280,-140],[-290,-140],[-160,-70],[-770,-340],[-230,-90],[-240,-100],[-380,-150],[-440,-180],[-470,-190],[-340,-140],[-280,-120],[-770,-330],[-630,-250],[-700,-300],[-630,-250],[-350,-140],[-670,-260],[-1750,-690],[-670,-270],[-530,-210],[-530,-220],[-480,-190],[-400,-160],[-580,-230],[-510,-210],[-590,-250],[-980,-390],[-330,-140],[-620,-260],[-140,-60],[-170,-70],[-300,-130],[-1260,-480],[-930,-400],[-380,-160],[-680,-280],[-560,-280],[-700,-320],[-500,-240],[-540,-260],[-440,-210],[-440,-220],[-1170,-580],[-790,-390],[-670,-330],[-350,-170],[-270,-130],[-320,-160],[-430,-200],[-200,-100],[-530,-260],[-760,-370],[-980,-460],[-460,-230]],[[-84273550,33902530],[360,-200],[320,-190],[260,-170],[190,-130],[230,-160],[430,-320],[650,-500],[140,-110],[750,-580],[610,-470],[80,-60]],[[-84497050,33614980],[-240,-20],[-280,-30]],[[-84486050,33619190],[-750,-350],[-670,-300],[-160,-80],[-140,-60],[-80,-40],[-170,-80],[-390,-200],[-460,-230],[-1090,-540],[-390,-160],[-690,-270],[-530,-200],[-510,-170],[-470,-170],[-770,-260],[-390,-150],[-400,-160]],[[-84483850,34223840],[440,350],[350,280],[280,230],[250,190],[130,100],[90,70],[100,70],[90,60],[140,90],[150,90],[90,50],[100,50],[150,70],[180,70],[140,50],[170,50],[170,40],[90,20],[70,10],[130,20],[140,20],[100,10],[110,10],[170,10],[90,0],[110,0],[140,0],[170,-10],[160,-10],[120,-10],[240,-20],[350,-30],[610,-50]],[[-84307810,33812770],[-150,-340]],[[-84390590,33780490],[10,190],[20,840]],[[-84272940,33903920],[-300,-240],[-270,-210],[-470,-420],[-200,-170],[-180,-160],[-170,-130],[-100,-80],[-350,-270]],[[-83832940,34090690],[-1500,-490]],[[-84248650,33939320],[-900,-530],[-950,-550],[-1590,-930],[-850,-490],[-740,-430],[-780,-460],[-290,-170],[-500,-290]],[[-84392400,34373340],[80,-430]],[[-84309720,33751080],[0,-640],[0,-430],[-10,-1280],[0,-80],[0,-200],[0,-60],[0,-70],[-10,-630],[0,-60],[0,-350]],[[-84501680,34223410],[280,30],[100,10],[100,0],[350,-20]],[[-84284670,33916420],[-70,-270],[-110,-360],[-90,-260],[-80,-200],[-80,-180],[-90,-200],[-170,-340],[-70,-150],[-150,-310],[-90,-180],[-160,-280],[-140,-220],[-130,-190],[-130,-160],[-30,-30],[-160,-170],[-110,-100],[-140,-130],[-60,-60],[-300,-270],[-230,-190],[-510,-380]],[[-84519260,34141600],[-200,-400],[-180,-350],[-150,-280],[-150,-250],[-210,-330],[-230,-340],[-200,-270],[-410,-510],[-420,-530],[-380,-430],[-280,-300],[-360,-380],[-260,-280],[-750,-790],[-220,-230],[-120,-130],[-160,-180],[-170,-200],[-140,-170],[-110,-140],[-80,-110],[-70,-100],[-90,-130],[-80,-120],[-70,-110],[-100,-160],[-50,-80],[-60,-100],[-50,-90],[-60,-120],[-50,-100],[-80,-170],[-50,-110],[-30,-70],[-40,-100],[-50,-210],[-50,-160],[-100,-210],[-40,-120],[-40,-150],[-30,-110],[-30,-110],[-20,-90],[-20,-100],[-20,-100],[-20,-110],[-20,-130],[-30,-210],[-20,-180],[-20,-230],[-10,-160],[-70,-1060],[-30,-480],[-60,-930]],[[-84288280,33914720],[70,-70],[1320,-1260],[470,-470],[110,-110],[940,-920],[280,-280],[930,-890],[180,-180],[750,-790]],[[-84571580,33548670],[-560,-240],[-2070,-900],[-2190,-950],[-690,-300],[-230,-100],[-220,-100],[-2250,-970],[-1470,-640],[-1190,-510]],[[-84503870,34194430],[-160,-400],[-370,-920],[-420,-1040],[-210,-510],[-130,-320],[-210,-540],[-120,-330],[-110,-330],[-110,-330],[-60,-180],[-50,-160],[-50,-180],[-50,-190],[-60,-230],[-60,-240],[-50,-220],[-50,-230],[-60,-300],[-50,-260],[-60,-370],[-90,-530],[-100,-580],[-130,-790],[-50,-290],[-40,-270],[-50,-300],[-100,-580],[-90,-320]],[[-84029830,34046550],[-200,-320],[-270,-410],[-250,-340],[-250,-310],[-150,-180],[-160,-180],[-100,-110],[-120,-130],[-140,-140],[-200,-190],[-160,-150],[-180,-170],[-230,-220],[-130,-130],[-150,-150],[-140,-140],[-110,-110],[-170,-180],[-320,-350]],[[-84217220,33712410],[-40,-190],[-100,-500],[-30,-130],[-20,-90],[-60,-230],[-30,-230],[-30,-170],[-60,-190]],[[-84470500,33620570],[-420,10],[-470,10],[-370,0],[-530,10],[-1310,20],[-240,0],[-930,0],[-660,10],[-800,-10],[-590,-20],[-860,-50]],[[-84467250,34243740],[380,-1120],[280,-790],[180,-510],[130,-450],[60,-180],[60,-200],[40,-180],[30,-170],[20,-150],[30,-340],[10,-210],[-10,-310],[-20,-300],[-20,-170],[-20,-150],[-50,-240],[-60,-260],[-290,-1170],[-410,-1640],[-410,-1690],[-170,-630],[-70,-250],[-150,-420],[-110,-270],[-110,-230],[-90,-160],[-260,-410],[-160,-220],[-260,-320],[-190,-220],[-230,-230],[-300,-270],[-320,-260],[-590,-430],[-430,-300]],[[-84313720,33717380],[810,-380],[1390,-650],[1070,-500]],[[-84422030,33663950],[-970,-370],[-570,-220],[-680,-280],[-410,-170],[-510,-230],[-770,-350],[-250,-120],[-710,-350]],[[-84533880,34090400],[-50,-140],[-180,-460],[-420,-1100],[-290,-770],[-480,-1240],[-240,-640],[-160,-380],[-90,-240],[-200,-550],[-340,-870],[-340,-900],[-240,-610],[-160,-430],[-160,-410],[-300,-770],[-120,-330]],[[-84270930,33881530],[-390,-500],[-310,-400],[-320,-410],[-630,-850],[-400,-500],[-130,-160],[-620,-790],[-400,-510],[-700,-870],[-310,-350],[-260,-310],[-230,-290]],[[-84415760,33668530],[-60,-160],[-90,-250],[-110,-240],[-210,-400],[-50,-90],[-60,-100],[-70,-110],[-100,-140],[-170,-220],[-90,-120],[-150,-170],[-230,-230],[-420,-370],[-230,-170],[-230,-150]],[[-84659640,34079480],[720,-40],[3090,-150],[1030,-50],[960,-50],[290,-10],[2340,-120],[1760,-90],[850,-40],[590,-20],[580,-10]],[[-83994320,34087480],[640,-430],[240,-160],[630,-420]],[[-83992140,33977850],[620,120],[730,140],[1230,240],[1050,200],[2260,430],[680,130],[260,50],[230,50],[1240,230],[1700,330],[1620,330],[840,170],[770,150],[590,120]],[[-84000140,33917400],[140,-40]],[[-84357940,33918520],[-10,-1380],[20,-760],[40,-510],[50,-630],[0,-610]],[[-84490370,34216670],[-160,-570],[-70,-230],[-140,-470],[-320,-980],[-300,-980],[-210,-590],[-300,-890],[-270,-830],[-300,-900],[-350,-1060],[-260,-770],[-180,-600],[-230,-670],[-210,-570],[-120,-360],[-210,-510],[-110,-260],[-70,-150],[-90,-190],[-90,-180],[-150,-280],[-150,-260],[-120,-210],[-220,-360],[-180,-280],[-160,-240],[-210,-300],[-260,-350],[-250,-320],[-350,-410],[-340,-380],[-370,-390],[-210,-210],[-220,-210],[-160,-150],[-240,-210],[-160,-140],[-290,-250],[-200,-160],[-100,-80],[-230,-180],[-420,-320],[-330,-250],[-390,-300],[-270,-210],[-400,-310],[-440,-330],[-430,-330],[-220,-180],[-230,-190],[-140,-120],[-180,-170],[-210,-210],[-210,-230],[-130,-150],[-120,-160],[-100,-150],[-70,-110],[-80,-130],[-90,-160],[-90,-180],[-90,-190],[-90,-210],[-90,-220],[-120,-300]],[[-84288250,33885690],[-190,-330],[-80,-150],[-200,-350],[-90,-170],[-180,-330],[-110,-190],[-180,-330],[-90,-160],[-100,-180],[-70,-130],[-40,-80],[-80,-140],[-50,-90],[-50,-100],[-110,-190],[-80,-140],[-150,-270],[-40,-70],[-180,-330],[-240,-440],[-110,-200],[-100,-170],[-70,-130],[-350,-630],[-490,-880],[-100,-190],[-300,-540],[-30,-60],[-80,-140],[-170,-320],[-430,-780],[-80,-140],[-330,-610],[-90,-160],[-230,-420],[-210,-360],[-300,-560],[-120,-200],[-160,-250],[-60,-100],[-220,-340],[-80,-130],[-330,-510],[-160,-240],[-140,-220],[-280,-380],[-280,-330],[-370,-380],[-190,-180],[-260,-260],[-80,-80],[-210,-200],[-340,-330],[-120,-110],[-250,-240],[-90,-80],[-130,-110],[-60,-60],[-260,-230],[-660,-600],[-190,-170],[-430,-370],[-50,-40],[-310,-300],[-300,-260],[-530,-480],[-130,-120],[-230,-210],[-210,-180],[-220,-190],[-140,-120],[-80,-70],[-120,-120],[-90,-80],[-180,-170],[-260,-230]],[[-84503560,33690170],[330,0],[1040,-10],[400,0],[1390,-20],[220,0],[230,0],[550,-10],[1460,-20],[1460,-20]],[[-84288670,34238480],[520,-100],[380,-100],[230,-80],[380,-160],[80,-30],[210,-110],[270,-140],[530,-300],[520,-290],[1220,-690],[310,-170],[690,-380],[460,-260],[1030,-580],[1720,-980],[730,-420],[1030,-570],[470,-270],[270,-150],[310,-170],[320,-190],[390,-220],[660,-370],[550,-310],[600,-320],[360,-150],[380,-110],[350,-60],[320,-40],[310,-10],[290,10],[220,30],[260,50],[370,110],[30,10],[240,100],[290,140],[30,20],[380,200],[830,480],[660,360],[340,180],[1710,930],[720,390],[490,270],[830,450],[350,190],[380,210],[60,30],[250,130],[350,180],[170,80],[210,100],[410,190],[340,140],[530,220],[930,340],[260,80],[320,90],[730,210],[740,210],[220,60],[250,70],[400,120],[500,140]],[[-84411470,34240550],[180,30],[850,170],[230,50],[80,20],[630,120],[250,50],[380,80],[520,100],[60,10],[450,90],[760,150],[260,50],[290,50],[60,10],[350,70],[550,110],[440,60],[130,20],[400,40],[410,0],[870,-30],[130,0],[880,-40],[790,-30],[1050,-40],[710,-10],[370,10],[400,20],[420,40],[430,40],[300,30],[570,70],[630,70],[580,30],[250,0],[500,-20],[350,-50],[670,-150],[350,-80],[280,-60],[50,-10],[300,-40],[390,-40],[370,-20],[130,-10],[560,-20],[680,-20],[310,-10],[260,-10],[410,-10],[520,-10],[360,-10],[730,-20],[670,-20],[750,-20],[150,0],[170,0],[380,30],[410,50],[500,120],[300,100],[400,160],[370,180],[350,230],[320,220],[300,270],[780,780],[2030,2020],[550,540],[250,260],[610,610],[480,480],[70,70],[250,230],[250,250],[150,160],[200,210],[250,250],[300,300],[220,220],[160,150],[270,270],[260,210],[420,250],[380,180],[410,120],[330,70],[500,40],[390,10],[300,20],[70,0],[470,20],[580,40],[380,20],[390,40],[100,10],[300,40],[110,20],[370,70],[670,140],[380,100],[250,70],[410,110],[440,90],[220,30],[70,10],[250,30],[230,30],[330,20],[290,30],[360,40],[200,40],[150,30],[350,100],[350,100],[380,160],[130,60],[170,70],[230,90],[230,90],[430,180],[320,140],[800,310],[290,110],[550,210],[280,110],[100,40],[720,250],[50,20],[150,50],[710,240]],[[-84450140,33647790],[-40,-310],[-60,-310],[-70,-230],[-90,-240],[-320,-660],[-330,-390],[-120,-120],[-100,-110],[-150,-130],[-180,-170],[-220,-190],[-100,-90],[-50,-40],[-160,-150],[-70,-70],[-60,-50],[-50,-40],[-170,-120],[-70,-50]],[[-84478030,34225720],[310,-20],[180,-10],[280,-10],[150,0],[110,0],[240,10],[160,10],[190,20],[260,30],[310,50],[210,40],[220,50],[160,40],[220,60],[250,80],[120,40],[210,80],[210,90],[220,100],[220,110],[200,110],[250,140],[220,140],[190,130],[260,180],[750,530],[710,510],[600,430],[290,200],[750,540],[470,380]],[[-83987960,34005410],[50,200],[20,100],[20,70],[20,190],[20,180],[-10,250]],[[-84139150,33963670],[-440,240],[-330,200]],[[-84205350,33902170],[-40,170],[-90,340]],[[-84160510,34020010],[190,220],[200,260]],[[-84195560,33967910],[-340,-170]],[[-84250680,33806710],[50,-270],[140,-1090],[70,-590],[80,-610],[110,-970],[30,-190],[30,-270],[90,-700],[20,-200],[20,-140],[20,-190],[20,-170],[40,-270],[20,-220],[20,-170],[10,-90],[10,-100],[40,-280],[80,-680]],[[-84631640,33511830],[-480,-760]],[[-84283230,33909750],[540,-530],[420,-410],[1480,-1440],[730,-720],[390,-380],[250,-240],[110,-100],[160,-130],[220,-170],[170,-120],[240,-170],[290,-200],[50,-30],[200,-110],[60,-40],[480,-270],[480,-260],[120,-70],[390,-210],[360,-210],[490,-270],[380,-210],[250,-140],[280,-150],[510,-290],[200,-120],[430,-230]],[[-84491750,34219710],[220,-50],[190,-40],[560,-130],[280,-50],[250,-30],[240,-10],[340,10],[110,10],[60,10],[250,50],[50,10],[310,70],[220,70],[320,140],[240,130],[150,110],[350,280],[150,160],[170,170],[290,350],[310,350],[340,350],[150,140],[210,200],[390,330],[360,280],[50,50],[50,60],[90,140]],[[-84280860,33800340],[-360,-410],[-90,-110],[-80,-100],[-90,-100],[-70,-80],[-120,-140],[-70,-100],[-40,-90],[-30,-70],[-20,-70]],[[-84470760,34228890],[-420,-300],[-920,-670],[-240,-170],[-170,-120],[-290,-210],[-210,-150],[-390,-260],[-330,-200],[-160,-90],[-170,-90],[-150,-70],[-140,-60],[-220,-90],[-100,-40],[-160,-60],[-210,-70],[-130,-40],[-310,-80],[-180,-40],[-160,-30],[-170,-30],[-180,-30],[-210,-30],[-210,-20],[-180,-10],[-410,10],[-170,0],[-540,30],[-400,40],[-400,40],[-310,30],[-200,20]],[[-84360450,34253780],[-710,-240],[-150,-50],[-50,-20],[-720,-250],[-100,-40],[-280,-110],[-550,-210],[-290,-110],[-800,-310],[-320,-140],[-430,-180],[-230,-90],[-230,-90],[-170,-70],[-130,-60],[-380,-160],[-350,-100],[-350,-100],[-150,-30],[-200,-40],[-360,-40],[-290,-30],[-330,-20],[-230,-30],[-250,-30],[-70,-10],[-220,-30],[-440,-90],[-410,-110],[-250,-70],[-380,-100],[-670,-140],[-370,-70],[-110,-20],[-300,-40],[-100,-10],[-390,-40],[-380,-20],[-580,-40],[-470,-20],[-70,0],[-300,-20],[-390,-10],[-500,-40],[-330,-70],[-410,-120],[-380,-180],[-420,-250],[-260,-210],[-270,-270],[-160,-150],[-220,-220],[-300,-300],[-250,-250],[-200,-210],[-150,-160],[-250,-250],[-250,-230],[-70,-70],[-480,-480],[-610,-610],[-250,-260],[-550,-540],[-2030,-2020],[-780,-780],[-300,-270],[-320,-220],[-350,-230],[-370,-180],[-400,-160],[-300,-100],[-500,-120],[-410,-50],[-380,-30],[-170,0],[-150,0],[-750,20],[-670,20],[-730,20],[-360,10],[-520,10],[-410,10],[-260,10],[-310,10],[-680,20],[-560,20],[-130,10],[-370,20],[-390,40],[-300,40],[-50,10],[-280,60],[-350,80],[-670,150],[-350,50],[-500,20],[-250,0],[-580,-30],[-630,-70],[-570,-70],[-300,-30],[-430,-40],[-420,-40],[-400,-20],[-370,-10],[-710,10],[-1050,40],[-790,30],[-880,40],[-130,0],[-870,30],[-410,0],[-400,-40],[-130,-20],[-440,-60],[-550,-110],[-350,-70],[-60,-10],[-290,-50],[-260,-50],[-760,-150],[-450,-90],[-60,-10],[-520,-100],[-380,-80],[-250,-50],[-630,-120],[-80,-20],[-230,-50],[-850,-170],[-180,-30]],[[-83984490,33989760],[70,-140],[40,-90]],[[-84040430,33890700],[460,-210],[850,-400],[430,-200],[680,-310],[220,-100],[390,-190],[190,-100],[220,-130],[170,-120],[180,-140],[130,-120],[120,-110],[160,-170],[130,-170],[180,-240]],[[-84041570,33958640],[340,0],[390,10],[390,20],[330,20],[260,20],[290,20],[320,30],[310,30],[320,40],[260,40],[480,70],[360,60],[320,60],[330,70],[290,60],[260,60],[250,60],[240,60],[220,60],[220,60],[170,50],[210,60],[480,140],[640,190],[930,280],[950,280],[510,150],[970,290],[1230,360],[1480,440],[810,240]],[[-84339810,33860640],[-30,-60],[-140,-240],[-10,-20],[-110,-280],[-100,-290],[-70,-180],[-50,-130],[-30,-80],[-160,-280]],[[-84313010,33888900],[-280,-230],[-100,-80],[-20,-20],[-60,-60],[-80,-80],[-40,-50],[-200,-220],[-30,-40],[-160,-170],[-70,-80],[-160,-200],[-250,-370],[-290,-420],[-100,-150],[-20,-30],[-80,-110],[-20,-30],[-20,-30],[-330,-480]],[[-84189910,34018620],[-140,-500],[-40,-100],[-60,-130]],[[-84014500,33641440],[0,-70],[0,-210],[0,-180],[0,-310],[10,-370],[0,-610],[10,-300],[0,-250],[10,-100],[0,-80],[20,-390],[30,-400]],[[-84463270,34238510],[-420,30],[-190,10],[-370,10],[-80,0],[-440,-10],[-320,-40],[-500,-90],[-250,-60],[-310,-90],[-280,-70],[90,340],[30,180],[-10,170],[-60,140],[-110,130],[-120,90],[-170,80],[-120,30],[-160,10],[-150,-20],[-140,-40],[-130,-70],[-90,-60],[-100,-100],[-40,-70],[-40,-90],[-20,-80],[-10,-120],[20,-110],[100,-200],[140,-200],[80,-80],[80,-50],[80,-30],[120,-30],[140,10],[100,10],[490,160],[-100,-290],[-180,-660],[-10,-30],[-80,-300],[-160,-600],[-160,-650],[-220,-900],[-160,-690],[-50,-190],[-60,-240],[-200,-850],[-90,-350],[-140,-360],[-170,-400],[-220,-400],[-160,-240],[-220,-310],[-250,-290],[-200,-230],[-200,-190],[-320,-290],[-560,-440],[-180,-140],[-110,-90],[-60,-80],[-70,-100]],[[-84311080,33761080],[0,290],[-40,320],[-10,270],[20,360],[20,390],[0,270],[0,120],[0,200]],[[-84577340,33699220],[360,60],[130,20],[100,20],[70,20],[400,110]],[[-84129970,33952420],[-190,-90],[-1140,-530],[-410,-200],[-440,-210],[-260,-130],[-1100,-550],[-460,-220],[-1070,-490]],[[-84029600,33934690],[110,-210]],[[-83984000,34076150],[-40,-400],[-80,-780]],[[-84240840,33944690],[60,-200],[40,-150],[90,-160],[80,-130],[80,-140],[140,-230],[200,-200]],[[-84241540,33951200],[170,-280]],[[-84334380,33744510],[370,-150],[310,-150],[480,-250],[350,-210],[410,-270],[360,-260],[190,-160],[290,-250],[460,-420],[160,-150],[130,-130]],[[-84503710,34193990],[320,760],[230,530],[160,330],[70,130],[80,130],[60,90],[80,110],[60,80],[80,100],[60,70],[90,100],[50,50],[110,110],[60,60],[110,100],[170,150],[160,140],[140,110],[120,90],[80,60],[1260,970],[1130,870],[360,280],[320,260],[280,230],[260,220],[250,220],[190,190],[220,210],[170,160],[200,210],[180,190],[270,280],[150,180],[120,140],[140,160],[130,160],[150,200],[140,180],[130,170],[120,160],[120,170],[100,150],[190,280],[170,280],[110,180],[150,250],[110,200],[160,300],[110,220],[80,170],[110,230],[140,310],[110,240],[90,240],[110,290],[60,180],[90,260],[90,260],[150,450],[190,570],[300,880],[360,1110],[340,1010],[250,780],[500,1500]],[[-84354140,33974830],[-360,-130],[-140,-60],[-280,-120],[-170,-70],[-50,-20],[-60,-20],[-340,-140],[-200,-90],[-50,-20],[-290,-120],[-200,-80],[-350,-150],[-140,-90],[-270,-160],[-220,-170],[-50,-40],[-60,-60],[-160,-160],[-40,-50],[-40,-60],[-160,-210],[-180,-310],[-100,-170],[-80,-120],[-140,-220],[-160,-270],[-130,-200],[-50,-80],[-60,-80],[-30,-40],[-50,-70],[-170,-220],[-250,-260],[-450,-420],[-100,-100],[-290,-280],[-180,-180],[-70,-60],[-190,-210],[-50,-50],[-170,-210],[-150,-200],[-120,-150],[-180,-250],[-200,-270],[-240,-330],[-30,-40],[-150,-200],[-50,-60],[-150,-200],[-160,-220],[-330,-450],[-200,-260],[-50,-70],[-310,-400],[-80,-110],[-150,-200],[-220,-310],[-150,-210],[-70,-100],[-190,-230],[-270,-400],[-390,-480],[-260,-380],[-30,-50],[-30,-40],[-40,-60],[-190,-270],[-170,-270],[-100,-150],[-80,-170],[-70,-150],[-50,-150],[-60,-190],[-20,-60],[-80,-270],[-50,-270],[0,-210],[10,-180],[20,-150],[10,-110],[50,-240],[40,-200],[30,-140],[80,-340],[10,-50],[20,-70],[50,-180],[60,-240],[20,-100],[100,-340],[30,-110],[190,-720],[200,-740],[130,-470],[20,-90],[50,-180],[20,-70],[20,-90],[10,-30],[30,-90],[30,-200],[20,-120],[0,-50],[10,-50],[0,-130],[0,-110],[-20,-150],[-20,-120],[-40,-200],[-10,-30]],[[-84061950,33680620],[-420,610],[-760,1110],[-480,710],[-470,700],[-840,1200],[-330,450]],[[-84033930,33666580],[490,-180],[1560,-560],[400,-160],[660,-280],[400,-190],[430,-210],[380,-200],[530,-290],[430,-250],[540,-340],[850,-580],[560,-390],[360,-260],[280,-200]],[[-84467250,34248520],[20,540],[10,430],[20,500],[10,220],[10,370],[20,350],[30,900],[40,1360],[30,760],[10,180],[10,480],[10,340],[20,530],[20,560],[10,370],[20,350],[10,290],[10,380],[10,740],[0,310],[-20,750],[-10,420],[-20,350],[-20,340],[-10,140]],[[-84292680,33860700],[-30,-50],[-90,-160],[-160,-310],[-550,-1070],[-430,-800],[-280,-490],[-160,-260],[-210,-320],[-160,-230],[-110,-140],[-140,-170],[-140,-160],[-160,-170],[-190,-200],[-120,-120],[-150,-140],[-150,-130],[-430,-360],[-750,-620],[-570,-450],[-490,-410],[-730,-570],[-470,-390],[-700,-570],[-930,-760],[-460,-380],[-460,-370],[-460,-380],[-210,-180],[-210,-200],[-200,-200],[-60,-60],[-120,-110],[-210,-250],[-140,-210],[-130,-160],[-170,-240],[-210,-310],[-140,-230],[-230,-410],[-140,-250],[-160,-280],[-270,-480],[-280,-480],[-480,-850],[-240,-430],[-410,-710],[-280,-500],[-260,-420],[-210,-300],[-110,-150],[-190,-220],[-250,-260],[-240,-220],[-220,-190],[-190,-150],[-180,-130],[-190,-130],[-190,-100]],[[-83988130,34007270],[20,-150],[70,-710]],[[-83988520,34037090],[60,-180],[30,-80],[30,-90],[80,-240],[90,-280],[60,-190]],[[-83923150,33948600],[-40,-150],[-110,-260],[-120,-260],[-330,-750],[-360,-810],[-490,-1120],[-610,-1400],[-240,-560],[-290,-660],[-270,-620],[-50,-130],[-110,-250],[-830,-1880]],[[-84119540,34022190],[470,110],[220,60],[410,120]],[[-84188200,33867920],[0,60],[-10,190],[0,50],[-10,120],[-10,80],[-10,280],[-20,260],[0,80],[0,160],[0,200],[-10,290],[40,340],[30,260],[10,130],[40,260],[10,60],[60,330],[60,390],[10,50],[10,60],[40,240],[40,280],[30,190],[100,580],[40,260],[50,380],[10,90],[10,200],[-10,340],[-40,440],[-40,300],[-90,270],[-30,110],[-70,260],[-40,110],[-150,490],[-110,360],[-320,990],[-140,440],[-140,450],[-50,180],[-40,130],[-130,400],[-50,130],[-130,440],[-50,170],[-140,400],[-160,540],[-80,260],[-70,230],[-60,190],[-110,310],[-70,200],[-210,720],[-210,630],[-120,310],[-60,140],[-70,150],[-40,80],[-120,220],[-130,190],[-30,50],[-70,90],[-40,60],[-60,70],[-90,110],[-280,320]],[[-84222320,33932210],[-250,430],[-170,280],[-110,190],[-180,300],[-230,390],[-180,300],[-200,250],[-130,160],[-140,130],[-130,120],[-150,110],[-70,60],[-230,150],[-400,220]],[[-84383300,33772420],[-80,-800],[-40,-330],[-460,0]],[[-83991740,34059760],[100,210],[130,310],[180,400],[90,210],[220,470],[160,360],[20,160],[150,320],[90,200],[60,160],[120,260],[160,330],[230,480],[80,150],[200,370],[150,220],[50,70],[110,170],[170,240],[190,240],[210,230],[220,230],[220,220],[350,340],[200,190],[150,140],[350,340],[440,420],[110,110],[540,540],[220,210],[110,130],[290,330],[150,170],[170,230],[40,60],[50,70],[40,60],[110,200],[210,350],[90,180],[90,210],[120,270],[110,290],[110,300],[60,190],[50,80],[10,40],[80,310],[60,330],[20,120],[20,190],[30,210],[10,80],[30,410],[10,160],[30,310],[10,190],[10,120],[10,120],[0,30]],[[-84013350,34096410],[-120,80],[-210,140],[-110,80],[-300,200],[-120,80],[-230,150],[-360,240],[-850,580],[-330,220],[-90,60],[-290,210],[-400,270],[-620,420],[-390,270],[-190,130],[-160,110],[-280,190],[-230,150],[-480,330],[-280,190],[-670,450],[-290,200],[-340,230],[-440,300],[-480,330],[-360,240],[-190,130],[-240,170],[-800,540],[-770,530],[-440,300],[-390,250],[-260,160],[-260,130],[-80,30],[-320,120],[-400,120],[-580,120],[-640,130],[-320,60],[-240,50],[-290,60],[-590,120],[-120,20],[-180,40],[-150,40],[-110,30],[-140,50],[-130,50],[-120,60],[-20,10],[-130,70],[-240,180]],[[-84139920,33964110],[-260,190],[-170,130],[-400,300],[-70,60],[-210,180],[-120,100],[-200,190],[-120,120],[-70,60],[-200,200],[-490,470],[-110,110]],[[-84077000,34118870],[-280,370],[-160,220],[-40,40],[-80,90],[-100,110],[-270,280],[-220,250],[-190,190],[-500,520],[-170,180],[-280,270],[-280,280],[-260,250],[-170,170],[-390,370],[-260,240],[-280,220],[-310,200],[-230,140],[-100,50],[-100,50],[-140,60],[-180,80],[-150,60],[-160,60],[-120,40],[-100,30],[-140,40],[-300,80],[-280,60],[-430,70],[-610,80],[-300,40],[-540,80],[-510,60],[-390,50],[-590,70],[-730,90],[-610,70],[-480,50],[-530,50],[-1050,120],[-400,60],[-410,60],[-260,60],[-230,80],[-350,140],[-140,50],[-120,60],[-100,60],[-160,110],[-300,210],[-230,180],[-290,230],[-440,330],[-260,200],[-250,190],[-710,550],[-550,420],[-390,300],[-320,240],[-380,320],[-340,320],[-220,230],[-300,340],[-180,220],[-150,210]],[[-84240990,33902940],[670,410],[410,250],[800,500],[830,500],[710,410],[870,470],[700,360],[500,250],[620,290],[850,380],[540,230],[610,250],[620,240],[590,220],[630,220],[960,320],[740,230],[400,120],[300,80],[460,130],[970,250],[1020,230],[920,190],[940,170],[620,100],[790,120],[680,100],[450,60],[660,90],[450,60],[1610,220],[670,90],[2180,300],[400,50],[290,40],[280,40],[390,50]],[[-84350600,34005410],[-20,110],[-40,130],[-100,240],[-80,130],[-130,150]],[[-84408390,33744340],[280,300]],[[-84340280,33668510],[-50,460],[-20,210],[-50,530],[-20,220],[-40,250],[-30,250],[-40,220],[-30,140],[-50,170],[-80,270],[-90,220],[-80,180],[-80,170],[-100,170],[-160,270],[-70,90],[-160,230],[-290,380],[-110,140],[-520,610],[-300,360],[-100,130],[-170,230],[-110,160],[-130,170],[-200,330],[-290,510],[-290,590],[-60,130],[-70,130],[-190,400],[-240,490],[-300,600],[-570,1160],[-200,410],[-70,150],[-50,100],[-350,710],[-240,490],[-190,410],[-80,170],[-330,700],[-60,120],[-320,640],[-240,470],[-30,60],[-180,370],[-60,120],[-120,250],[-60,120],[-110,210]],[[-84089650,33831700],[-330,-70],[-260,-70],[-300,-80],[-290,-90],[-80,-30],[-120,-50],[-220,-90],[-390,-170],[-340,-180],[-260,-150],[-130,-80],[-70,-50],[-230,-170],[-140,-50],[-60,-20],[-100,-80],[-150,-130],[-180,-140],[-210,-190],[-400,-360],[-110,-110],[-60,-60],[-140,-140],[-380,-360],[-190,-180],[-230,-210],[-350,-310],[-150,-130],[-240,-230],[-300,-270],[-250,-240],[-370,-340],[-110,-90],[-90,-60],[-240,-160],[-380,-220],[-230,-110],[-330,-140],[-320,-110],[-260,-70],[-190,-140],[-130,-30],[-540,-90],[-60,-10],[-420,-80],[-340,-50],[-160,-30],[-190,-50],[-140,-30],[-200,-40],[-260,-50],[-470,-80],[-410,-80],[-180,-30],[-340,-60],[-520,-100],[-270,-50],[-260,-50],[-250,-40],[-270,-50],[-50,-10],[-160,-30],[-400,-70],[-400,-80],[-150,-30],[-80,-10],[-230,-40],[-100,-20],[-160,-30],[-410,-80],[-260,-50],[-230,-40],[-40,-10],[-200,-40],[-190,-30],[-310,-60],[-120,-20],[-290,-50],[-270,-50],[-100,-20],[-120,-20],[-220,-40],[-140,-30],[-70,-10],[-270,-60],[-100,20],[-150,30],[-160,-30],[-280,-50],[-190,-30],[-270,-50],[-180,-30],[-70,-10],[-460,-80],[-240,-40],[-40,-10],[-180,-30],[-260,-50],[-560,-110]],[[-84044080,34033130],[260,200],[820,640],[1710,1330],[520,390],[640,490],[980,760],[1290,1010],[2490,1950],[910,730],[440,350],[530,420],[590,460],[940,730],[330,270],[200,160]],[[-84343180,34038320],[40,110],[30,80]],[[-84273590,33807890],[20,290],[20,310]],[[-84402060,33691540],[-790,1050],[-490,660],[-480,690]],[[-84274920,33805880],[510,550],[130,130],[170,180],[110,140],[120,180],[80,150],[50,110],[50,130],[50,150],[40,170],[20,120]],[[-84373900,33911780],[-1220,220],[-410,70],[-320,50],[-470,60],[-290,30],[-340,30],[-390,30],[-240,10],[-270,10],[-330,10],[-900,10],[-830,10],[-1150,20],[-1120,10],[-1160,20],[-690,20],[-460,20],[-160,10],[-570,40],[-660,50],[-670,60],[-290,30],[-230,20],[-350,40],[-420,50],[-800,100]],[[-84293730,34070830],[170,-20]],[[-84402780,33762960],[-150,500]],[[-84000190,33683170],[500,-200],[260,-90],[340,-110],[200,-60],[290,-60],[160,-40],[280,-70],[330,-90],[690,-190],[280,-80],[440,-110],[710,-180],[160,-40],[150,-40],[600,-150],[300,-70],[310,-80],[230,-60],[60,-20],[170,-60],[300,-120],[290,-130],[350,-170],[190,-120],[330,-210],[90,-60],[170,-130],[380,-310],[300,-270],[330,-380],[220,-290],[90,-150],[60,-120],[270,-520],[120,-260],[40,-140],[170,-520],[10,-40],[110,-410],[320,-1190],[140,-530],[150,-530],[20,-70],[120,-430],[20,-80],[180,-650],[140,-490],[110,-410],[130,-350],[70,-170],[250,-500],[30,-60],[200,-300],[40,-60],[90,-140],[250,-340],[40,-60],[50,-60],[120,-170],[130,-180],[70,-90],[30,-40],[80,-150]],[[-84383370,33743460],[-540,-10],[-690,0],[-240,10],[-280,10],[-170,10],[-190,20],[-140,20],[-120,20],[-110,20],[-150,30],[-140,30],[-120,30],[-150,40],[-160,50],[-180,60],[-190,70],[-210,80],[-210,90],[-400,180],[-640,300],[-360,160],[-210,100],[-540,210],[-150,50],[-100,30],[-340,90],[-150,50],[-80,20],[-170,30],[-150,30],[-160,30],[-180,30],[-210,30],[-170,20],[-180,20],[-500,50],[-570,30],[-510,20],[-240,0],[-440,10],[-380,0],[-240,0],[-250,-10],[-190,-10],[-200,-10],[-250,-20],[-240,-20],[-360,-30],[-970,-110],[-180,-30],[-340,-60],[-220,-30],[-180,-30],[-210,-50],[-150,-30],[-150,-30]],[[-84079200,33994650],[330,400],[70,90],[550,700]],[[-84067000,34012690],[130,170],[250,340],[250,320],[650,840],[650,840],[960,1240],[240,310],[580,740],[430,530],[210,250],[550,580],[380,380],[310,290],[460,400],[230,200],[280,230],[350,270],[250,190],[280,220],[700,550],[870,680],[1020,750],[350,280],[220,180],[510,390],[970,760],[470,370],[120,90],[840,670],[1030,810],[1040,820],[860,680]],[[-84093020,33970400],[390,490],[170,230],[180,260],[120,160]],[[-83952450,33629050],[-1300,210],[-1700,270],[-710,110],[-1610,260],[-1030,160],[-3110,500],[-1140,180],[-740,120],[-3450,550],[-1830,290],[-1110,180],[-400,60],[-620,110],[-790,180],[-470,140],[-320,110],[-520,200],[-490,230],[-330,170]],[[-84252360,33827290],[70,970],[50,620],[10,170],[50,450],[80,480],[90,410],[110,420],[130,410],[170,460],[80,190],[190,400]],[[-84267250,33810190],[-710,-100],[-560,-110],[-240,-50],[-290,-70],[-120,-30],[-150,-40],[-210,-60],[-260,-70],[-250,-80],[-390,-140]],[[-84234830,33950540],[70,190],[140,390],[120,330],[110,320],[60,190],[220,570],[100,230],[180,350],[160,280],[30,60],[530,960],[270,480],[40,90],[50,90],[190,340],[320,590],[60,100],[230,340],[100,140],[290,370],[100,120],[270,350],[250,270],[260,270],[200,190],[230,230],[260,240],[270,240],[1070,1010],[260,240],[1010,940],[880,820],[510,490],[260,250],[80,80],[440,470],[60,60],[160,180],[180,220],[260,310],[150,180],[270,350],[90,130],[40,50],[210,280],[60,80],[90,150],[200,320],[180,310],[120,180],[250,410],[110,220],[100,230],[100,230],[280,610],[170,400],[110,250],[80,180],[20,40],[120,270],[160,370],[290,650]],[[-84104670,33912840],[-160,100],[-240,120],[-170,80],[-140,60],[-180,60],[-260,70],[-270,60],[-200,30],[-650,80],[-380,50],[-490,60],[-820,90],[-410,50],[-690,90],[-1250,150],[-440,50],[-330,40],[-350,50],[-210,30],[-160,30],[-90,20],[-100,30],[-100,40],[-90,40]],[[-84003030,33652550],[350,-180],[180,-100],[440,-240],[390,-230],[680,-430],[780,-540],[770,-530],[1180,-810],[1230,-850],[670,-460],[1320,-910],[3030,-2100],[1630,-1120],[920,-640],[2330,-1610],[4880,-3370],[550,-380]],[[-83982160,33638540],[-340,230],[-460,320],[-2500,1740],[-1700,1170],[-530,360],[-800,560],[-430,300],[-600,410],[-2140,1480],[-1350,930],[-880,610],[-110,70],[-770,530],[-1390,970],[-2280,1570],[-1010,700],[-240,160],[-600,420],[-390,270],[-410,270],[-450,280],[-470,280]],[[-84352850,33825680],[-810,-270],[-400,-140],[-440,-170],[-70,-30],[-400,-140]],[[-84159490,33822700],[-540,-80],[-290,-40],[-260,-30],[-260,-20],[-240,-10],[-200,-10],[-200,0],[-200,10],[-210,10],[-220,20],[-250,30],[-600,70],[-400,50],[-260,30],[-260,20],[-280,10],[-300,0],[-270,-10],[-260,-20],[-220,-20],[-290,-40],[-230,-40],[-280,-60],[-270,-70],[-260,-80],[-210,-70],[-210,-80],[-220,-90],[-190,-90],[-240,-120],[-250,-130],[-240,-140],[-170,-110],[-130,-90],[-160,-120],[-160,-130],[-160,-140],[-160,-150],[-120,-120],[-160,-180],[-150,-180],[-370,-470],[-210,-270],[-230,-280],[-260,-290],[-250,-250],[-200,-180],[-130,-100],[-90,-60],[-200,-130]],[[-84470140,33620390],[240,-10],[330,-20],[320,-30],[590,-50],[390,-40],[590,-70],[750,-80],[560,-70]],[[-84349060,33687710],[-110,590],[-70,520],[-40,460],[0,240],[-10,690],[-20,970],[0,110],[0,890]],[[-84240840,33944690],[-20,50],[-30,90],[-30,140],[0,150],[20,210],[30,150],[50,200],[40,170],[10,50],[50,190],[130,580],[40,210],[20,140],[10,50],[20,200],[10,90],[20,340],[-10,110],[-10,260],[0,20],[-20,290],[-10,50],[-30,220],[-80,400],[-90,300],[-160,480],[-20,50],[-100,280],[-80,180],[-50,120],[-40,80],[-40,80],[-160,300]],[[-84224890,33935300],[-90,40],[-380,150],[-290,80],[-170,50],[-330,40],[-220,20],[-300,20],[-260,0],[-280,-20],[-510,-80],[-450,-70],[-670,-110],[-130,-20],[-570,-100],[-210,-30],[-620,-50],[-530,20],[-630,70],[-380,70],[-70,20],[-340,90],[-480,180],[-190,70],[-150,70],[-140,70],[-330,170],[-290,190],[-390,300],[-120,120],[-190,170],[-110,110],[-40,40],[-140,170],[-270,340],[-170,250],[-310,460],[-70,110],[-100,140],[-190,280],[-40,60],[-430,630],[-270,380],[-270,390],[-360,520],[-140,210],[-200,290],[-330,460],[-60,80],[-220,300],[-160,150],[-300,240],[-250,180],[-30,20],[-200,120],[-70,50],[-200,130],[-170,130],[-280,230],[-170,180]],[[-84409620,33683570],[290,120],[370,130],[350,110],[270,70],[260,70],[200,50],[670,160]],[[-84250910,33811610],[-80,390],[-10,270],[20,300],[40,490],[40,460],[70,570],[60,480],[40,360],[20,320],[20,400],[0,600],[-10,150],[0,70],[-60,490],[-70,430],[-80,280],[-50,200],[-70,260],[-70,230],[-120,340],[-140,360],[-120,270],[-140,330],[-240,610],[-90,230],[-130,430],[-60,240],[-50,210],[-40,210],[-40,210],[-30,180],[-30,220],[-30,230],[-40,310],[-40,400],[-30,290],[-20,250]],[[-84430360,33746580],[-230,60],[-240,60],[-270,60],[-300,60],[-270,50],[-190,30],[-250,30],[-300,30],[-230,20],[-340,20],[-300,10],[-390,0],[-560,0],[-800,-10],[-290,0],[-250,0],[-380,10],[-370,20],[-270,20],[-290,30],[-220,30],[-200,30],[-290,50],[-310,60],[-230,50],[-240,60],[-240,70],[-200,60],[-210,70],[-290,100],[-190,70],[-210,80],[-240,100],[-230,110],[-210,110],[-230,120],[-210,120],[-200,120],[-320,200],[-210,140],[-130,90],[-170,120],[-140,100],[-210,160]],[[-84275120,33875810],[390,490],[610,760],[820,1040],[220,270],[180,240],[120,140],[70,90],[100,130],[180,220],[470,600],[300,380],[150,190],[150,190],[90,110],[140,130]],[[-84414020,33741500],[-300,10],[-400,10]],[[-84334240,33744730],[-290,110],[-280,100],[-200,70],[-230,70],[-300,80],[-250,60],[-270,60],[-250,50],[-390,70],[-320,40],[-380,40],[-280,20]],[[-84290030,33378260],[620,230],[540,220],[340,150],[190,80],[100,30],[240,60],[300,70],[230,50],[180,30],[150,20]],[[-84409260,33741170],[-450,0],[-240,10],[-160,10],[-160,10],[-150,10],[-300,30],[-300,30],[-230,20],[-380,40]],[[-84360020,33831180],[80,410],[30,140],[30,130],[60,250],[160,730],[70,350],[70,390],[50,290],[50,350],[80,850],[30,630],[-20,780],[-30,760],[-30,710],[-10,370],[-20,370],[-20,350],[-30,230],[-70,350],[-110,410],[-70,220],[-90,240],[-150,330],[-80,160],[-150,270],[-130,210],[-160,240],[-220,300],[-240,290],[-200,220],[-150,140],[-40,40],[-240,220],[-130,110],[-160,130],[-120,90],[-230,170],[-270,180],[-180,120],[-150,90],[-270,160],[-470,270],[-300,170],[-750,430],[-270,160],[-280,190],[-130,90],[-130,90],[-240,180],[-180,150],[-210,190],[-140,140],[-250,260],[-130,140],[-230,280],[-110,150],[-100,140],[-170,260],[-210,390],[-310,580]],[[-84308950,33813880],[-160,230]],[[-84473060,33758490],[-560,80],[-430,60],[-3760,540],[-2200,320],[-780,110],[-660,100],[-310,50],[-190,40],[-190,40],[-250,60],[-230,60],[-150,40],[-210,60],[-130,40],[-180,60],[-190,70],[-200,80],[-200,80],[-190,80],[-180,80],[-260,130]],[[-84269750,34072550],[140,290],[140,280],[60,130],[180,350],[100,200],[200,330],[330,630],[390,780],[600,1190],[360,710],[1010,1950],[210,400],[1280,2440],[290,580],[210,460],[120,230]],[[-83992670,34086670],[-660,440],[-220,150],[-430,290],[-210,140]],[[-84056480,33955660],[-280,130],[-70,40],[-280,170],[-60,40],[-110,80],[-150,130],[-130,140],[-150,140],[-120,160],[-140,170],[-190,250],[-220,280],[-140,170],[-80,100],[-160,210],[-120,150],[-310,400],[-330,420],[-230,300],[-60,80]],[[-84160120,34020490],[100,120],[140,170],[200,230],[160,140],[90,80],[120,110],[200,160],[100,60],[210,130],[220,140],[150,70],[80,40],[80,40],[140,60],[180,70],[130,40],[100,20],[490,130],[70,20],[160,30],[70,10],[260,40],[530,30],[560,30],[390,20],[1350,60],[690,40],[450,20],[1010,50],[410,20],[240,10],[270,10],[50,0],[560,20],[150,10],[320,20],[320,10],[200,10],[90,10],[490,30],[450,20],[120,10],[820,30],[410,20],[400,20],[700,40],[320,10],[300,20],[450,20],[460,20],[640,30],[450,20],[320,10],[560,30],[240,10],[580,0],[70,0],[80,-10],[400,-10],[560,-40],[570,-60],[750,-90],[540,-80],[510,-70]],[[-84084230,33698250],[-920,500],[-510,270],[-520,270],[-220,110],[-320,150],[-240,110],[-320,140],[-270,120],[-310,130],[-270,110],[-370,150],[-140,50],[-940,350],[-590,190],[-640,190],[-620,170],[-590,150],[-350,80],[-450,100],[-290,60],[-420,80],[-640,110],[-630,100],[-650,100],[-930,140],[-850,130],[-490,70],[-300,40],[-430,50],[-430,50],[-530,40],[-220,10],[-360,20]],[[-84551250,33581790],[-140,-150],[-20,-20],[-80,-60],[-120,-80],[-80,-60],[-210,-150],[-230,-160],[-30,-20],[-150,-110],[-230,-150],[-450,-290],[-120,-60],[-380,-190],[-670,-320],[-490,-240],[-40,-20],[-540,-250],[-430,-200],[-280,-130],[-290,-130],[-170,-80],[-220,-100],[-240,-110],[-1010,-470],[-420,-210],[-300,-140],[-140,-70],[-250,-120],[-150,-80],[-240,-120],[-310,-150],[-210,-90],[-220,-100],[-240,-110],[-90,-40],[-130,-60],[-90,-40],[-410,-190],[-130,-60],[-130,-60],[-890,-420],[-660,-310],[-600,-240],[-1100,-420],[-340,-140],[-510,-230],[-190,-90],[-490,-230],[-310,-140]],[[-84269200,33548910],[-20,-100],[-70,-270],[-90,-330],[-110,-380],[-70,-240],[-80,-260],[-120,-390],[-180,-590],[-150,-500],[-100,-340],[-40,-140],[-30,-100],[-30,-120],[-40,-180],[-30,-170],[-20,-180],[-20,-170],[-10,-110],[-10,-140],[-10,-180],[10,-200],[10,-170],[20,-210]],[[-84273380,34068780],[-950,-40],[-390,-10],[-110,-10],[-510,0],[-90,0],[-420,0],[-90,0],[-530,30],[-60,0],[-600,30],[-220,10],[-560,40],[-260,10],[-80,10],[-670,50],[-90,10],[-550,40],[-200,10],[-360,30],[-320,20],[-450,0],[-390,10],[-70,0],[-760,0],[-340,0],[-290,10],[-290,20],[-170,20],[-230,40],[-280,70],[-60,10],[-200,70],[-260,90],[-100,50],[-50,20],[-290,130],[-150,60],[-220,100],[-450,210],[-320,150],[-340,140],[-360,120],[-220,60],[-500,90],[-360,50],[-370,20],[-180,0],[-120,0],[-230,10],[-320,10],[-240,0],[-220,10],[-50,0],[-770,20],[-200,10],[-250,10],[-170,0],[-200,10],[-510,70],[-300,50],[-440,70],[-120,20],[-180,20],[-370,50],[-730,70]],[[-84348950,33773850],[0,-250],[-10,-290],[0,-70],[0,-90],[0,-340],[-10,-370],[-30,-110],[-30,-420],[0,-840],[30,-710],[-20,-340],[0,-100],[0,-100],[10,-220],[0,-130],[0,-190],[0,-300],[-10,-810],[-10,-270],[0,-100],[0,-50],[-10,-370],[0,-160],[0,-110],[-10,-300],[0,-90],[-10,-290],[0,-370],[0,-170],[-10,-120],[-20,-100],[-20,-80],[-10,-40],[-50,-140],[-20,-80],[-10,-90],[-10,-120],[0,-160],[0,-200],[0,-130],[-10,-350],[0,-130],[0,-200],[0,-330],[0,-60],[-10,-400],[0,-370],[-10,-190],[-10,-240],[20,-120],[-60,-70]],[[-84146380,33447730],[-870,10],[0,-330],[0,-420]],[[-84202300,33540050],[-140,-10],[-160,-10],[-120,-10],[-100,-10],[-100,-10],[-170,-10],[-180,-20],[-180,-10],[-370,-30],[-220,0],[-370,10],[-940,40],[-650,30],[-340,10],[-1800,90],[-520,50],[-60,10],[-440,70],[-160,30],[-490,120],[-360,100],[-540,190],[-640,250],[-240,100],[-610,240],[-300,120],[-1000,400],[-610,240],[-1640,660],[-1000,390],[-60,20],[-150,50],[-190,70],[-350,100],[-200,50],[-100,20],[-70,10],[-130,30],[-420,70],[-230,10],[-530,30],[-200,10],[-220,0],[-930,20],[-760,10],[-110,0],[-570,10],[-330,10],[-210,0],[-590,20],[-520,10],[-410,20],[-350,10],[-230,10],[-320,10],[-170,0],[-260,10],[-310,10],[-480,20],[-240,10],[-670,20],[-670,40],[-490,20],[-150,0],[-270,10],[-240,0],[-270,0],[-440,30],[-230,20],[-30,0],[-290,40],[-420,90],[-200,50],[-230,50],[-280,60],[-270,70],[-230,10]],[[-84403830,33942610],[220,-170],[250,-180],[280,-220],[130,-100],[430,-320],[330,-260],[220,-190],[310,-280],[370,-360],[240,-210],[140,-100],[110,-70],[200,-70],[100,-30],[470,-120],[280,-60],[740,-160],[1170,-270],[440,-110],[80,-30],[260,-80],[520,-170],[530,-210],[400,-200],[290,-160],[170,-110],[590,-380],[380,-300],[380,-330],[440,-460],[200,-210],[200,-230],[190,-210],[190,-210],[220,-240],[160,-150],[180,-110],[190,-90],[180,-50],[100,-30],[140,-30],[150,-10],[200,0],[140,10],[70,10],[270,50],[250,50],[240,40],[320,60]],[[-84429680,33657540],[440,-30],[660,-10],[530,-10],[250,0],[160,0],[220,0],[500,-10]],[[-84192590,33459320],[240,10]],[[-84342300,33493150],[-90,310],[-70,180],[-20,80],[-180,440],[-200,450],[-230,440],[-260,440],[-120,180],[-40,60],[-80,110],[-130,180],[-200,280],[-120,160],[-170,210],[-90,100],[-320,360],[-710,710],[-280,290],[-1440,1450],[-530,550],[-1190,1190],[-580,580]],[[-84314580,33414150],[-520,1130],[-960,2110],[-610,1390],[-600,1320],[-180,400],[-230,520],[-180,400],[-70,150],[-130,290],[-120,260],[-120,290],[-220,550],[-80,220],[-320,890],[-100,320],[-140,450],[-160,510],[-140,530],[-90,400],[-120,500],[-100,440],[-130,700],[-130,720],[-20,140],[-30,270],[-40,340],[-40,300],[-50,510],[-80,780],[0,380],[-10,220],[-40,720],[-90,1250],[-80,1290],[-50,740],[-30,430],[-10,90],[0,40],[-60,870],[-40,650],[-50,420],[-80,490],[-20,110],[-120,540],[-50,230],[-80,330],[-60,230],[-10,20],[-90,270],[-80,240],[-130,380],[-30,90],[-120,310],[-240,570],[-30,60],[-110,210],[-180,350],[-70,140],[-50,100],[-160,330],[-110,240],[-170,340],[-210,410],[-220,440],[-150,290],[-50,100],[-60,120],[-40,90],[-110,220],[-110,210],[-50,100],[-20,40],[-30,60],[-50,110],[-50,100],[-40,80],[-20,40],[-180,410],[-130,300],[-50,120],[-20,40],[-20,40],[-50,130],[-20,60],[-90,220],[-150,400],[-50,130],[-160,430],[-90,290]],[[-84407370,33684420],[-550,-150],[-370,-100],[-330,-90],[-160,-40],[-110,-30],[-200,-60],[-90,-30],[-90,-30],[-110,-40],[-80,-30],[-100,-40],[-90,-40],[-100,-50],[-100,-50]],[[-84341850,33490880],[120,-400],[150,-540],[40,-130],[40,-140],[110,-410],[250,-870],[170,-590],[80,-320],[80,-260],[90,-320],[220,-740]],[[-84546610,33771690],[520,-130],[400,-100],[440,-110],[580,-150],[640,-170],[740,-200],[1460,-400],[1000,-280],[530,-150],[320,-90],[310,-90],[300,-80],[690,-190],[960,-270],[220,-60],[1920,-540],[480,-130],[560,-160],[680,-190],[250,-70],[1040,-290],[360,-100]],[[-84410780,33803840],[460,-210],[190,-80],[120,-50]],[[-84430270,33845820],[110,-380],[50,-210],[60,-230],[40,-200],[30,-230],[20,-220],[10,-190],[0,-270],[-10,-290],[-30,-370],[-90,-750],[-80,-710],[-20,-370],[10,-590],[20,-410],[30,-330],[10,-80],[110,-630],[70,-320],[80,-300],[100,-340],[90,-260],[120,-330],[120,-290],[300,-640],[510,-1050],[290,-610],[300,-630]],[[-84423930,33623760],[390,230],[1490,850]],[[-84282470,33378900],[-810,130],[-90,10],[-290,50],[-330,50],[-600,90],[-390,60]],[[-84180880,33428340],[-70,-100],[-40,-80],[-50,-140],[-30,-120],[-70,-90],[-140,-180],[-160,-180],[-100,-120],[-80,-90],[-190,-220],[-110,-140],[-90,-110],[-100,-110],[-80,-60],[-180,-120],[-110,-60],[-100,-70],[-100,-80]],[[-84112470,33298830],[100,-360],[160,-570],[260,-990],[440,-1640],[370,-1350],[460,-1710],[470,-1740],[1020,-3770],[170,-620],[60,-200],[230,-880],[80,-290],[300,-1140],[380,-1360],[200,-650],[190,-580],[160,-420],[170,-460],[230,-580],[220,-520],[140,-320],[150,-320],[160,-340],[200,-400],[210,-410],[230,-440],[250,-450],[480,-810],[370,-590],[530,-810],[450,-670],[330,-480],[220,-320],[230,-340],[90,-130],[90,-130],[220,-320],[580,-850],[460,-680],[390,-580],[460,-670],[140,-200],[250,-370],[330,-480],[200,-290],[310,-470]],[[-84429730,33698000],[130,-10],[110,-20],[110,-10],[150,-20],[150,-20],[130,-20],[340,-60],[110,-20],[140,-30],[180,-40],[700,-160],[730,-160],[110,-20],[70,-10],[150,-20],[190,-20],[190,-10],[380,0],[170,0],[250,10],[510,40],[420,40],[1350,130],[410,40],[750,70],[230,20],[160,10],[400,20]],[[-84367660,33812530],[-320,-150],[-400,-190],[-410,-190],[-300,-130],[-750,-300],[-870,-310],[-770,-240],[-520,-140],[-620,-150],[-530,-150],[-40,-10],[-230,-70],[-190,-60],[-20,-10],[-430,-170],[-420,-210],[-390,-230],[-630,-430]],[[-84335080,33574780],[-410,200],[-350,160],[-340,150],[-370,150],[-410,160],[-350,130],[-340,120],[-270,90],[-290,90],[-400,120],[-410,110],[-390,100],[-530,130],[-440,100],[-330,70],[-100,20],[-280,60],[-210,40],[-240,50],[-460,100],[-1890,410],[-1930,420],[-4010,860],[-600,130],[-2940,640]],[[-84373810,33584240],[-650,190],[-570,150],[-1330,370],[-1360,390],[-650,190],[-1000,290],[-420,130],[-530,180],[-580,230],[-230,110],[-300,150],[-180,100],[-170,100],[-230,150],[-160,110],[-120,90],[-170,140],[-170,150],[-160,150],[-110,110],[-90,100],[-130,150],[-160,200],[-50,60],[-110,180],[-170,260],[-170,310],[-150,290],[-300,700],[-110,240],[-80,190],[-110,230],[-90,180],[-160,280],[-300,550]],[[-84288880,33217150],[0,-670],[0,-1130],[0,-180],[-10,-910],[0,-120],[0,-810],[-10,-1020],[0,-430],[0,-510],[0,-580],[-10,-760],[0,-530],[0,-370],[0,-220],[-10,-870],[-10,-710],[0,-1300],[-10,-570],[0,-200],[20,-710],[50,-510],[100,-510],[130,-510],[180,-510],[70,-180],[250,-510],[340,-590],[430,-590],[460,-560],[360,-420],[60,-70],[120,-130],[30,-40],[80,-100],[280,-350],[1080,-1270],[170,-200],[210,-250],[110,-120],[80,-100],[170,-190],[160,-190]],[[-84270390,33543440],[70,-330],[100,-380],[160,-460],[110,-260],[110,-210],[140,-240],[170,-260],[100,-130],[230,-280],[140,-150],[230,-240],[160,-150],[460,-370],[770,-590],[890,-670],[450,-340],[260,-210],[490,-410],[530,-490],[400,-430],[350,-330],[440,-350]],[[-84295870,33251700],[-150,-440],[-40,-150],[-190,-700],[-80,-280],[-70,-490],[-70,-500],[-50,-810],[-20,-370],[0,-260],[20,-160],[40,-190],[50,-330],[40,-330],[10,-40],[20,-190],[50,-420],[50,-520],[100,-940],[30,-250],[120,-1160]],[[-84208230,33462530],[-470,40],[-720,80],[-670,80],[-230,30],[-180,20],[-590,110],[-590,120],[-560,160]],[[-84365010,33537680],[-230,-30]],[[-84400250,33640680],[80,-40],[130,-50],[90,-30],[90,-40],[40,-20],[190,-70],[60,-20],[270,-80],[320,-70],[90,-10],[350,-60],[400,-30],[340,0],[210,0],[190,0],[300,-10],[110,0],[130,0],[440,10]],[[-84264850,33539270],[-1020,1300],[-580,750],[-100,130],[-130,170],[-210,280],[-270,320],[-190,200],[-220,210],[-120,90],[-290,180],[-230,120],[-80,60],[-110,70],[-260,150],[-130,70],[-190,100],[-120,60],[-140,70],[-250,90],[-390,140],[-240,80],[-310,110]],[[-84293430,33232490],[1560,-2280],[1290,-1900],[520,-870]],[[-84215800,33477340],[-160,570],[-240,890],[-340,1220],[-290,1070],[-300,1080],[-50,210],[-370,1360],[-530,1930],[-280,1030],[-150,530]],[[-84112790,33299990],[240,-850]],[[-84393520,33725770],[10,170],[70,810],[60,470],[20,150],[20,120],[20,100],[30,110],[80,270],[70,220],[100,290],[80,210],[70,180]],[[-84365010,33537680],[170,20],[80,10],[220,30],[100,20],[220,30],[270,40],[360,50],[380,50],[70,10],[540,80],[60,10],[180,30],[220,40],[290,70],[240,50],[680,240],[220,80],[260,100],[180,60],[120,40],[140,40],[150,40],[250,60],[100,20],[140,30],[60,10],[130,20],[160,20],[180,20],[240,20],[1790,-20],[1190,-20],[710,-20],[1150,-20],[1340,-30],[360,-10],[340,-10],[720,-30]],[[-84379150,33752570],[180,290],[120,220],[120,250],[70,170],[50,130],[50,170]],[[-84388890,33767630],[-50,50]],[[-83868560,34223260],[1730,1220],[370,260],[770,530],[270,200],[700,470],[250,170],[400,270],[1320,900],[1010,720],[1560,1050],[600,390],[320,170],[320,150],[180,70],[270,100],[180,70],[400,120],[340,70],[600,100],[1250,200],[760,130],[1110,190],[740,150],[720,190],[700,250],[670,290],[330,160],[320,170],[630,390],[1260,750],[1240,750],[320,190],[760,460]],[[-83787920,34312510],[-70,480],[-100,710],[-60,410],[-90,600],[-140,980],[-90,570],[-10,120],[-90,570],[-80,520],[-70,520],[-70,520],[-30,340],[0,180],[10,260],[20,200],[30,210],[50,280],[80,280],[210,550],[250,550],[330,740]],[[-83846160,34234560],[530,320],[590,360],[910,620],[850,660],[530,460],[510,470],[480,490],[460,490],[440,520],[1270,1600],[440,560],[350,440],[90,100],[590,710],[570,700],[780,1000],[620,770],[360,420],[210,260],[230,230],[200,200],[240,200],[680,550],[880,600],[900,610],[1180,810],[3050,2080],[880,610],[540,370],[530,420],[500,470],[460,490],[250,330],[340,450],[570,790],[990,1390],[530,740],[320,550],[280,560],[110,290],[100,290],[120,480],[100,380],[60,450],[50,430],[80,1240],[40,600],[20,370],[30,450]],[[-84398660,33684800],[0,350],[-10,250],[-10,220]],[[-84402580,33641060],[120,10],[120,0],[200,0],[40,0],[140,-10],[250,-10]],[[-84402290,33691440],[600,-790],[520,-670]],[[-84387730,33746910],[-340,-210],[-240,-190],[-210,-160],[-270,-190],[-490,-380],[-200,-160]],[[-84380950,33743270],[370,0],[1280,-20],[840,0],[500,10],[920,-10],[760,-10]],[[-84418030,33665610],[-200,-120],[-180,-100],[-170,-90],[-360,-170],[-250,-110],[-580,-220],[-580,-220],[-320,-120],[-120,-50],[-580,-210],[-290,-110],[-370,-140]],[[-84363730,33910020],[240,0],[340,10]],[[-84390690,33771300],[-210,10],[-240,0],[-430,-10],[-200,0],[-320,-10],[-910,20],[-200,-10],[-240,0],[-270,0],[-310,0],[-480,10],[-430,0],[-570,10],[-620,0]],[[-84403840,33641050],[-150,0]],[[-84477630,33620750],[-570,-50]],[[-84363730,33519100],[-10,-450],[10,-480],[10,-190],[10,-180],[10,-110],[60,-290]],[[-84488000,33693580],[520,400],[1230,950],[680,510],[370,280],[450,330],[660,480],[280,210],[320,220],[150,100],[80,50],[100,60],[110,60],[90,40],[200,100],[110,50],[110,50],[160,60],[200,60],[120,30],[230,60],[130,30],[180,30],[320,50],[180,20],[200,10],[370,0],[640,-10],[570,-10],[360,-10],[780,-20],[1330,-30],[400,0],[1550,10],[590,20],[310,10],[530,30],[950,50],[1140,60],[1270,70],[350,20],[350,20],[510,30],[430,20],[150,0],[290,0],[170,-10],[250,-20],[200,-20],[200,-30],[220,-40],[190,-40],[160,-40],[190,-50],[160,-50],[250,-70],[800,-220],[250,-70],[120,-30],[110,-20],[120,-20],[120,-20],[130,-20],[100,-10],[120,-10],[230,-10],[240,-10],[320,0],[260,20],[210,20],[200,30],[170,30],[160,40],[150,40],[140,40],[90,30],[160,50],[220,80],[300,130],[280,130],[690,310]],[[-84031430,34043020],[120,150],[80,90],[100,100],[120,110],[350,320],[260,240],[150,150],[140,140],[120,130],[70,80],[80,100],[90,120],[70,100],[100,150],[90,140],[130,230],[70,140],[120,250]],[[-84206490,33909290],[-60,120],[-50,90],[-40,90],[-160,350],[-90,190],[-160,350],[-90,200],[-50,140],[-40,100],[-20,70],[-80,130],[-110,100],[-170,190],[-90,100],[-30,50],[-20,40],[-40,120],[-30,100],[-70,160],[-90,220],[-130,320],[-30,100],[-20,80],[0,100],[0,100],[10,140],[0,90]],[[-84357080,33823070],[-170,-30],[-190,-40]],[[-83916670,33615150],[-1230,230],[-2690,520],[-930,170],[-610,130],[-600,140],[-310,80],[-380,110],[-610,190],[-370,120],[-470,170],[-450,170]],[[-84238040,33945080],[390,160],[520,250],[380,210]],[[-83755000,33612010],[880,70],[1020,60],[1090,60],[1170,40],[610,10],[870,20],[1370,-10],[1500,-40],[1100,-40],[280,0],[1030,-40]],[[-83950680,33628770],[-860,140]],[[-83984750,33919050],[-1000,-490],[-600,-300],[-1090,-560],[-950,-420],[-860,-380],[-430,-190],[-800,-390],[-120,-60],[-240,-110],[-480,-190],[-500,-160],[-340,-80],[-310,-60],[-420,-50],[-400,-40],[-160,-10],[-440,-30],[-200,10],[-410,20],[-520,50],[-140,20],[-240,40],[-160,30],[-450,120],[-160,40],[-400,120],[-230,90],[-170,70],[-440,210],[-380,180],[-200,100],[-380,180],[-180,90],[-490,250],[-290,110],[-130,60],[-500,180]],[[-84007120,33973140],[-570,-390],[-470,-300],[-150,-90],[-300,-200],[-450,-260],[-360,-230],[-580,-350]],[[-84591020,33397240],[210,90]],[[-84001730,34055890],[1310,190],[870,140],[880,110],[850,110],[850,100],[860,90],[870,80],[900,80],[520,40],[320,20],[180,10],[250,20],[240,10],[350,20],[380,20],[510,30],[670,40],[1440,90],[2710,170],[440,20],[500,30],[630,30],[630,20],[630,10],[320,0],[330,0],[230,0],[410,-10],[640,-40]],[[-84559550,33416290],[240,600],[100,410],[50,300],[10,80],[50,410],[100,750],[40,370],[30,220],[30,230],[50,400],[10,100],[20,200],[120,970],[50,410],[80,550],[50,470],[30,230],[20,170],[10,100],[30,230],[50,380],[50,250],[50,260],[50,240],[130,420],[150,420],[40,90],[200,410],[80,170],[70,160],[320,640],[120,250],[330,660],[230,490],[100,210],[30,60],[50,100],[100,190],[170,350],[240,470],[110,230],[310,630],[40,110],[70,140],[350,730],[180,370],[20,40],[190,370],[220,400],[80,150],[150,250],[290,420],[360,490],[60,80],[330,380],[360,370],[210,220],[400,350],[170,150],[540,420],[420,300],[410,270],[230,130],[190,110],[160,90],[280,160],[330,180],[230,130],[570,300],[520,290],[320,160],[240,130],[130,80],[100,50],[440,240],[250,140],[530,280],[480,220],[380,150],[820,300],[620,210],[980,330],[420,140],[1680,550],[590,200],[370,120],[1180,400],[390,130],[260,80],[720,170],[540,100],[110,20],[730,100],[1830,240],[490,70],[400,50],[590,80],[380,50],[70,10],[260,40],[280,60],[150,30],[380,90],[370,110],[260,80],[200,70],[310,110],[440,180],[360,130],[360,140],[220,90],[690,260],[310,120]],[[-84485530,33448530],[590,-40],[320,-20],[410,-30],[400,-30],[150,-10],[360,-30],[890,-60],[800,-60],[740,-60],[510,-40],[330,-40],[240,-20],[500,-50],[770,-110],[330,-50],[500,-70],[380,-50],[230,-30],[1220,-180],[240,-40],[160,-30],[260,-40],[660,-110],[990,-130],[410,-60],[980,-150],[760,-110],[440,-70],[170,-20],[190,-30],[710,-60],[550,-30],[190,-10],[130,0],[610,20],[510,10],[30,0],[460,50],[230,30],[450,50],[380,50],[360,80],[250,50],[460,90],[980,240],[520,130],[610,100],[170,20],[120,20],[300,50],[340,50],[210,20],[70,0],[100,0],[90,0],[180,10],[440,20],[600,30],[970,-10],[340,0],[270,0],[130,0],[310,0],[550,-10],[110,0],[450,0],[860,0],[220,0],[360,-10],[130,0],[290,-10],[450,-20]],[[-83845970,33615200],[670,-10],[320,10],[1210,0],[240,0],[1160,10],[2110,0],[1150,10],[580,0],[250,0],[820,0],[780,-20],[620,-40],[580,-50],[930,-120],[470,-70],[720,-130],[280,-60],[340,-80],[370,-90],[310,-80],[1020,-280],[360,-110],[890,-270]],[[-84779270,33902610],[-870,10],[-750,0],[-2240,10],[-390,0],[-1320,0],[-1620,10],[-520,0],[-630,10],[-1590,0],[-1420,0],[-160,0],[-1310,10],[-330,0],[-490,0],[-510,10],[-210,0],[-370,0],[-690,0],[-480,0],[-1070,0],[-1240,10],[-1590,10],[-350,0],[-890,0],[-270,0],[-290,-10],[-580,-20],[-530,-30],[-370,-50],[-340,-50],[-270,-50],[-300,-60],[-520,-90],[-660,-120],[-270,-50],[-240,-40],[-200,-30],[-150,-20],[-170,-20],[-210,-20],[-130,-10],[-190,-10],[-130,0],[-170,0],[-330,10],[-160,10],[-130,10],[-180,20],[-220,30],[-230,40],[-200,40],[-240,60],[-120,30],[-120,30],[-160,50],[-120,40],[-160,50],[-80,30],[-100,40],[-150,60],[-140,60],[-130,60],[-110,50],[-230,110],[-470,240],[-690,340],[-730,350],[-910,450],[-750,360],[-1140,560],[-1140,560],[-1150,560],[-840,410],[-430,210],[-760,370],[-620,310],[-230,110],[-330,160],[-350,170],[-310,150],[-180,90],[-150,70],[-640,280],[-210,80],[-260,100],[-320,90],[-240,50],[-290,70],[-450,60]],[[-84748300,33926110],[-300,-110],[-940,-380],[-1860,-760],[-770,-330],[-600,-250],[-100,-40],[-430,-180],[-440,-180],[-600,-250],[-2140,-880],[-640,-260],[-1630,-670],[-360,-150],[-460,-190],[-590,-240],[-460,-190],[-80,-30],[-130,-50],[-410,-170],[-1140,-470],[-310,-130],[-1080,-440],[-950,-400],[-950,-390],[-180,-70],[-330,-140],[-400,-160],[-110,-40],[-290,-120],[-480,-200],[-640,-260],[-470,-200],[-360,-150],[-90,-40],[-120,-50],[-140,-60]],[[-84725130,33934280],[310,90],[360,100],[360,100],[320,90]],[[-84746630,33926820],[-630,-270],[-380,-160],[-380,-150],[-280,-130]],[[-83692670,33608190],[480,-80],[190,-30],[1180,-200],[1500,-250],[950,-160],[1180,-200],[650,-110],[1240,-210],[1400,-240],[1260,-210],[1460,-240],[1710,-290],[700,-120],[530,-90],[2290,-390]],[[-83610730,33859610],[-630,-850],[-260,-330],[-390,-470],[-560,-600],[-590,-600],[-320,-310],[-230,-200],[-580,-500],[-700,-560],[-1480,-1110],[-110,-90],[-890,-670],[-240,-190],[-1050,-710],[-220,-150],[-720,-440],[-600,-360],[-1240,-720],[-1150,-670],[-1280,-750],[-1070,-630],[-1360,-800],[-1230,-720],[-1720,-1010],[-1340,-780],[-170,-100],[-1070,-630],[-980,-570],[-1200,-700],[-130,-70],[-1430,-850],[-1530,-910],[-660,-390],[-1040,-620],[-320,-190],[-280,-160],[-240,-190],[-590,-480],[-400,-380],[-370,-360],[-350,-370],[-1260,-1310],[-400,-410],[-980,-1000]],[[-83757070,33804260],[830,-180],[290,-60],[490,-90],[1640,-290],[2120,-370]],[[-83692660,33806420],[190,130],[220,150],[170,110],[1570,1030],[980,630],[190,130],[130,80],[410,260],[330,210],[110,70],[580,340],[1230,680],[320,180],[690,380],[860,480],[310,180],[200,110],[160,90],[190,100],[940,530],[640,360],[440,240],[170,100],[290,170],[60,40],[220,140]],[[-83752130,33804120],[-670,-30],[-630,-20],[-310,-10],[-470,-20],[-220,-10],[-230,-10],[-60,0],[-60,0],[-140,10],[-90,10],[-90,10],[-140,20],[-150,20],[-190,30],[-160,30],[-390,80],[-900,190]],[[-83739620,33802150],[-770,0],[-690,10],[-1460,10],[-980,10],[-470,10],[-490,30],[-490,40],[-570,60],[-400,50],[-380,60],[-260,50],[-180,40],[-160,40],[-140,40],[-130,40],[-190,70],[-140,60],[-420,190],[-640,320],[-400,190],[-280,120],[-170,70],[-180,70],[-200,70],[-200,60],[-250,70],[-250,60],[-200,40],[-170,30],[-310,40],[-290,30],[-180,10],[-120,0],[-220,-10],[-130,-10]],[[-84823200,33909040],[-470,30],[-320,10],[-220,10],[-440,-10]],[[-84769940,33916960],[680,300],[360,160],[470,200],[320,130],[150,70],[370,160],[220,90],[660,270],[130,50],[230,90],[300,130],[670,270],[770,310],[700,290],[90,40],[400,160],[1140,460],[1210,500],[340,140],[380,150],[300,130],[580,240],[470,190],[970,390],[310,130],[1350,560],[510,210],[1620,670],[1040,440],[1160,490],[440,180],[780,320],[910,370],[720,290]]],"objects":{"roads":{"type":"GeometryCollection","geometries":[{"type":"LineString","arcs":[0],"properties":{"tmc":"101+07353"}},{"type":"LineString","arcs":[1],"properties":{"tmc":"101N20178"}},{"type":"LineString","arcs":[2],"properties":{"tmc":"101+07355"}},{"type":"LineString","arcs":[3],"properties":{"tmc":"101+07799"}},{"type":"LineString","arcs":[4],"properties":{"tmc":"101P04645"}},{"type":"LineString","arcs":[5],"properties":{"tmc":"101+07796"}},{"type":"LineString","arcs":[6],"properties":{"tmc":"101P04152"}},{"type":"LineString","arcs":[7],"properties":{"tmc":"101-04643"}},{"type":"LineString","arcs":[8],"properties":{"tmc":"101-04645"}},{"type":"LineString","arcs":[9],"properties":{"tmc":"101+04641"}},{"type":"LineString","arcs":[10],"properties":{"tmc":"101+07354"}},{"type":"LineString","arcs":[11],"properties":{"tmc":"101+04639"}},{"type":"LineString","arcs":[12],"properties":{"tmc":"101-07141"}},{"type":"LineString","arcs":[13],"properties":{"tmc":"101-07140"}},{"type":"LineString","arcs":[14],"properties":{"tmc":"101P04996"}},{"type":"LineString","arcs":[15],"properties":{"tmc":"101+11231"}},{"type":"LineString","arcs":[16],"properties":{"tmc":"101+04287"}},{"type":"LineString","arcs":[17],"properties":{"tmc":"101+04212"}},{"type":"LineString","arcs":[18],"properties":{"tmc":"101+04286"}},{"type":"LineString","arcs":[19],"properties":{"tmc":"101P04234"}},{"type":"LineString","arcs":[20],"properties":{"tmc":"101+04288"}},{"type":"LineString","arcs":[21],"properties":{"tmc":"101P04249"}},{"type":"LineString","arcs":[22],"properties":{"tmc":"101P04637"}},{"type":"LineString","arcs":[23],"properties":{"tmc":"101P04642"}},{"type":"LineString","arcs":[24],"properties":{"tmc":"101N04998"}},{"type":"LineString","arcs":[25],"properties":{"tmc":"101+07801"}},{"type":"LineString","arcs":[26],"properties":{"tmc":"101+07802"}},{"type":"LineString","arcs":[27],"properties":{"tmc":"101+04186"}},{"type":"LineString","arcs":[28],"properties":{"tmc":"101+04315"}},{"type":"LineString","arcs":[29],"properties":{"tmc":"101P04120"}},{"type":"LineString","arcs":[30],"properties":{"tmc":"101+04320"}},{"type":"LineString","arcs":[31],"properties":{"tmc":"101+05210"}},{"type":"LineString","arcs":[32],"properties":{"tmc":"101P04135"}},{"type":"LineString","arcs":[33],"properties":{"tmc":"101-04144"}},{"type":"LineString","arcs":[34],"properties":{"tmc":"101+05211"}},{"type":"LineString","arcs":[35],"properties":{"tmc":"101-04146"}},{"type":"LineString","arcs":[36],"properties":{"tmc":"101+05204"}},{"type":"LineString","arcs":[37],"properties":{"tmc":"101+08010"}},{"type":"LineString","arcs":[38],"properties":{"tmc":"101-04311"}},{"type":"LineString","arcs":[39],"properties":{"tmc":"101+04314"}},{"type":"LineString","arcs":[40],"properties":{"tmc":"101+10647"}},{"type":"LineString","arcs":[41],"properties":{"tmc":"101+07141"}},{"type":"LineString","arcs":[42],"properties":{"tmc":"101N04999"}},{"type":"LineString","arcs":[43],"properties":{"tmc":"101N07142"}},{"type":"LineString","arcs":[44],"properties":{"tmc":"101P04844"}},{"type":"LineString","arcs":[45],"properties":{"tmc":"101N04844"}},{"type":"LineString","arcs":[46],"properties":{"tmc":"101-12937"}},{"type":"LineString","arcs":[47],"properties":{"tmc":"101+04336"}},{"type":"LineString","arcs":[48],"properties":{"tmc":"101+04343"}},{"type":"LineString","arcs":[49],"properties":{"tmc":"101-04214"}},{"type":"LineString","arcs":[50],"properties":{"tmc":"101+05209"}},{"type":"LineString","arcs":[51],"properties":{"tmc":"101-04320"}},{"type":"LineString","arcs":[52],"properties":{"tmc":"101N07143"}},{"type":"LineString","arcs":[53],"properties":{"tmc":"101-07802"}},{"type":"LineString","arcs":[54],"properties":{"tmc":"101-12939"}},{"type":"LineString","arcs":[55],"properties":{"tmc":"101P12936"}},{"type":"LineString","arcs":[56],"properties":{"tmc":"101P12938"}},{"type":"LineString","arcs":[57],"properties":{"tmc":"101+05315"}},{"type":"LineString","arcs":[58],"properties":{"tmc":"101+05213"}},{"type":"LineString","arcs":[59],"properties":{"tmc":"101-05195"}},{"type":"LineString","arcs":[60],"properties":{"tmc":"101P04947"}},{"type":"LineString","arcs":[61],"properties":{"tmc":"101N04212"}},{"type":"LineString","arcs":[62],"properties":{"tmc":"101N04142"}},{"type":"LineString","arcs":[63],"properties":{"tmc":"101+15737"}},{"type":"LineString","arcs":[64],"properties":{"tmc":"101N04149"}},{"type":"LineString","arcs":[65],"properties":{"tmc":"101N04947"}},{"type":"LineString","arcs":[66],"properties":{"tmc":"101N07758"}},{"type":"LineString","arcs":[67],"properties":{"tmc":"101+13798"}},{"type":"LineString","arcs":[68],"properties":{"tmc":"101+13985"}},{"type":"LineString","arcs":[69],"properties":{"tmc":"101-04152"}},{"type":"LineString","arcs":[70],"properties":{"tmc":"101N05573"}},{"type":"LineString","arcs":[71],"properties":{"tmc":"101P04144"}},{"type":"LineString","arcs":[72],"properties":{"tmc":"101N05593"}},{"type":"LineString","arcs":[73],"properties":{"tmc":"101P06953"}},{"type":"LineString","arcs":[74],"properties":{"tmc":"101P05209"}},{"type":"LineString","arcs":[75],"properties":{"tmc":"101P04294"}},{"type":"LineString","arcs":[76],"properties":{"tmc":"101P04286"}},{"type":"LineString","arcs":[77],"properties":{"tmc":"101-04949"}},{"type":"LineString","arcs":[78],"properties":{"tmc":"101-04943"}},{"type":"LineString","arcs":[79],"properties":{"tmc":"101-04948"}},{"type":"LineString","arcs":[80],"properties":{"tmc":"101P07135"}},{"type":"LineString","arcs":[81],"properties":{"tmc":"101N04302"}},{"type":"LineString","arcs":[82],"properties":{"tmc":"101N05411"}},{"type":"LineString","arcs":[83],"properties":{"tmc":"101N04303"}},{"type":"LineString","arcs":[84],"properties":{"tmc":"101N05446"}},{"type":"LineString","arcs":[85],"properties":{"tmc":"101P04252"}},{"type":"LineString","arcs":[86],"properties":{"tmc":"101P04251"}},{"type":"LineString","arcs":[87],"properties":{"tmc":"101N04569"}},{"type":"LineString","arcs":[88],"properties":{"tmc":"101N04145"}},{"type":"LineString","arcs":[89],"properties":{"tmc":"101N04185"}},{"type":"LineString","arcs":[90],"properties":{"tmc":"101N04211"}},{"type":"LineString","arcs":[91],"properties":{"tmc":"101N04213"}},{"type":"LineString","arcs":[92],"properties":{"tmc":"101-05411"}},{"type":"LineString","arcs":[93],"properties":{"tmc":"101N10796"}},{"type":"LineString","arcs":[94],"properties":{"tmc":"101-05422"}},{"type":"LineString","arcs":[95],"properties":{"tmc":"101N04286"}},{"type":"LineString","arcs":[96],"properties":{"tmc":"101N04287"}},{"type":"LineString","arcs":[97],"properties":{"tmc":"101N04334"}},{"type":"LineString","arcs":[98],"properties":{"tmc":"101P07088"}},{"type":"LineString","arcs":[99],"properties":{"tmc":"101P04279"}},{"type":"LineString","arcs":[100],"properties":{"tmc":"101N10965"}},{"type":"LineString","arcs":[101],"properties":{"tmc":"101P04239"}},{"type":"LineString","arcs":[102],"properties":{"tmc":"101+04945"}},{"type":"LineString","arcs":[103],"properties":{"tmc":"101N04335"}},{"type":"LineString","arcs":[104],"properties":{"tmc":"101N04345"}},{"type":"LineString","arcs":[105],"properties":{"tmc":"101P04269"}},{"type":"LineString","arcs":[106],"properties":{"tmc":"101N07833"}},{"type":"LineString","arcs":[107],"properties":{"tmc":"101N05151"}},{"type":"LineString","arcs":[108],"properties":{"tmc":"101N05160"}},{"type":"LineString","arcs":[109],"properties":{"tmc":"101N05242"}},{"type":"LineString","arcs":[110],"properties":{"tmc":"101-13731"}},{"type":"LineString","arcs":[111],"properties":{"tmc":"101N05102"}},{"type":"LineString","arcs":[112],"properties":{"tmc":"101-10971"}},{"type":"LineString","arcs":[113],"properties":{"tmc":"101P05165"}},{"type":"LineString","arcs":[114],"properties":{"tmc":"101P04950"}},{"type":"LineString","arcs":[115],"properties":{"tmc":"101N05203"}},{"type":"LineString","arcs":[116],"properties":{"tmc":"101N04127"}},{"type":"LineString","arcs":[117],"properties":{"tmc":"101N05217"}},{"type":"LineString","arcs":[118],"properties":{"tmc":"101N04158"}},{"type":"LineString","arcs":[119],"properties":{"tmc":"101P05242"}},{"type":"LineString","arcs":[120],"properties":{"tmc":"101P05292"}},{"type":"LineString","arcs":[121],"properties":{"tmc":"101-10967"}},{"type":"LineString","arcs":[122],"properties":{"tmc":"101P05293"}},{"type":"LineString","arcs":[123],"properties":{"tmc":"101+04357"}},{"type":"LineString","arcs":[124],"properties":{"tmc":"101N04160"}},{"type":"LineString","arcs":[125],"properties":{"tmc":"101+04358"}},{"type":"LineString","arcs":[126],"properties":{"tmc":"101N05663"}},{"type":"LineString","arcs":[127],"properties":{"tmc":"101+04542"}},{"type":"LineString","arcs":[128],"properties":{"tmc":"101N04167"}},{"type":"LineString","arcs":[129],"properties":{"tmc":"101N07134"}},{"type":"LineString","arcs":[130],"properties":{"tmc":"101N04318"}},{"type":"LineString","arcs":[131],"properties":{"tmc":"101N07135"}},{"type":"LineString","arcs":[132],"properties":{"tmc":"101P05319"}},{"type":"LineString","arcs":[133],"properties":{"tmc":"101P05322"}},{"type":"LineString","arcs":[134],"properties":{"tmc":"101N05187"}},{"type":"LineString","arcs":[135],"properties":{"tmc":"101-05584"}},{"type":"LineString","arcs":[136],"properties":{"tmc":"101P54109"}},{"type":"LineString","arcs":[137],"properties":{"tmc":"101N04317"}},{"type":"LineString","arcs":[138],"properties":{"tmc":"101-04534"}},{"type":"LineString","arcs":[139],"properties":{"tmc":"101-13800"}},{"type":"LineString","arcs":[140],"properties":{"tmc":"101-13022"}},{"type":"LineString","arcs":[141],"properties":{"tmc":"101+05669"}},{"type":"LineString","arcs":[142],"properties":{"tmc":"101+05372"}},{"type":"LineString","arcs":[143],"properties":{"tmc":"101N12963"}},{"type":"LineString","arcs":[144],"properties":{"tmc":"101P04146"}},{"type":"LineString","arcs":[145],"properties":{"tmc":"101P04143"}},{"type":"LineString","arcs":[146],"properties":{"tmc":"101-04356"}},{"type":"LineString","arcs":[147],"properties":{"tmc":"101-04358"}},{"type":"LineString","arcs":[148],"properties":{"tmc":"101-50136"}},{"type":"LineString","arcs":[149],"properties":{"tmc":"101-16107"}},{"type":"LineString","arcs":[150],"properties":{"tmc":"101+05371"}},{"type":"LineString","arcs":[151],"properties":{"tmc":"101P04310"}},{"type":"LineString","arcs":[152],"properties":{"tmc":"101P04309"}},{"type":"LineString","arcs":[153],"properties":{"tmc":"101-05355"}},{"type":"LineString","arcs":[154],"properties":{"tmc":"101-15737"}},{"type":"LineString","arcs":[155],"properties":{"tmc":"101N04568"}},{"type":"LineString","arcs":[156],"properties":{"tmc":"101-04106"}},{"type":"LineString","arcs":[157],"properties":{"tmc":"101-04838"}},{"type":"LineString","arcs":[158],"properties":{"tmc":"101+04110"}},{"type":"LineString","arcs":[159],"properties":{"tmc":"101-05458"}},{"type":"LineString","arcs":[160],"properties":{"tmc":"101-04314"}},{"type":"LineString","arcs":[161],"properties":{"tmc":"101-04335"}},{"type":"LineString","arcs":[162],"properties":{"tmc":"101-04104"}},{"type":"LineString","arcs":[163],"properties":{"tmc":"101-04201"}},{"type":"LineString","arcs":[164],"properties":{"tmc":"101-13157"}},{"type":"LineString","arcs":[165],"properties":{"tmc":"101-04252"}},{"type":"LineString","arcs":[166],"properties":{"tmc":"101-07781"}},{"type":"LineString","arcs":[167],"properties":{"tmc":"101N04843"}},{"type":"LineString","arcs":[168],"properties":{"tmc":"101N11712"}},{"type":"LineString","arcs":[169],"properties":{"tmc":"101P11713"}},{"type":"LineString","arcs":[170],"properties":{"tmc":"101-05313"}},{"type":"LineString","arcs":[171],"properties":{"tmc":"101N04176"}},{"type":"LineString","arcs":[172],"properties":{"tmc":"101+04163"}},{"type":"LineString","arcs":[173],"properties":{"tmc":"101N04210"}},{"type":"LineString","arcs":[174],"properties":{"tmc":"101-10664"}},{"type":"LineString","arcs":[175],"properties":{"tmc":"101P10932"}},{"type":"LineString","arcs":[176],"properties":{"tmc":"101N06885"}},{"type":"LineString","arcs":[177],"properties":{"tmc":"101N04135"}},{"type":"LineString","arcs":[178],"properties":{"tmc":"101N04175"}},{"type":"LineString","arcs":[179],"properties":{"tmc":"101+04164"}},{"type":"LineString","arcs":[180],"properties":{"tmc":"101-05592"}},{"type":"LineString","arcs":[181],"properties":{"tmc":"101-04316"}},{"type":"LineString","arcs":[182],"properties":{"tmc":"101P20140"}},{"type":"LineString","arcs":[183],"properties":{"tmc":"101+05363"}},{"type":"LineString","arcs":[184],"properties":{"tmc":"101+05427"}},{"type":"LineString","arcs":[185],"properties":{"tmc":"101+05428"}},{"type":"LineString","arcs":[186],"properties":{"tmc":"101N04841"}},{"type":"LineString","arcs":[187],"properties":{"tmc":"101P07400"}},{"type":"LineString","arcs":[188],"properties":{"tmc":"101+06888"}},{"type":"LineString","arcs":[189],"properties":{"tmc":"101N04110"}},{"type":"LineString","arcs":[190],"properties":{"tmc":"101P50178"}},{"type":"LineString","arcs":[191],"properties":{"tmc":"101-04339"}},{"type":"LineString","arcs":[192],"properties":{"tmc":"101N04117"}},{"type":"LineString","arcs":[193],"properties":{"tmc":"101-04285"}},{"type":"LineString","arcs":[194],"properties":{"tmc":"101N04132"}},{"type":"LineString","arcs":[195],"properties":{"tmc":"101N04538"}},{"type":"LineString","arcs":[196],"properties":{"tmc":"101-04359"}},{"type":"LineString","arcs":[197],"properties":{"tmc":"101+05430"}},{"type":"LineString","arcs":[198],"properties":{"tmc":"101N04320"}},{"type":"LineString","arcs":[199],"properties":{"tmc":"101-04163"}},{"type":"LineString","arcs":[200],"properties":{"tmc":"101N04323"}},{"type":"LineString","arcs":[201],"properties":{"tmc":"101N04201"}},{"type":"LineString","arcs":[202],"properties":{"tmc":"101-04318"}},{"type":"LineString","arcs":[203],"properties":{"tmc":"101N04275"}},{"type":"LineString","arcs":[204],"properties":{"tmc":"101N04359"}},{"type":"LineString","arcs":[205],"properties":{"tmc":"101-07399"}},{"type":"LineString","arcs":[206],"properties":{"tmc":"101+55004"}},{"type":"LineString","arcs":[207],"properties":{"tmc":"101N05414"}},{"type":"LineString","arcs":[208],"properties":{"tmc":"101N04106"}},{"type":"LineString","arcs":[209],"properties":{"tmc":"101-05569"}},{"type":"LineString","arcs":[210],"properties":{"tmc":"101N04300"}},{"type":"LineString","arcs":[211],"properties":{"tmc":"101-05570"}},{"type":"LineString","arcs":[212],"properties":{"tmc":"101P06969"}},{"type":"LineString","arcs":[213],"properties":{"tmc":"101-05312"}},{"type":"LineString","arcs":[214],"properties":{"tmc":"101P04109"}},{"type":"LineString","arcs":[215],"properties":{"tmc":"101+50138"}},{"type":"LineString","arcs":[216],"properties":{"tmc":"101P06954"}},{"type":"LineString","arcs":[217],"properties":{"tmc":"101P05266"}},{"type":"LineString","arcs":[218],"properties":{"tmc":"101P05324"}},{"type":"LineString","arcs":[219],"properties":{"tmc":"101P04325"}},{"type":"LineString","arcs":[220],"properties":{"tmc":"101P04213"}},{"type":"LineString","arcs":[221],"properties":{"tmc":"101+11713"}},{"type":"LineString","arcs":[222],"properties":{"tmc":"101P10976"}},{"type":"LineString","arcs":[223],"properties":{"tmc":"101P04278"}},{"type":"LineString","arcs":[224],"properties":{"tmc":"101-05380"}},{"type":"LineString","arcs":[225],"properties":{"tmc":"101N13797"}},{"type":"LineString","arcs":[226],"properties":{"tmc":"101N04103"}},{"type":"LineString","arcs":[227],"properties":{"tmc":"101-05585"}},{"type":"LineString","arcs":[228],"properties":{"tmc":"101P04308"}},{"type":"LineString","arcs":[229],"properties":{"tmc":"101+12964"}},{"type":"LineString","arcs":[230],"properties":{"tmc":"101N04104"}},{"type":"LineString","arcs":[231],"properties":{"tmc":"101P04324"}},{"type":"LineString","arcs":[232],"properties":{"tmc":"101P04351"}},{"type":"LineString","arcs":[233],"properties":{"tmc":"101-05215"}},{"type":"LineString","arcs":[234],"properties":{"tmc":"101-04253"}},{"type":"LineString","arcs":[235],"properties":{"tmc":"101+07147"}},{"type":"LineString","arcs":[236],"properties":{"tmc":"101N10976"}},{"type":"LineString","arcs":[237],"properties":{"tmc":"101P04314"}},{"type":"LineString","arcs":[238],"properties":{"tmc":"101+07148"}},{"type":"LineString","arcs":[239],"properties":{"tmc":"101P04315"}},{"type":"LineString","arcs":[240],"properties":{"tmc":"101P04246"}},{"type":"LineString","arcs":[241],"properties":{"tmc":"101+12963"}},{"type":"LineString","arcs":[242],"properties":{"tmc":"101P04248"}},{"type":"LineString","arcs":[243],"properties":{"tmc":"101P04352"}},{"type":"LineString","arcs":[244],"properties":{"tmc":"101P04344"}},{"type":"LineString","arcs":[245],"properties":{"tmc":"101+18982"}},{"type":"LineString","arcs":[246],"properties":{"tmc":"101P05360"}},{"type":"LineString","arcs":[247],"properties":{"tmc":"101P04345"}},{"type":"LineString","arcs":[248],"properties":{"tmc":"101+04540"}},{"type":"LineString","arcs":[249],"properties":{"tmc":"101P04536"}},{"type":"LineString","arcs":[250],"properties":{"tmc":"101+06970"}},{"type":"LineString","arcs":[251],"properties":{"tmc":"101P05166"}},{"type":"LineString","arcs":[252],"properties":{"tmc":"101P04295"}},{"type":"LineString","arcs":[253],"properties":{"tmc":"101P04287"}},{"type":"LineString","arcs":[254],"properties":{"tmc":"101+13729"}},{"type":"LineString","arcs":[255],"properties":{"tmc":"101P10648"}},{"type":"LineString","arcs":[256],"properties":{"tmc":"101P04102"}},{"type":"LineString","arcs":[257],"properties":{"tmc":"101P04207"}},{"type":"LineString","arcs":[258],"properties":{"tmc":"101P04337"}},{"type":"LineString","arcs":[259],"properties":{"tmc":"101P04199"}},{"type":"LineString","arcs":[260],"properties":{"tmc":"101P04360"}},{"type":"LineString","arcs":[261],"properties":{"tmc":"101N07210"}},{"type":"LineString","arcs":[262],"properties":{"tmc":"101N04651"}},{"type":"LineString","arcs":[263],"properties":{"tmc":"101N05367"}},{"type":"LineString","arcs":[264],"properties":{"tmc":"101-04357"}},{"type":"LineString","arcs":[265],"properties":{"tmc":"101P04171"}},{"type":"LineString","arcs":[266],"properties":{"tmc":"101-04539"}},{"type":"LineString","arcs":[267],"properties":{"tmc":"101+05574"}},{"type":"LineString","arcs":[268],"properties":{"tmc":"101P05570"}},{"type":"LineString","arcs":[269],"properties":{"tmc":"101+05594"}},{"type":"LineString","arcs":[270],"properties":{"tmc":"101P07359"}},{"type":"LineString","arcs":[271],"properties":{"tmc":"101+05111"}},{"type":"LineString","arcs":[272],"properties":{"tmc":"101P05585"}},{"type":"LineString","arcs":[273],"properties":{"tmc":"101+05608"}},{"type":"LineString","arcs":[274],"properties":{"tmc":"101P04343"}},{"type":"LineString","arcs":[275],"properties":{"tmc":"101P04307"}},{"type":"LineString","arcs":[276],"properties":{"tmc":"101+10976"}},{"type":"LineString","arcs":[277],"properties":{"tmc":"101-07207"}},{"type":"LineString","arcs":[278],"properties":{"tmc":"101P04194"}},{"type":"LineString","arcs":[279],"properties":{"tmc":"101+10661"}},{"type":"LineString","arcs":[280],"properties":{"tmc":"101P04195"}},{"type":"LineString","arcs":[281],"properties":{"tmc":"101+10662"}},{"type":"LineString","arcs":[282],"properties":{"tmc":"101+04226"}},{"type":"LineString","arcs":[283],"properties":{"tmc":"101-04648"}},{"type":"LineString","arcs":[284],"properties":{"tmc":"101-04649"}},{"type":"LineString","arcs":[285],"properties":{"tmc":"101P04206"}},{"type":"LineString","arcs":[286],"properties":{"tmc":"101+10663"}},{"type":"LineString","arcs":[287],"properties":{"tmc":"101P04221"}},{"type":"LineString","arcs":[288],"properties":{"tmc":"101+10664"}},{"type":"LineString","arcs":[289],"properties":{"tmc":"101P04574"}},{"type":"LineString","arcs":[290],"properties":{"tmc":"101N04358"}},{"type":"LineString","arcs":[291],"properties":{"tmc":"101-04232"}},{"type":"LineString","arcs":[292],"properties":{"tmc":"101+04227"}},{"type":"LineString","arcs":[293],"properties":{"tmc":"101N04189"}},{"type":"LineString","arcs":[294],"properties":{"tmc":"101N04191"}},{"type":"LineString","arcs":[295],"properties":{"tmc":"101+07360"}},{"type":"LineString","arcs":[296],"properties":{"tmc":"101N05331"}},{"type":"LineString","arcs":[297],"properties":{"tmc":"101N07360"}},{"type":"LineString","arcs":[298],"properties":{"tmc":"101N04357"}},{"type":"LineString","arcs":[299],"properties":{"tmc":"101+05649"}},{"type":"LineString","arcs":[300],"properties":{"tmc":"101+05585"}},{"type":"LineString","arcs":[301],"properties":{"tmc":"101+06827"}},{"type":"LineString","arcs":[302],"properties":{"tmc":"101-06827"}},{"type":"LineString","arcs":[303],"properties":{"tmc":"101+05575"}},{"type":"LineString","arcs":[304],"properties":{"tmc":"101+06825"}},{"type":"LineString","arcs":[305],"properties":{"tmc":"101+06828"}},{"type":"LineString","arcs":[306],"properties":{"tmc":"101N05332"}},{"type":"LineString","arcs":[307],"properties":{"tmc":"101-06832"}},{"type":"LineString","arcs":[308],"properties":{"tmc":"101+11328"}},{"type":"LineString","arcs":[309],"properties":{"tmc":"101+05437"}},{"type":"LineString","arcs":[310],"properties":{"tmc":"101+13023"}},{"type":"LineString","arcs":[311],"properties":{"tmc":"101-04187"}},{"type":"LineString","arcs":[312],"properties":{"tmc":"101P07358"}},{"type":"LineString","arcs":[313],"properties":{"tmc":"101N05110"}},{"type":"LineString","arcs":[314],"properties":{"tmc":"101N04229"}},{"type":"LineString","arcs":[315],"properties":{"tmc":"101+13775"}},{"type":"LineString","arcs":[316],"properties":{"tmc":"101-04190"}},{"type":"LineString","arcs":[317],"properties":{"tmc":"101+10665"}},{"type":"LineString","arcs":[318],"properties":{"tmc":"101-07358"}},{"type":"LineString","arcs":[319],"properties":{"tmc":"101-05329"}},{"type":"LineString","arcs":[320],"properties":{"tmc":"101N04647"}},{"type":"LineString","arcs":[321],"properties":{"tmc":"101-04227"}},{"type":"LineString","arcs":[322],"properties":{"tmc":"101N04648"}},{"type":"LineString","arcs":[323],"properties":{"tmc":"101-04189"}},{"type":"LineString","arcs":[324],"properties":{"tmc":"101-04191"}},{"type":"LineString","arcs":[325],"properties":{"tmc":"101+11714"}},{"type":"LineString","arcs":[326],"properties":{"tmc":"101P04160"}},{"type":"LineString","arcs":[327],"properties":{"tmc":"101P05408"}},{"type":"LineString","arcs":[328],"properties":{"tmc":"101-04317"}},{"type":"LineString","arcs":[329],"properties":{"tmc":"101-06828"}},{"type":"LineString","arcs":[330],"properties":{"tmc":"101-07360"}},{"type":"LineString","arcs":[331],"properties":{"tmc":"101P20139"}},{"type":"LineString","arcs":[332],"properties":{"tmc":"101+04188"}},{"type":"LineString","arcs":[333],"properties":{"tmc":"101P05101"}},{"type":"LineString","arcs":[334],"properties":{"tmc":"101+05408"}},{"type":"LineString","arcs":[335],"properties":{"tmc":"101-04284"}},{"type":"LineString","arcs":[336],"properties":{"tmc":"101+05429"}},{"type":"LineString","arcs":[337],"properties":{"tmc":"101-04294"}},{"type":"LineString","arcs":[338],"properties":{"tmc":"101P05446"}},{"type":"LineString","arcs":[339],"properties":{"tmc":"101+14346"}},{"type":"LineString","arcs":[340],"properties":{"tmc":"101+06833"}},{"type":"LineString","arcs":[341],"properties":{"tmc":"101+06834"}},{"type":"LineString","arcs":[342],"properties":{"tmc":"101N04643"}},{"type":"LineString","arcs":[343],"properties":{"tmc":"101P05164"}},{"type":"LineString","arcs":[344],"properties":{"tmc":"101+05298"}},{"type":"LineString","arcs":[345],"properties":{"tmc":"101+04193"}},{"type":"LineString","arcs":[346],"properties":{"tmc":"101+05321"}},{"type":"LineString","arcs":[347],"properties":{"tmc":"101+05410"}},{"type":"LineString","arcs":[348],"properties":{"tmc":"101N05311"}},{"type":"LineString","arcs":[349],"properties":{"tmc":"101+05412"}},{"type":"LineString","arcs":[350],"properties":{"tmc":"101+05362"}},{"type":"LineString","arcs":[351],"properties":{"tmc":"101+04567"}},{"type":"LineString","arcs":[352],"properties":{"tmc":"101+06831"}},{"type":"LineString","arcs":[353],"properties":{"tmc":"101P04215"}},{"type":"LineString","arcs":[354],"properties":{"tmc":"101N04330"}},{"type":"LineString","arcs":[355],"properties":{"tmc":"101+05415"}},{"type":"LineString","arcs":[356],"properties":{"tmc":"101N04344"}},{"type":"LineString","arcs":[357],"properties":{"tmc":"101+04308"}},{"type":"LineString","arcs":[358],"properties":{"tmc":"101+04573"}},{"type":"LineString","arcs":[359],"properties":{"tmc":"101+04574"}},{"type":"LineString","arcs":[360],"properties":{"tmc":"101+05370"}},{"type":"LineString","arcs":[361],"properties":{"tmc":"101+04260"}},{"type":"LineString","arcs":[362],"properties":{"tmc":"101P04192"}},{"type":"LineString","arcs":[363],"properties":{"tmc":"101+04263"}},{"type":"LineString","arcs":[364],"properties":{"tmc":"101-06859"}},{"type":"LineString","arcs":[365],"properties":{"tmc":"101N04640"}},{"type":"LineString","arcs":[366],"properties":{"tmc":"101+05438"}},{"type":"LineString","arcs":[367],"properties":{"tmc":"101P10663"}},{"type":"LineString","arcs":[368],"properties":{"tmc":"101P07147"}},{"type":"LineString","arcs":[369],"properties":{"tmc":"101N10798"}},{"type":"LineString","arcs":[370],"properties":{"tmc":"101P05436"}},{"type":"LineString","arcs":[371],"properties":{"tmc":"101+05360"}},{"type":"LineString","arcs":[372],"properties":{"tmc":"101+05308"}},{"type":"LineString","arcs":[373],"properties":{"tmc":"101-07356"}},{"type":"LineString","arcs":[374],"properties":{"tmc":"101+04261"}},{"type":"LineString","arcs":[375],"properties":{"tmc":"101+05109"}},{"type":"LineString","arcs":[376],"properties":{"tmc":"101P05217"}},{"type":"LineString","arcs":[377],"properties":{"tmc":"101P05649"}},{"type":"LineString","arcs":[378],"properties":{"tmc":"101P05218"}},{"type":"LineString","arcs":[379],"properties":{"tmc":"101-05409"}},{"type":"LineString","arcs":[380],"properties":{"tmc":"101N05649"}},{"type":"LineString","arcs":[381],"properties":{"tmc":"101+04160"}},{"type":"LineString","arcs":[382],"properties":{"tmc":"101+04165"}},{"type":"LineString","arcs":[383],"properties":{"tmc":"101+04562"}},{"type":"LineString","arcs":[384],"properties":{"tmc":"101P04571"}},{"type":"LineString","arcs":[385],"properties":{"tmc":"101+04166"}},{"type":"LineString","arcs":[386],"properties":{"tmc":"101+05571"}},{"type":"LineString","arcs":[387],"properties":{"tmc":"101+04339"}},{"type":"LineString","arcs":[388],"properties":{"tmc":"101+04565"}},{"type":"LineString","arcs":[389],"properties":{"tmc":"101+04325"}},{"type":"LineString","arcs":[390],"properties":{"tmc":"101+04345"}},{"type":"LineString","arcs":[391],"properties":{"tmc":"101+05275"}},{"type":"LineString","arcs":[392],"properties":{"tmc":"101N07145"}},{"type":"LineString","arcs":[393],"properties":{"tmc":"101+05373"}},{"type":"LineString","arcs":[394],"properties":{"tmc":"101+04296"}},{"type":"LineString","arcs":[395],"properties":{"tmc":"101+04344"}},{"type":"LineString","arcs":[396],"properties":{"tmc":"101P07858"}},{"type":"LineString","arcs":[397],"properties":{"tmc":"101+04251"}},{"type":"LineString","arcs":[398],"properties":{"tmc":"101+04252"}},{"type":"LineString","arcs":[399],"properties":{"tmc":"101-12966"}},{"type":"LineString","arcs":[400],"properties":{"tmc":"101-04638"}},{"type":"LineString","arcs":[401],"properties":{"tmc":"101+04297"}},{"type":"LineString","arcs":[402],"properties":{"tmc":"101+04298"}},{"type":"LineString","arcs":[403],"properties":{"tmc":"101+04190"}},{"type":"LineString","arcs":[404],"properties":{"tmc":"101+04231"}},{"type":"LineString","arcs":[405],"properties":{"tmc":"101P53884"}},{"type":"LineString","arcs":[406],"properties":{"tmc":"101+04222"}},{"type":"LineString","arcs":[407],"properties":{"tmc":"101+05593"}},{"type":"LineString","arcs":[408],"properties":{"tmc":"101+05595"}},{"type":"LineString","arcs":[409],"properties":{"tmc":"101+04183"}},{"type":"LineString","arcs":[410],"properties":{"tmc":"101+04171"}},{"type":"LineString","arcs":[411],"properties":{"tmc":"101+04181"}},{"type":"LineString","arcs":[412],"properties":{"tmc":"101+05322"}},{"type":"LineString","arcs":[413],"properties":{"tmc":"101+07082"}},{"type":"LineString","arcs":[414],"properties":{"tmc":"101-07357"}},{"type":"LineString","arcs":[415],"properties":{"tmc":"101-07354"}},{"type":"LineString","arcs":[416],"properties":{"tmc":"101+05573"}},{"type":"LineString","arcs":[417],"properties":{"tmc":"101+04247"}},{"type":"LineString","arcs":[418],"properties":{"tmc":"101+04205"}},{"type":"LineString","arcs":[419],"properties":{"tmc":"101+05274"}},{"type":"LineString","arcs":[420],"properties":{"tmc":"101+05299"}},{"type":"LineString","arcs":[421],"properties":{"tmc":"101+05105"}},{"type":"LineString","arcs":[422],"properties":{"tmc":"101+05159"}},{"type":"LineString","arcs":[423],"properties":{"tmc":"101P04644"}},{"type":"LineString","arcs":[424],"properties":{"tmc":"101+04248"}},{"type":"LineString","arcs":[425],"properties":{"tmc":"101+05150"}},{"type":"LineString","arcs":[426],"properties":{"tmc":"101-04300"}},{"type":"LineString","arcs":[427],"properties":{"tmc":"101-04572"}},{"type":"LineString","arcs":[428],"properties":{"tmc":"101-04180"}},{"type":"LineString","arcs":[429],"properties":{"tmc":"101+04272"}},{"type":"LineString","arcs":[430],"properties":{"tmc":"101+04277"}},{"type":"LineString","arcs":[431],"properties":{"tmc":"101P06965"}},{"type":"LineString","arcs":[432],"properties":{"tmc":"101P04646"}},{"type":"LineString","arcs":[433],"properties":{"tmc":"101+05407"}},{"type":"LineString","arcs":[434],"properties":{"tmc":"101+05104"}},{"type":"LineString","arcs":[435],"properties":{"tmc":"101+05160"}},{"type":"LineString","arcs":[436],"properties":{"tmc":"101+05165"}},{"type":"LineString","arcs":[437],"properties":{"tmc":"101-04197"}},{"type":"LineString","arcs":[438],"properties":{"tmc":"101-04274"}},{"type":"LineString","arcs":[439],"properties":{"tmc":"101+04323"}},{"type":"LineString","arcs":[440],"properties":{"tmc":"101-16160"}},{"type":"LineString","arcs":[441],"properties":{"tmc":"101+04307"}},{"type":"LineString","arcs":[442],"properties":{"tmc":"101N53880"}},{"type":"LineString","arcs":[443],"properties":{"tmc":"101+04324"}},{"type":"LineString","arcs":[444],"properties":{"tmc":"101+05164"}},{"type":"LineString","arcs":[445],"properties":{"tmc":"101+05163"}},{"type":"LineString","arcs":[446],"properties":{"tmc":"101+07778"}},{"type":"LineString","arcs":[447],"properties":{"tmc":"101+04204"}},{"type":"LineString","arcs":[448],"properties":{"tmc":"101-04573"}},{"type":"LineString","arcs":[449],"properties":{"tmc":"101-05644"}},{"type":"LineString","arcs":[450],"properties":{"tmc":"101+53882"}},{"type":"LineString","arcs":[451],"properties":{"tmc":"101N53878"}},{"type":"LineString","arcs":[452],"properties":{"tmc":"101+04276"}},{"type":"LineString","arcs":[453],"properties":{"tmc":"101+05100"}},{"type":"LineString","arcs":[454],"properties":{"tmc":"101+05102"}},{"type":"LineString","arcs":[455],"properties":{"tmc":"101-04233"}},{"type":"LineString","arcs":[456],"properties":{"tmc":"101-05191"}},{"type":"LineString","arcs":[457],"properties":{"tmc":"101+05326"}},{"type":"LineString","arcs":[458],"properties":{"tmc":"101P07087"}},{"type":"LineString","arcs":[459],"properties":{"tmc":"101N04239"}},{"type":"LineString","arcs":[460],"properties":{"tmc":"101N05109"}},{"type":"LineString","arcs":[461],"properties":{"tmc":"101-04219"}},{"type":"LineString","arcs":[462],"properties":{"tmc":"101-04171"}},{"type":"LineString","arcs":[463],"properties":{"tmc":"101-04177"}},{"type":"LineString","arcs":[464],"properties":{"tmc":"101-04181"}},{"type":"LineString","arcs":[465],"properties":{"tmc":"101+04249"}},{"type":"LineString","arcs":[466],"properties":{"tmc":"101+05355"}},{"type":"LineString","arcs":[467],"properties":{"tmc":"101P04099"}},{"type":"LineString","arcs":[468],"properties":{"tmc":"101+05361"}},{"type":"LineString","arcs":[469],"properties":{"tmc":"101N07081"}},{"type":"LineString","arcs":[470],"properties":{"tmc":"101N20138"}},{"type":"LineString","arcs":[471],"properties":{"tmc":"101+04131"}},{"type":"LineString","arcs":[472],"properties":{"tmc":"101+04114"}},{"type":"LineString","arcs":[473],"properties":{"tmc":"101+04112"}},{"type":"LineString","arcs":[474],"properties":{"tmc":"101P04101"}},{"type":"LineString","arcs":[475],"properties":{"tmc":"101+05309"}},{"type":"LineString","arcs":[476],"properties":{"tmc":"101+10842"}},{"type":"LineString","arcs":[477],"properties":{"tmc":"101+04195"}},{"type":"LineString","arcs":[478],"properties":{"tmc":"101P05271"}},{"type":"LineString","arcs":[479],"properties":{"tmc":"101P05102"}},{"type":"LineString","arcs":[480],"properties":{"tmc":"101P05109"}},{"type":"LineString","arcs":[481],"properties":{"tmc":"101P05163"}},{"type":"LineString","arcs":[482],"properties":{"tmc":"101P07089"}},{"type":"LineString","arcs":[483],"properties":{"tmc":"101+04196"}},{"type":"LineString","arcs":[484],"properties":{"tmc":"101+04176"}},{"type":"LineString","arcs":[485],"properties":{"tmc":"101-04126"}},{"type":"LineString","arcs":[486],"properties":{"tmc":"101+04173"}},{"type":"LineString","arcs":[487],"properties":{"tmc":"101-05662"}},{"type":"LineString","arcs":[488],"properties":{"tmc":"101N04264"}},{"type":"LineString","arcs":[489],"properties":{"tmc":"101N04256"}},{"type":"LineString","arcs":[490],"properties":{"tmc":"101N04258"}},{"type":"LineString","arcs":[491],"properties":{"tmc":"101-05647"}},{"type":"LineString","arcs":[492],"properties":{"tmc":"101-05573"}},{"type":"LineString","arcs":[493],"properties":{"tmc":"101+04119"}},{"type":"LineString","arcs":[494],"properties":{"tmc":"101+04137"}},{"type":"LineString","arcs":[495],"properties":{"tmc":"101P04838"}},{"type":"LineString","arcs":[496],"properties":{"tmc":"101P04839"}},{"type":"LineString","arcs":[497],"properties":{"tmc":"101N04257"}},{"type":"LineString","arcs":[498],"properties":{"tmc":"101N04265"}},{"type":"LineString","arcs":[499],"properties":{"tmc":"101-05607"}},{"type":"LineString","arcs":[500],"properties":{"tmc":"101-05431"}},{"type":"LineString","arcs":[501],"properties":{"tmc":"101-04633"}},{"type":"LineString","arcs":[502],"properties":{"tmc":"101+04138"}},{"type":"LineString","arcs":[503],"properties":{"tmc":"101P53876"}},{"type":"LineString","arcs":[504],"properties":{"tmc":"101P20136"}},{"type":"LineString","arcs":[505],"properties":{"tmc":"101N20137"}},{"type":"LineString","arcs":[506],"properties":{"tmc":"101N05268"}},{"type":"LineString","arcs":[507],"properties":{"tmc":"101P04841"}},{"type":"LineString","arcs":[508],"properties":{"tmc":"101N05274"}},{"type":"LineString","arcs":[509],"properties":{"tmc":"101-05356"}},{"type":"LineString","arcs":[510],"properties":{"tmc":"101-05360"}},{"type":"LineString","arcs":[511],"properties":{"tmc":"101P53878"}},{"type":"LineString","arcs":[512],"properties":{"tmc":"101P05305"}},{"type":"LineString","arcs":[513],"properties":{"tmc":"101N04098"}},{"type":"LineString","arcs":[514],"properties":{"tmc":"101P05174"}},{"type":"LineString","arcs":[515],"properties":{"tmc":"101P10842"}},{"type":"LineString","arcs":[516],"properties":{"tmc":"101+05307"}},{"type":"LineString","arcs":[517],"properties":{"tmc":"101-04125"}},{"type":"LineString","arcs":[518],"properties":{"tmc":"101-05359"}},{"type":"LineString","arcs":[519],"properties":{"tmc":"101+05266"}},{"type":"LineString","arcs":[520],"properties":{"tmc":"101N53876"}},{"type":"LineString","arcs":[521],"properties":{"tmc":"101N53883"}},{"type":"LineString","arcs":[522],"properties":{"tmc":"101N04099"}},{"type":"LineString","arcs":[523],"properties":{"tmc":"101P05646"}},{"type":"LineString","arcs":[524],"properties":{"tmc":"101-53883"}},{"type":"LineString","arcs":[525],"properties":{"tmc":"101N05296"}},{"type":"LineString","arcs":[526],"properties":{"tmc":"101+07399"}},{"type":"LineString","arcs":[527],"properties":{"tmc":"101-05578"}},{"type":"LineString","arcs":[528],"properties":{"tmc":"101-05593"}},{"type":"LineString","arcs":[529],"properties":{"tmc":"101-04110"}},{"type":"LineString","arcs":[530],"properties":{"tmc":"101P05593"}},{"type":"LineString","arcs":[531],"properties":{"tmc":"101-53880"}},{"type":"LineString","arcs":[532],"properties":{"tmc":"101P04573"}},{"type":"LineString","arcs":[533],"properties":{"tmc":"101P53882"}},{"type":"LineString","arcs":[534],"properties":{"tmc":"101P04843"}},{"type":"LineString","arcs":[535],"properties":{"tmc":"101N05159"}},{"type":"LineString","arcs":[536],"properties":{"tmc":"101+06887"}},{"type":"LineString","arcs":[537],"properties":{"tmc":"101-05373"}},{"type":"LineString","arcs":[538],"properties":{"tmc":"101+06889"}},{"type":"LineString","arcs":[539],"properties":{"tmc":"101-04112"}},{"type":"LineString","arcs":[540],"properties":{"tmc":"101-04208"}},{"type":"LineString","arcs":[541],"properties":{"tmc":"101-53881"}},{"type":"LineString","arcs":[542],"properties":{"tmc":"101N04282"}},{"type":"LineString","arcs":[543],"properties":{"tmc":"101-05371"}},{"type":"LineString","arcs":[544],"properties":{"tmc":"101N54018"}},{"type":"LineString","arcs":[545],"properties":{"tmc":"101-04238"}},{"type":"LineString","arcs":[546],"properties":{"tmc":"101-04220"}},{"type":"LineString","arcs":[547],"properties":{"tmc":"101-04248"}},{"type":"LineString","arcs":[548],"properties":{"tmc":"101+07401"}},{"type":"LineString","arcs":[549],"properties":{"tmc":"101-05268"}},{"type":"LineString","arcs":[550],"properties":{"tmc":"101-05325"}},{"type":"LineString","arcs":[551],"properties":{"tmc":"101-05174"}},{"type":"LineString","arcs":[552],"properties":{"tmc":"101+04099"}},{"type":"LineString","arcs":[553],"properties":{"tmc":"101+04098"}},{"type":"LineString","arcs":[554],"properties":{"tmc":"101N13727"}},{"type":"LineString","arcs":[555],"properties":{"tmc":"101-05454"}},{"type":"LineString","arcs":[556],"properties":{"tmc":"101-05452"}},{"type":"LineString","arcs":[557],"properties":{"tmc":"101-05274"}},{"type":"LineString","arcs":[558],"properties":{"tmc":"101-10930"}},{"type":"LineString","arcs":[559],"properties":{"tmc":"101-04262"}},{"type":"LineString","arcs":[560],"properties":{"tmc":"101-04266"}},{"type":"LineString","arcs":[561],"properties":{"tmc":"101N04202"}},{"type":"LineString","arcs":[562],"properties":{"tmc":"101N04182"}},{"type":"LineString","arcs":[563],"properties":{"tmc":"101+53879"}},{"type":"LineString","arcs":[564],"properties":{"tmc":"101+53884"}},{"type":"LineString","arcs":[565],"properties":{"tmc":"101-04098"}},{"type":"LineString","arcs":[566],"properties":{"tmc":"101-07089"}},{"type":"LineString","arcs":[567],"properties":{"tmc":"101N04139"}},{"type":"LineString","arcs":[568],"properties":{"tmc":"101-04236"}},{"type":"LineString","arcs":[569],"properties":{"tmc":"101-04170"}},{"type":"LineString","arcs":[570],"properties":{"tmc":"101+53885"}},{"type":"LineString","arcs":[571],"properties":{"tmc":"101-04569"}},{"type":"LineString","arcs":[572],"properties":{"tmc":"101-07083"}},{"type":"LineString","arcs":[573],"properties":{"tmc":"101-07085"}},{"type":"LineString","arcs":[574],"properties":{"tmc":"101N04128"}},{"type":"LineString","arcs":[575],"properties":{"tmc":"101N04324"}},{"type":"LineString","arcs":[576],"properties":{"tmc":"101-10838"}},{"type":"LineString","arcs":[577],"properties":{"tmc":"101-04111"}},{"type":"LineString","arcs":[578],"properties":{"tmc":"101-10841"}},{"type":"LineString","arcs":[579],"properties":{"tmc":"101-04117"}},{"type":"LineString","arcs":[580],"properties":{"tmc":"101-07777"}},{"type":"LineString","arcs":[581],"properties":{"tmc":"101-07093"}},{"type":"LineString","arcs":[582],"properties":{"tmc":"101-04239"}},{"type":"LineString","arcs":[583],"properties":{"tmc":"101N04301"}},{"type":"LineString","arcs":[584],"properties":{"tmc":"101N04244"}},{"type":"LineString","arcs":[585],"properties":{"tmc":"101-04128"}},{"type":"LineString","arcs":[586],"properties":{"tmc":"101-05187"}},{"type":"LineString","arcs":[587],"properties":{"tmc":"101-04635"}},{"type":"LineString","arcs":[588],"properties":{"tmc":"101-05261"}},{"type":"LineString","arcs":[589],"properties":{"tmc":"101-04263"}},{"type":"LineString","arcs":[590],"properties":{"tmc":"101-07087"}},{"type":"LineString","arcs":[591],"properties":{"tmc":"101N04245"}},{"type":"LineString","arcs":[592],"properties":{"tmc":"101N04274"}},{"type":"LineString","arcs":[593],"properties":{"tmc":"101N04120"}},{"type":"LineString","arcs":[594],"properties":{"tmc":"101+06966"}},{"type":"LineString","arcs":[595],"properties":{"tmc":"101P07776"}},{"type":"LineString","arcs":[596],"properties":{"tmc":"101P04631"}},{"type":"LineString","arcs":[597],"properties":{"tmc":"101-05275"}},{"type":"LineString","arcs":[598],"properties":{"tmc":"101-05294"}},{"type":"LineString","arcs":[599],"properties":{"tmc":"101-05160"}},{"type":"LineString","arcs":[600],"properties":{"tmc":"101-05106"}},{"type":"LineString","arcs":[601],"properties":{"tmc":"101-04570"}},{"type":"LineString","arcs":[602],"properties":{"tmc":"101P53885"}},{"type":"LineString","arcs":[603],"properties":{"tmc":"101-05372"}},{"type":"LineString","arcs":[604],"properties":{"tmc":"101-05374"}},{"type":"LineString","arcs":[605],"properties":{"tmc":"101-05100"}},{"type":"LineString","arcs":[606],"properties":{"tmc":"101N07858"}},{"type":"LineString","arcs":[607],"properties":{"tmc":"101N06953"}},{"type":"LineString","arcs":[608],"properties":{"tmc":"101N05266"}},{"type":"LineString","arcs":[609],"properties":{"tmc":"101-05103"}},{"type":"LineString","arcs":[610],"properties":{"tmc":"101-05159"}},{"type":"LineString","arcs":[611],"properties":{"tmc":"101-04259"}},{"type":"LineString","arcs":[612],"properties":{"tmc":"101N13798"}},{"type":"LineString","arcs":[613],"properties":{"tmc":"101P05592"}},{"type":"LineString","arcs":[614],"properties":{"tmc":"101-04268"}},{"type":"LineString","arcs":[615],"properties":{"tmc":"101-07833"}},{"type":"LineString","arcs":[616],"properties":{"tmc":"101P04132"}},{"type":"LineString","arcs":[617],"properties":{"tmc":"101-07404"}},{"type":"LineString","arcs":[618],"properties":{"tmc":"101-04241"}},{"type":"LineString","arcs":[619],"properties":{"tmc":"101P04277"}},{"type":"LineString","arcs":[620],"properties":{"tmc":"101P04256"}},{"type":"LineString","arcs":[621],"properties":{"tmc":"101+20141"}},{"type":"LineString","arcs":[622],"properties":{"tmc":"101P04353"}},{"type":"LineString","arcs":[623],"properties":{"tmc":"101P07148"}},{"type":"LineString","arcs":[624],"properties":{"tmc":"101+07404"}},{"type":"LineString","arcs":[625],"properties":{"tmc":"101+07405"}},{"type":"LineString","arcs":[626],"properties":{"tmc":"101+07413"}},{"type":"LineString","arcs":[627],"properties":{"tmc":"101-07407"}},{"type":"LineString","arcs":[628],"properties":{"tmc":"101P05251"}},{"type":"LineString","arcs":[629],"properties":{"tmc":"101P04210"}},{"type":"LineString","arcs":[630],"properties":{"tmc":"101P05099"}},{"type":"LineString","arcs":[631],"properties":{"tmc":"101P05150"}},{"type":"LineString","arcs":[632],"properties":{"tmc":"101+07094"}},{"type":"LineString","arcs":[633],"properties":{"tmc":"101-07411"}},{"type":"LineString","arcs":[634],"properties":{"tmc":"101-07418"}},{"type":"LineString","arcs":[635],"properties":{"tmc":"101P07407"}},{"type":"LineString","arcs":[636],"properties":{"tmc":"101P07413"}},{"type":"LineString","arcs":[637],"properties":{"tmc":"101P04247"}},{"type":"LineString","arcs":[638],"properties":{"tmc":"101P04222"}},{"type":"LineString","arcs":[639],"properties":{"tmc":"101P04282"}},{"type":"LineString","arcs":[640],"properties":{"tmc":"101+07086"}},{"type":"LineString","arcs":[641],"properties":{"tmc":"101P05241"}},{"type":"LineString","arcs":[642],"properties":{"tmc":"101P04179"}},{"type":"LineString","arcs":[643],"properties":{"tmc":"101P04181"}},{"type":"LineString","arcs":[644],"properties":{"tmc":"101P04202"}},{"type":"LineString","arcs":[645],"properties":{"tmc":"101P04111"}},{"type":"LineString","arcs":[646],"properties":{"tmc":"101P04139"}},{"type":"LineString","arcs":[647],"properties":{"tmc":"101N13726"}},{"type":"LineString","arcs":[648],"properties":{"tmc":"101P15737"}},{"type":"LineString","arcs":[649],"properties":{"tmc":"101N50121"}},{"type":"LineString","arcs":[650],"properties":{"tmc":"101N04234"}},{"type":"LineString","arcs":[651],"properties":{"tmc":"101N04174"}},{"type":"LineString","arcs":[652],"properties":{"tmc":"101P04153"}},{"type":"LineString","arcs":[653],"properties":{"tmc":"101P04155"}},{"type":"LineString","arcs":[654],"properties":{"tmc":"101P04156"}},{"type":"LineString","arcs":[655],"properties":{"tmc":"101+04845"}},{"type":"LineString","arcs":[656],"properties":{"tmc":"101N12936"}},{"type":"LineString","arcs":[657],"properties":{"tmc":"101N12938"}},{"type":"LineString","arcs":[658],"properties":{"tmc":"101-04153"}},{"type":"LineString","arcs":[659],"properties":{"tmc":"101N04157"}},{"type":"LineString","arcs":[660],"properties":{"tmc":"101P04154"}},{"type":"LineString","arcs":[661],"properties":{"tmc":"101N10852"}},{"type":"LineString","arcs":[662],"properties":{"tmc":"101-04844"}},{"type":"LineString","arcs":[663],"properties":{"tmc":"101-05242"}},{"type":"LineString","arcs":[664],"properties":{"tmc":"101-12938"}},{"type":"LineString","arcs":[665],"properties":{"tmc":"101P12940"}},{"type":"LineString","arcs":[666],"properties":{"tmc":"101+12939"}},{"type":"LineString","arcs":[667],"properties":{"tmc":"101+12936"}},{"type":"LineString","arcs":[668],"properties":{"tmc":"101N12937"}},{"type":"LineString","arcs":[669],"properties":{"tmc":"101+04941"}},{"type":"LineString","arcs":[670],"properties":{"tmc":"101N06964"}},{"type":"LineString","arcs":[671],"properties":{"tmc":"101P04943"}},{"type":"LineString","arcs":[672],"properties":{"tmc":"101-06961"}},{"type":"LineString","arcs":[673],"properties":{"tmc":"101P06961"}},{"type":"LineString","arcs":[674],"properties":{"tmc":"101P06962"}},{"type":"LineString","arcs":[675],"properties":{"tmc":"101-06960"}},{"type":"LineString","arcs":[676],"properties":{"tmc":"101-06963"}},{"type":"LineString","arcs":[677],"properties":{"tmc":"101N07351"}},{"type":"LineString","arcs":[678],"properties":{"tmc":"101-04945"}},{"type":"LineString","arcs":[679],"properties":{"tmc":"101P07352"}},{"type":"LineString","arcs":[680],"properties":{"tmc":"101+04946"}},{"type":"LineString","arcs":[681],"properties":{"tmc":"101+04950"}},{"type":"LineString","arcs":[682],"properties":{"tmc":"101P07142"}},{"type":"LineString","arcs":[683],"properties":{"tmc":"101+05000"}},{"type":"LineString","arcs":[684],"properties":{"tmc":"101P12965"}},{"type":"LineString","arcs":[685],"properties":{"tmc":"101P12970"}},{"type":"LineString","arcs":[686],"properties":{"tmc":"101+05446"}},{"type":"LineString","arcs":[687],"properties":{"tmc":"101P04968"}},{"type":"LineString","arcs":[688],"properties":{"tmc":"101-04974"}},{"type":"LineString","arcs":[689],"properties":{"tmc":"101+04143"}},{"type":"LineString","arcs":[690],"properties":{"tmc":"101-04326"}},{"type":"LineString","arcs":[691],"properties":{"tmc":"101-04969"}},{"type":"LineString","arcs":[692],"properties":{"tmc":"101-04211"}},{"type":"LineString","arcs":[693],"properties":{"tmc":"101-04310"}},{"type":"LineString","arcs":[694],"properties":{"tmc":"101-04147"}},{"type":"LineString","arcs":[695],"properties":{"tmc":"101+10967"}},{"type":"LineString","arcs":[696],"properties":{"tmc":"101-05408"}},{"type":"LineString","arcs":[697],"properties":{"tmc":"101+10968"}},{"type":"LineString","arcs":[698],"properties":{"tmc":"101-05362"}},{"type":"LineString","arcs":[699],"properties":{"tmc":"101+10972"}},{"type":"LineString","arcs":[700],"properties":{"tmc":"101P05406"}},{"type":"LineString","arcs":[701],"properties":{"tmc":"101-05421"}},{"type":"LineString","arcs":[702],"properties":{"tmc":"101-05427"}},{"type":"LineString","arcs":[703],"properties":{"tmc":"101-04184"}},{"type":"LineString","arcs":[704],"properties":{"tmc":"101P11148"}},{"type":"LineString","arcs":[705],"properties":{"tmc":"101N05407"}},{"type":"LineString","arcs":[706],"properties":{"tmc":"101-05445"}},{"type":"LineString","arcs":[707],"properties":{"tmc":"101-04149"}},{"type":"LineString","arcs":[708],"properties":{"tmc":"101+11145"}},{"type":"LineString","arcs":[709],"properties":{"tmc":"101+11148"}},{"type":"LineString","arcs":[710],"properties":{"tmc":"101N11147"}},{"type":"LineString","arcs":[711],"properties":{"tmc":"101-04141"}},{"type":"LineString","arcs":[712],"properties":{"tmc":"101P10969"}},{"type":"LineString","arcs":[713],"properties":{"tmc":"101-10968"}},{"type":"LineString","arcs":[714],"properties":{"tmc":"101-05414"}},{"type":"LineString","arcs":[715],"properties":{"tmc":"101-05367"}},{"type":"LineString","arcs":[716],"properties":{"tmc":"101-05364"}},{"type":"LineString","arcs":[717],"properties":{"tmc":"101N04997"}},{"type":"LineString","arcs":[718],"properties":{"tmc":"101-04997"}},{"type":"LineString","arcs":[719],"properties":{"tmc":"101-07800"}},{"type":"LineString","arcs":[720],"properties":{"tmc":"101-07801"}},{"type":"LineString","arcs":[721],"properties":{"tmc":"101-11714"}},{"type":"LineString","arcs":[722],"properties":{"tmc":"101P04999"}},{"type":"LineString","arcs":[723],"properties":{"tmc":"101P07801"}},{"type":"LineString","arcs":[724],"properties":{"tmc":"101+04999"}},{"type":"LineString","arcs":[725],"properties":{"tmc":"101P07800"}},{"type":"LineString","arcs":[726],"properties":{"tmc":"101P07141"}},{"type":"LineString","arcs":[727],"properties":{"tmc":"101-12968"}},{"type":"LineString","arcs":[728],"properties":{"tmc":"101+04148"}},{"type":"LineString","arcs":[729],"properties":{"tmc":"101-05412"}},{"type":"LineString","arcs":[730],"properties":{"tmc":"101-04327"}},{"type":"LineString","arcs":[731],"properties":{"tmc":"101-04998"}},{"type":"LineString","arcs":[732],"properties":{"tmc":"101N07800"}},{"type":"LineString","arcs":[733],"properties":{"tmc":"101+04998"}},{"type":"LineString","arcs":[734],"properties":{"tmc":"101-12965"}},{"type":"LineString","arcs":[735],"properties":{"tmc":"101-13730"}},{"type":"LineString","arcs":[736],"properties":{"tmc":"101+13732"}},{"type":"LineString","arcs":[737],"properties":{"tmc":"101N04310"}},{"type":"LineString","arcs":[738],"properties":{"tmc":"101P04998"}},{"type":"LineString","arcs":[739],"properties":{"tmc":"101+07142"}},{"type":"LineString","arcs":[740],"properties":{"tmc":"101N12965"}},{"type":"LineString","arcs":[741],"properties":{"tmc":"101+04997"}},{"type":"LineString","arcs":[742],"properties":{"tmc":"101N07801"}},{"type":"LineString","arcs":[743],"properties":{"tmc":"101P05424"}},{"type":"LineString","arcs":[744],"properties":{"tmc":"101N04312"}},{"type":"LineString","arcs":[745],"properties":{"tmc":"101P04150"}},{"type":"LineString","arcs":[746],"properties":{"tmc":"101N04996"}},{"type":"LineString","arcs":[747],"properties":{"tmc":"101-04249"}},{"type":"LineString","arcs":[748],"properties":{"tmc":"101N04327"}},{"type":"LineString","arcs":[749],"properties":{"tmc":"101+07359"}},{"type":"LineString","arcs":[750],"properties":{"tmc":"101N05422"}},{"type":"LineString","arcs":[751],"properties":{"tmc":"101+06826"}},{"type":"LineString","arcs":[752],"properties":{"tmc":"101N05424"}},{"type":"LineString","arcs":[753],"properties":{"tmc":"101-04337"}},{"type":"LineString","arcs":[754],"properties":{"tmc":"101+07793"}},{"type":"LineString","arcs":[755],"properties":{"tmc":"101N04147"}},{"type":"LineString","arcs":[756],"properties":{"tmc":"101N05326"}},{"type":"LineString","arcs":[757],"properties":{"tmc":"101+07795"}},{"type":"LineString","arcs":[758],"properties":{"tmc":"101-05211"}},{"type":"LineString","arcs":[759],"properties":{"tmc":"101-04254"}},{"type":"LineString","arcs":[760],"properties":{"tmc":"101-05206"}},{"type":"LineString","arcs":[761],"properties":{"tmc":"101-04331"}},{"type":"LineString","arcs":[762],"properties":{"tmc":"101P05110"}},{"type":"LineString","arcs":[763],"properties":{"tmc":"101+07358"}},{"type":"LineString","arcs":[764],"properties":{"tmc":"101P06825"}},{"type":"LineString","arcs":[765],"properties":{"tmc":"101P04224"}},{"type":"LineString","arcs":[766],"properties":{"tmc":"101N04148"}},{"type":"LineString","arcs":[767],"properties":{"tmc":"101-05208"}},{"type":"LineString","arcs":[768],"properties":{"tmc":"101-05217"}},{"type":"LineString","arcs":[769],"properties":{"tmc":"101-04159"}},{"type":"LineString","arcs":[770],"properties":{"tmc":"101-04160"}},{"type":"LineString","arcs":[771],"properties":{"tmc":"101-04334"}},{"type":"LineString","arcs":[772],"properties":{"tmc":"101-04287"}},{"type":"LineString","arcs":[773],"properties":{"tmc":"101-04162"}},{"type":"LineString","arcs":[774],"properties":{"tmc":"101P04229"}},{"type":"LineString","arcs":[775],"properties":{"tmc":"101N04311"}},{"type":"LineString","arcs":[776],"properties":{"tmc":"101-06826"}},{"type":"LineString","arcs":[777],"properties":{"tmc":"101N04151"}},{"type":"LineString","arcs":[778],"properties":{"tmc":"101+04224"}},{"type":"LineString","arcs":[779],"properties":{"tmc":"101-05571"}},{"type":"LineString","arcs":[780],"properties":{"tmc":"101-04167"}},{"type":"LineString","arcs":[781],"properties":{"tmc":"101-04332"}},{"type":"LineString","arcs":[782],"properties":{"tmc":"101-04637"}},{"type":"LineString","arcs":[783],"properties":{"tmc":"101N05445"}},{"type":"LineString","arcs":[784],"properties":{"tmc":"101+04225"}},{"type":"LineString","arcs":[785],"properties":{"tmc":"101-10662"}},{"type":"LineString","arcs":[786],"properties":{"tmc":"101-04644"}},{"type":"LineString","arcs":[787],"properties":{"tmc":"101+04169"}},{"type":"LineString","arcs":[788],"properties":{"tmc":"101P12939"}},{"type":"LineString","arcs":[789],"properties":{"tmc":"101N04845"}},{"type":"LineString","arcs":[790],"properties":{"tmc":"101-05210"}},{"type":"LineString","arcs":[791],"properties":{"tmc":"101-07794"}},{"type":"LineString","arcs":[792],"properties":{"tmc":"101-07792"}},{"type":"LineString","arcs":[793],"properties":{"tmc":"101-04215"}},{"type":"LineString","arcs":[794],"properties":{"tmc":"101N04288"}},{"type":"LineString","arcs":[795],"properties":{"tmc":"101-04290"}},{"type":"LineString","arcs":[796],"properties":{"tmc":"101-04336"}},{"type":"LineString","arcs":[797],"properties":{"tmc":"101-04345"}},{"type":"LineString","arcs":[798],"properties":{"tmc":"101+04161"}},{"type":"LineString","arcs":[799],"properties":{"tmc":"101-05365"}},{"type":"LineString","arcs":[800],"properties":{"tmc":"101-05366"}},{"type":"LineString","arcs":[801],"properties":{"tmc":"101-07797"}},{"type":"LineString","arcs":[802],"properties":{"tmc":"101N04360"}},{"type":"LineString","arcs":[803],"properties":{"tmc":"101-12936"}},{"type":"LineString","arcs":[804],"properties":{"tmc":"101N04250"}},{"type":"LineString","arcs":[805],"properties":{"tmc":"101-04229"}},{"type":"LineString","arcs":[806],"properties":{"tmc":"101P06828"}},{"type":"LineString","arcs":[807],"properties":{"tmc":"101N05421"}},{"type":"LineString","arcs":[808],"properties":{"tmc":"101P05328"}},{"type":"LineString","arcs":[809],"properties":{"tmc":"101P05329"}},{"type":"LineString","arcs":[810],"properties":{"tmc":"101P05330"}},{"type":"LineString","arcs":[811],"properties":{"tmc":"101+05330"}},{"type":"LineString","arcs":[812],"properties":{"tmc":"101P06920"}},{"type":"LineString","arcs":[813],"properties":{"tmc":"101N04644"}},{"type":"LineString","arcs":[814],"properties":{"tmc":"101N04331"}},{"type":"LineString","arcs":[815],"properties":{"tmc":"101N04645"}},{"type":"LineString","arcs":[816],"properties":{"tmc":"101+12940"}},{"type":"LineString","arcs":[817],"properties":{"tmc":"101N04342"}},{"type":"LineString","arcs":[818],"properties":{"tmc":"101P04638"}},{"type":"LineString","arcs":[819],"properties":{"tmc":"101-50138"}},{"type":"LineString","arcs":[820],"properties":{"tmc":"101+12937"}},{"type":"LineString","arcs":[821],"properties":{"tmc":"101-05425"}},{"type":"LineString","arcs":[822],"properties":{"tmc":"101-05428"}},{"type":"LineString","arcs":[823],"properties":{"tmc":"101N04224"}},{"type":"LineString","arcs":[824],"properties":{"tmc":"101N05111"}},{"type":"LineString","arcs":[825],"properties":{"tmc":"101+05424"}},{"type":"LineString","arcs":[826],"properties":{"tmc":"101+04151"}},{"type":"LineString","arcs":[827],"properties":{"tmc":"101+05423"}},{"type":"LineString","arcs":[828],"properties":{"tmc":"101+04184"}},{"type":"LineString","arcs":[829],"properties":{"tmc":"101+04146"}},{"type":"LineString","arcs":[830],"properties":{"tmc":"101-05110"}},{"type":"LineString","arcs":[831],"properties":{"tmc":"101-04226"}},{"type":"LineString","arcs":[832],"properties":{"tmc":"101-05326"}},{"type":"LineString","arcs":[833],"properties":{"tmc":"101N04641"}},{"type":"LineString","arcs":[834],"properties":{"tmc":"101N04332"}},{"type":"LineString","arcs":[835],"properties":{"tmc":"101+04644"}},{"type":"LineString","arcs":[836],"properties":{"tmc":"101+12938"}},{"type":"LineString","arcs":[837],"properties":{"tmc":"101P04845"}},{"type":"LineString","arcs":[838],"properties":{"tmc":"101+04147"}},{"type":"LineString","arcs":[839],"properties":{"tmc":"101N11713"}},{"type":"LineString","arcs":[840],"properties":{"tmc":"101+04189"}},{"type":"LineString","arcs":[841],"properties":{"tmc":"101-05330"}},{"type":"LineString","arcs":[842],"properties":{"tmc":"101-04228"}},{"type":"LineString","arcs":[843],"properties":{"tmc":"101-05328"}},{"type":"LineString","arcs":[844],"properties":{"tmc":"101+05368"}},{"type":"LineString","arcs":[845],"properties":{"tmc":"101P05421"}},{"type":"LineString","arcs":[846],"properties":{"tmc":"101N05218"}},{"type":"LineString","arcs":[847],"properties":{"tmc":"101+04643"}},{"type":"LineString","arcs":[848],"properties":{"tmc":"101+07145"}},{"type":"LineString","arcs":[849],"properties":{"tmc":"101+04229"}},{"type":"LineString","arcs":[850],"properties":{"tmc":"101P04227"}},{"type":"LineString","arcs":[851],"properties":{"tmc":"101P04228"}},{"type":"LineString","arcs":[852],"properties":{"tmc":"101P05445"}},{"type":"LineString","arcs":[853],"properties":{"tmc":"101+04214"}},{"type":"LineString","arcs":[854],"properties":{"tmc":"101+04215"}},{"type":"LineString","arcs":[855],"properties":{"tmc":"101N04146"}},{"type":"LineString","arcs":[856],"properties":{"tmc":"101P05414"}},{"type":"LineString","arcs":[857],"properties":{"tmc":"101P05326"}},{"type":"LineString","arcs":[858],"properties":{"tmc":"101N05328"}},{"type":"LineString","arcs":[859],"properties":{"tmc":"101+07127"}},{"type":"LineString","arcs":[860],"properties":{"tmc":"101+07792"}},{"type":"LineString","arcs":[861],"properties":{"tmc":"101P04318"}},{"type":"LineString","arcs":[862],"properties":{"tmc":"101P05203"}},{"type":"LineString","arcs":[863],"properties":{"tmc":"101+20178"}},{"type":"LineString","arcs":[864],"properties":{"tmc":"101P07798"}},{"type":"LineString","arcs":[865],"properties":{"tmc":"101+07352"}},{"type":"LineString","arcs":[866],"properties":{"tmc":"101-06888"}},{"type":"LineString","arcs":[867],"properties":{"tmc":"101+06829"}},{"type":"LineString","arcs":[868],"properties":{"tmc":"101-07793"}},{"type":"LineString","arcs":[869],"properties":{"tmc":"101N50157"}},{"type":"LineString","arcs":[870],"properties":{"tmc":"101P07799"}},{"type":"LineString","arcs":[871],"properties":{"tmc":"101P04159"}},{"type":"LineString","arcs":[872],"properties":{"tmc":"101P04168"}},{"type":"LineString","arcs":[873],"properties":{"tmc":"101P04640"}},{"type":"LineString","arcs":[874],"properties":{"tmc":"101-10666"}},{"type":"LineString","arcs":[875],"properties":{"tmc":"101+05367"}},{"type":"LineString","arcs":[876],"properties":{"tmc":"101+11302"}},{"type":"LineString","arcs":[877],"properties":{"tmc":"101P04311"}},{"type":"LineString","arcs":[878],"properties":{"tmc":"101-06825"}},{"type":"LineString","arcs":[879],"properties":{"tmc":"101N07358"}},{"type":"LineString","arcs":[880],"properties":{"tmc":"101P07401"}},{"type":"LineString","arcs":[881],"properties":{"tmc":"101+07357"}},{"type":"LineString","arcs":[882],"properties":{"tmc":"101-10797"}},{"type":"LineString","arcs":[883],"properties":{"tmc":"101+04152"}},{"type":"LineString","arcs":[884],"properties":{"tmc":"101N04289"}},{"type":"LineString","arcs":[885],"properties":{"tmc":"101-12962"}},{"type":"LineString","arcs":[886],"properties":{"tmc":"101N04186"}},{"type":"LineString","arcs":[887],"properties":{"tmc":"101-12964"}},{"type":"LineString","arcs":[888],"properties":{"tmc":"101N04192"}},{"type":"LineString","arcs":[889],"properties":{"tmc":"101-05424"}},{"type":"LineString","arcs":[890],"properties":{"tmc":"101-54018"}},{"type":"LineString","arcs":[891],"properties":{"tmc":"101+13800"}},{"type":"LineString","arcs":[892],"properties":{"tmc":"101N05596"}},{"type":"LineString","arcs":[893],"properties":{"tmc":"101-13728"}},{"type":"LineString","arcs":[894],"properties":{"tmc":"101-04188"}},{"type":"LineString","arcs":[895],"properties":{"tmc":"101-11712"}},{"type":"LineString","arcs":[896],"properties":{"tmc":"101-55004"}},{"type":"LineString","arcs":[897],"properties":{"tmc":"101N04290"}},{"type":"LineString","arcs":[898],"properties":{"tmc":"101+04947"}},{"type":"LineString","arcs":[899],"properties":{"tmc":"101N04319"}},{"type":"LineString","arcs":[900],"properties":{"tmc":"101N04161"}},{"type":"LineString","arcs":[901],"properties":{"tmc":"101N05578"}},{"type":"LineString","arcs":[902],"properties":{"tmc":"101-07146"}},{"type":"LineString","arcs":[903],"properties":{"tmc":"101+04191"}},{"type":"LineString","arcs":[904],"properties":{"tmc":"101-04842"}},{"type":"LineString","arcs":[905],"properties":{"tmc":"101-06887"}},{"type":"LineString","arcs":[906],"properties":{"tmc":"101-10931"}},{"type":"LineString","arcs":[907],"properties":{"tmc":"101N04163"}},{"type":"LineString","arcs":[908],"properties":{"tmc":"101P04942"}},{"type":"LineString","arcs":[909],"properties":{"tmc":"101N04168"}},{"type":"LineString","arcs":[910],"properties":{"tmc":"101N07352"}},{"type":"LineString","arcs":[911],"properties":{"tmc":"101N04251"}},{"type":"LineString","arcs":[912],"properties":{"tmc":"101N04150"}},{"type":"LineString","arcs":[913],"properties":{"tmc":"101-04840"}},{"type":"LineString","arcs":[914],"properties":{"tmc":"101N05640"}},{"type":"LineString","arcs":[915],"properties":{"tmc":"101+07351"}},{"type":"LineString","arcs":[916],"properties":{"tmc":"101N04252"}},{"type":"LineString","arcs":[917],"properties":{"tmc":"101N05369"}},{"type":"LineString","arcs":[918],"properties":{"tmc":"101P04149"}},{"type":"LineString","arcs":[919],"properties":{"tmc":"101-04841"}},{"type":"LineString","arcs":[920],"properties":{"tmc":"101+06953"}},{"type":"LineString","arcs":[921],"properties":{"tmc":"101P04216"}},{"type":"LineString","arcs":[922],"properties":{"tmc":"101P04177"}},{"type":"LineString","arcs":[923],"properties":{"tmc":"101P04178"}},{"type":"LineString","arcs":[924],"properties":{"tmc":"101P04312"}},{"type":"LineString","arcs":[925],"properties":{"tmc":"101P04327"}},{"type":"LineString","arcs":[926],"properties":{"tmc":"101P06890"}},{"type":"LineString","arcs":[927],"properties":{"tmc":"101+05325"}},{"type":"LineString","arcs":[928],"properties":{"tmc":"101+04843"}},{"type":"LineString","arcs":[929],"properties":{"tmc":"101+05359"}},{"type":"LineString","arcs":[930],"properties":{"tmc":"101P05148"}},{"type":"LineString","arcs":[931],"properties":{"tmc":"101P04183"}},{"type":"LineString","arcs":[932],"properties":{"tmc":"101P04137"}},{"type":"LineString","arcs":[933],"properties":{"tmc":"101-13727"}},{"type":"LineString","arcs":[934],"properties":{"tmc":"101+05187"}},{"type":"LineString","arcs":[935],"properties":{"tmc":"101P05151"}},{"type":"LineString","arcs":[936],"properties":{"tmc":"101+05175"}},{"type":"LineString","arcs":[937],"properties":{"tmc":"101+05296"}},{"type":"LineString","arcs":[938],"properties":{"tmc":"101+05188"}},{"type":"LineString","arcs":[939],"properties":{"tmc":"101P05269"}},{"type":"LineString","arcs":[940],"properties":{"tmc":"101+05190"}},{"type":"LineString","arcs":[941],"properties":{"tmc":"101N07105"}},{"type":"LineString","arcs":[942],"properties":{"tmc":"101+11301"}},{"type":"LineString","arcs":[943],"properties":{"tmc":"101P04145"}},{"type":"LineString","arcs":[944],"properties":{"tmc":"101P04187"}},{"type":"LineString","arcs":[945],"properties":{"tmc":"101+06858"}},{"type":"LineString","arcs":[946],"properties":{"tmc":"101P05300"}},{"type":"LineString","arcs":[947],"properties":{"tmc":"101P05106"}},{"type":"LineString","arcs":[948],"properties":{"tmc":"101+05192"}},{"type":"LineString","arcs":[949],"properties":{"tmc":"101+05161"}},{"type":"LineString","arcs":[950],"properties":{"tmc":"101+04569"}},{"type":"LineString","arcs":[951],"properties":{"tmc":"101+05151"}},{"type":"LineString","arcs":[952],"properties":{"tmc":"101+04568"}},{"type":"LineString","arcs":[953],"properties":{"tmc":"101+11329"}},{"type":"LineString","arcs":[954],"properties":{"tmc":"101+15687"}},{"type":"LineString","arcs":[955],"properties":{"tmc":"101N04636"}},{"type":"LineString","arcs":[956],"properties":{"tmc":"101N04942"}},{"type":"LineString","arcs":[957],"properties":{"tmc":"101-05188"}},{"type":"LineString","arcs":[958],"properties":{"tmc":"101-04566"}},{"type":"LineString","arcs":[959],"properties":{"tmc":"101+13727"}},{"type":"LineString","arcs":[960],"properties":{"tmc":"101P12963"}},{"type":"LineString","arcs":[961],"properties":{"tmc":"101+05101"}},{"type":"LineString","arcs":[962],"properties":{"tmc":"101+04279"}},{"type":"LineString","arcs":[963],"properties":{"tmc":"101+05262"}},{"type":"LineString","arcs":[964],"properties":{"tmc":"101+13981"}},{"type":"LineString","arcs":[965],"properties":{"tmc":"101-04942"}},{"type":"LineString","arcs":[966],"properties":{"tmc":"101+05261"}},{"type":"LineString","arcs":[967],"properties":{"tmc":"101+06900"}},{"type":"LineString","arcs":[968],"properties":{"tmc":"101+04257"}},{"type":"LineString","arcs":[969],"properties":{"tmc":"101+04127"}},{"type":"LineString","arcs":[970],"properties":{"tmc":"101+04258"}},{"type":"LineString","arcs":[971],"properties":{"tmc":"101+04135"}},{"type":"LineString","arcs":[972],"properties":{"tmc":"101+04267"}},{"type":"LineString","arcs":[973],"properties":{"tmc":"101+13801"}},{"type":"LineString","arcs":[974],"properties":{"tmc":"101P05194"}},{"type":"LineString","arcs":[975],"properties":{"tmc":"101+04280"}},{"type":"LineString","arcs":[976],"properties":{"tmc":"101+04241"}},{"type":"LineString","arcs":[977],"properties":{"tmc":"101+04175"}},{"type":"LineString","arcs":[978],"properties":{"tmc":"101+04300"}},{"type":"LineString","arcs":[979],"properties":{"tmc":"101+04242"}},{"type":"LineString","arcs":[980],"properties":{"tmc":"101-04944"}},{"type":"LineString","arcs":[981],"properties":{"tmc":"101-07352"}},{"type":"LineString","arcs":[982],"properties":{"tmc":"101N05585"}},{"type":"LineString","arcs":[983],"properties":{"tmc":"101+05447"}},{"type":"LineString","arcs":[984],"properties":{"tmc":"101+05264"}},{"type":"LineString","arcs":[985],"properties":{"tmc":"101+04281"}},{"type":"LineString","arcs":[986],"properties":{"tmc":"101+04282"}},{"type":"LineString","arcs":[987],"properties":{"tmc":"101+05310"}},{"type":"LineString","arcs":[988],"properties":{"tmc":"101+05319"}},{"type":"LineString","arcs":[989],"properties":{"tmc":"101P04161"}},{"type":"LineString","arcs":[990],"properties":{"tmc":"101-07353"}},{"type":"LineString","arcs":[991],"properties":{"tmc":"101+05364"}},{"type":"LineString","arcs":[992],"properties":{"tmc":"101+04203"}},{"type":"LineString","arcs":[993],"properties":{"tmc":"101+05273"}},{"type":"LineString","arcs":[994],"properties":{"tmc":"101+04220"}},{"type":"LineString","arcs":[995],"properties":{"tmc":"101+04221"}},{"type":"LineString","arcs":[996],"properties":{"tmc":"101+04245"}},{"type":"LineString","arcs":[997],"properties":{"tmc":"101+05643"}},{"type":"LineString","arcs":[998],"properties":{"tmc":"101+05644"}},{"type":"LineString","arcs":[999],"properties":{"tmc":"101+05645"}},{"type":"LineString","arcs":[1000],"properties":{"tmc":"101P04162"}},{"type":"LineString","arcs":[1001],"properties":{"tmc":"101P04167"}},{"type":"LineString","arcs":[1002],"properties":{"tmc":"101-04946"}},{"type":"LineString","arcs":[1003],"properties":{"tmc":"101+10666"}},{"type":"LineString","arcs":[1004],"properties":{"tmc":"101+04278"}},{"type":"LineString","arcs":[1005],"properties":{"tmc":"101+05242"}},{"type":"LineString","arcs":[1006],"properties":{"tmc":"101+04321"}},{"type":"LineString","arcs":[1007],"properties":{"tmc":"101+05292"}},{"type":"LineString","arcs":[1008],"properties":{"tmc":"101+04322"}},{"type":"LineString","arcs":[1009],"properties":{"tmc":"101P04182"}},{"type":"LineString","arcs":[1010],"properties":{"tmc":"101+05365"}},{"type":"LineString","arcs":[1011],"properties":{"tmc":"101N04950"}},{"type":"LineString","arcs":[1012],"properties":{"tmc":"101+10798"}},{"type":"LineString","arcs":[1013],"properties":{"tmc":"101+04636"}},{"type":"LineString","arcs":[1014],"properties":{"tmc":"101+50137"}},{"type":"LineString","arcs":[1015],"properties":{"tmc":"101+50139"}},{"type":"LineString","arcs":[1016],"properties":{"tmc":"101+05647"}},{"type":"LineString","arcs":[1017],"properties":{"tmc":"101+04299"}},{"type":"LineString","arcs":[1018],"properties":{"tmc":"101+05294"}},{"type":"LineString","arcs":[1019],"properties":{"tmc":"101+05358"}},{"type":"LineString","arcs":[1020],"properties":{"tmc":"101+05432"}},{"type":"LineString","arcs":[1021],"properties":{"tmc":"101P04128"}},{"type":"LineString","arcs":[1022],"properties":{"tmc":"101+05646"}},{"type":"LineString","arcs":[1023],"properties":{"tmc":"101P04244"}},{"type":"LineString","arcs":[1024],"properties":{"tmc":"101P10974"}},{"type":"LineString","arcs":[1025],"properties":{"tmc":"101P05192"}},{"type":"LineString","arcs":[1026],"properties":{"tmc":"101+06901"}},{"type":"LineString","arcs":[1027],"properties":{"tmc":"101+06905"}},{"type":"LineString","arcs":[1028],"properties":{"tmc":"101P04564"}},{"type":"LineString","arcs":[1029],"properties":{"tmc":"101+06902"}},{"type":"LineString","arcs":[1030],"properties":{"tmc":"101+06903"}},{"type":"LineString","arcs":[1031],"properties":{"tmc":"101P04320"}},{"type":"LineString","arcs":[1032],"properties":{"tmc":"101+12965"}},{"type":"LineString","arcs":[1033],"properties":{"tmc":"101P04322"}},{"type":"LineString","arcs":[1034],"properties":{"tmc":"101+11712"}},{"type":"LineString","arcs":[1035],"properties":{"tmc":"101P04274"}},{"type":"LineString","arcs":[1036],"properties":{"tmc":"101+07087"}},{"type":"LineString","arcs":[1037],"properties":{"tmc":"101+07089"}},{"type":"LineString","arcs":[1038],"properties":{"tmc":"101+07093"}},{"type":"LineString","arcs":[1039],"properties":{"tmc":"101+04217"}},{"type":"LineString","arcs":[1040],"properties":{"tmc":"101+04218"}},{"type":"LineString","arcs":[1041],"properties":{"tmc":"101P05211"}},{"type":"LineString","arcs":[1042],"properties":{"tmc":"101-06966"}},{"type":"LineString","arcs":[1043],"properties":{"tmc":"101+06904"}},{"type":"LineString","arcs":[1044],"properties":{"tmc":"101+07135"}},{"type":"LineString","arcs":[1045],"properties":{"tmc":"101+05295"}},{"type":"LineString","arcs":[1046],"properties":{"tmc":"101-06830"}},{"type":"LineString","arcs":[1047],"properties":{"tmc":"101P07086"}},{"type":"LineString","arcs":[1048],"properties":{"tmc":"101P06830"}},{"type":"LineString","arcs":[1049],"properties":{"tmc":"101+05323"}},{"type":"LineString","arcs":[1050],"properties":{"tmc":"101-04538"}},{"type":"LineString","arcs":[1051],"properties":{"tmc":"101+10797"}},{"type":"LineString","arcs":[1052],"properties":{"tmc":"101-06901"}},{"type":"LineString","arcs":[1053],"properties":{"tmc":"101-50121"}},{"type":"LineString","arcs":[1054],"properties":{"tmc":"101+12966"}},{"type":"LineString","arcs":[1055],"properties":{"tmc":"101P04276"}},{"type":"LineString","arcs":[1056],"properties":{"tmc":"101P04235"}},{"type":"LineString","arcs":[1057],"properties":{"tmc":"101P04236"}},{"type":"LineString","arcs":[1058],"properties":{"tmc":"101+05324"}},{"type":"LineString","arcs":[1059],"properties":{"tmc":"101N04297"}},{"type":"LineString","arcs":[1060],"properties":{"tmc":"101+05357"}},{"type":"LineString","arcs":[1061],"properties":{"tmc":"101-06831"}},{"type":"LineString","arcs":[1062],"properties":{"tmc":"101+05439"}},{"type":"LineString","arcs":[1063],"properties":{"tmc":"101P04339"}},{"type":"LineString","arcs":[1064],"properties":{"tmc":"101-04102"}},{"type":"LineString","arcs":[1065],"properties":{"tmc":"101N10663"}},{"type":"LineString","arcs":[1066],"properties":{"tmc":"101-04103"}},{"type":"LineString","arcs":[1067],"properties":{"tmc":"101P04289"}},{"type":"LineString","arcs":[1068],"properties":{"tmc":"101-04348"}},{"type":"LineString","arcs":[1069],"properties":{"tmc":"101P04196"}},{"type":"LineString","arcs":[1070],"properties":{"tmc":"101P04208"}},{"type":"LineString","arcs":[1071],"properties":{"tmc":"101P11712"}},{"type":"LineString","arcs":[1072],"properties":{"tmc":"101P04209"}},{"type":"LineString","arcs":[1073],"properties":{"tmc":"101N07088"}},{"type":"LineString","arcs":[1074],"properties":{"tmc":"101+05642"}},{"type":"LineString","arcs":[1075],"properties":{"tmc":"101N07092"}},{"type":"LineString","arcs":[1076],"properties":{"tmc":"101+07106"}},{"type":"LineString","arcs":[1077],"properties":{"tmc":"101N07094"}},{"type":"LineString","arcs":[1078],"properties":{"tmc":"101P04317"}},{"type":"LineString","arcs":[1079],"properties":{"tmc":"101P04293"}},{"type":"LineString","arcs":[1080],"properties":{"tmc":"101-04351"}},{"type":"LineString","arcs":[1081],"properties":{"tmc":"101P04330"}},{"type":"LineString","arcs":[1082],"properties":{"tmc":"101-04347"}},{"type":"LineString","arcs":[1083],"properties":{"tmc":"101P07105"}},{"type":"LineString","arcs":[1084],"properties":{"tmc":"101P04112"}},{"type":"LineString","arcs":[1085],"properties":{"tmc":"101P04127"}},{"type":"LineString","arcs":[1086],"properties":{"tmc":"101N06920"}},{"type":"LineString","arcs":[1087],"properties":{"tmc":"101N05380"}},{"type":"LineString","arcs":[1088],"properties":{"tmc":"101N05149"}},{"type":"LineString","arcs":[1089],"properties":{"tmc":"101+05609"}},{"type":"LineString","arcs":[1090],"properties":{"tmc":"101N05241"}},{"type":"LineString","arcs":[1091],"properties":{"tmc":"101P06900"}},{"type":"LineString","arcs":[1092],"properties":{"tmc":"101N05261"}},{"type":"LineString","arcs":[1093],"properties":{"tmc":"101P04341"}},{"type":"LineString","arcs":[1094],"properties":{"tmc":"101-04349"}},{"type":"LineString","arcs":[1095],"properties":{"tmc":"101P04342"}},{"type":"LineString","arcs":[1096],"properties":{"tmc":"101P04288"}},{"type":"LineString","arcs":[1097],"properties":{"tmc":"101P05191"}},{"type":"LineString","arcs":[1098],"properties":{"tmc":"101P05433"}},{"type":"LineString","arcs":[1099],"properties":{"tmc":"101N05298"}},{"type":"LineString","arcs":[1100],"properties":{"tmc":"101P07091"}},{"type":"LineString","arcs":[1101],"properties":{"tmc":"101P07092"}},{"type":"LineString","arcs":[1102],"properties":{"tmc":"101P05578"}},{"type":"LineString","arcs":[1103],"properties":{"tmc":"101N05265"}},{"type":"LineString","arcs":[1104],"properties":{"tmc":"101P05434"}},{"type":"LineString","arcs":[1105],"properties":{"tmc":"101P05367"}},{"type":"LineString","arcs":[1106],"properties":{"tmc":"101P05307"}},{"type":"LineString","arcs":[1107],"properties":{"tmc":"101+04150"}},{"type":"LineString","arcs":[1108],"properties":{"tmc":"101P05308"}},{"type":"LineString","arcs":[1109],"properties":{"tmc":"101+07819"}},{"type":"LineString","arcs":[1110],"properties":{"tmc":"101P20141"}},{"type":"LineString","arcs":[1111],"properties":{"tmc":"101P05608"}},{"type":"LineString","arcs":[1112],"properties":{"tmc":"101P04257"}},{"type":"LineString","arcs":[1113],"properties":{"tmc":"101P13802"}},{"type":"LineString","arcs":[1114],"properties":{"tmc":"101+04107"}},{"type":"LineString","arcs":[1115],"properties":{"tmc":"101+04108"}},{"type":"LineString","arcs":[1116],"properties":{"tmc":"101+04102"}},{"type":"LineString","arcs":[1117],"properties":{"tmc":"101P05353"}},{"type":"LineString","arcs":[1118],"properties":{"tmc":"101P04300"}},{"type":"LineString","arcs":[1119],"properties":{"tmc":"101+05610"}},{"type":"LineString","arcs":[1120],"properties":{"tmc":"101N10948"}},{"type":"LineString","arcs":[1121],"properties":{"tmc":"101N05669"}},{"type":"LineString","arcs":[1122],"properties":{"tmc":"101+20137"}},{"type":"LineString","arcs":[1123],"properties":{"tmc":"101P11327"}},{"type":"LineString","arcs":[1124],"properties":{"tmc":"101P04106"}},{"type":"LineString","arcs":[1125],"properties":{"tmc":"101P11328"}},{"type":"LineString","arcs":[1126],"properties":{"tmc":"101P06905"}},{"type":"LineString","arcs":[1127],"properties":{"tmc":"101P04273"}},{"type":"LineString","arcs":[1128],"properties":{"tmc":"101N06886"}},{"type":"LineString","arcs":[1129],"properties":{"tmc":"101P04124"}},{"type":"LineString","arcs":[1130],"properties":{"tmc":"101+20138"}},{"type":"LineString","arcs":[1131],"properties":{"tmc":"101P04280"}},{"type":"LineString","arcs":[1132],"properties":{"tmc":"101P04259"}},{"type":"LineString","arcs":[1133],"properties":{"tmc":"101N06969"}},{"type":"LineString","arcs":[1134],"properties":{"tmc":"101N04105"}},{"type":"LineString","arcs":[1135],"properties":{"tmc":"101P04250"}},{"type":"LineString","arcs":[1136],"properties":{"tmc":"101N04109"}},{"type":"LineString","arcs":[1137],"properties":{"tmc":"101P05205"}},{"type":"LineString","arcs":[1138],"properties":{"tmc":"101P20338"}},{"type":"LineString","arcs":[1139],"properties":{"tmc":"101+05596"}},{"type":"LineString","arcs":[1140],"properties":{"tmc":"101N04838"}},{"type":"LineString","arcs":[1141],"properties":{"tmc":"101+05648"}},{"type":"LineString","arcs":[1142],"properties":{"tmc":"101-07401"}},{"type":"LineString","arcs":[1143],"properties":{"tmc":"101P04265"}},{"type":"LineString","arcs":[1144],"properties":{"tmc":"101P05261"}},{"type":"LineString","arcs":[1145],"properties":{"tmc":"101-12758"}},{"type":"LineString","arcs":[1146],"properties":{"tmc":"101P04266"}},{"type":"LineString","arcs":[1147],"properties":{"tmc":"101-12791"}},{"type":"LineString","arcs":[1148],"properties":{"tmc":"101-13797"}},{"type":"LineString","arcs":[1149],"properties":{"tmc":"101+05576"}},{"type":"LineString","arcs":[1150],"properties":{"tmc":"101+05577"}},{"type":"LineString","arcs":[1151],"properties":{"tmc":"101+05597"}},{"type":"LineString","arcs":[1152],"properties":{"tmc":"101+05431"}},{"type":"LineString","arcs":[1153],"properties":{"tmc":"101N13157"}},{"type":"LineString","arcs":[1154],"properties":{"tmc":"101P13023"}},{"type":"LineString","arcs":[1155],"properties":{"tmc":"101N04348"}},{"type":"LineString","arcs":[1156],"properties":{"tmc":"101-04307"}},{"type":"LineString","arcs":[1157],"properties":{"tmc":"101P07207"}},{"type":"LineString","arcs":[1158],"properties":{"tmc":"101-04179"}},{"type":"LineString","arcs":[1159],"properties":{"tmc":"101-04198"}},{"type":"LineString","arcs":[1160],"properties":{"tmc":"101P07210"}},{"type":"LineString","arcs":[1161],"properties":{"tmc":"101-04130"}},{"type":"LineString","arcs":[1162],"properties":{"tmc":"101-04132"}},{"type":"LineString","arcs":[1163],"properties":{"tmc":"101P04241"}},{"type":"LineString","arcs":[1164],"properties":{"tmc":"101-13801"}},{"type":"LineString","arcs":[1165],"properties":{"tmc":"101P04242"}},{"type":"LineString","arcs":[1166],"properties":{"tmc":"101P07081"}},{"type":"LineString","arcs":[1167],"properties":{"tmc":"101P05290"}},{"type":"LineString","arcs":[1168],"properties":{"tmc":"101+04310"}},{"type":"LineString","arcs":[1169],"properties":{"tmc":"101+04327"}},{"type":"LineString","arcs":[1170],"properties":{"tmc":"101+05409"}},{"type":"LineString","arcs":[1171],"properties":{"tmc":"101N04349"}},{"type":"LineString","arcs":[1172],"properties":{"tmc":"101N04337"}},{"type":"LineString","arcs":[1173],"properties":{"tmc":"101P20339"}},{"type":"LineString","arcs":[1174],"properties":{"tmc":"101N05584"}},{"type":"LineString","arcs":[1175],"properties":{"tmc":"101N06971"}},{"type":"LineString","arcs":[1176],"properties":{"tmc":"101N05211"}},{"type":"LineString","arcs":[1177],"properties":{"tmc":"101-05575"}},{"type":"LineString","arcs":[1178],"properties":{"tmc":"101+04650"}},{"type":"LineString","arcs":[1179],"properties":{"tmc":"101-05576"}},{"type":"LineString","arcs":[1180],"properties":{"tmc":"101P05268"}},{"type":"LineString","arcs":[1181],"properties":{"tmc":"101-05357"}},{"type":"LineString","arcs":[1182],"properties":{"tmc":"101+07081"}},{"type":"LineString","arcs":[1183],"properties":{"tmc":"101+07088"}},{"type":"LineString","arcs":[1184],"properties":{"tmc":"101N20140"}},{"type":"LineString","arcs":[1185],"properties":{"tmc":"101+05411"}},{"type":"LineString","arcs":[1186],"properties":{"tmc":"101P12792"}},{"type":"LineString","arcs":[1187],"properties":{"tmc":"101+05366"}},{"type":"LineString","arcs":[1188],"properties":{"tmc":"101-05661"}},{"type":"LineString","arcs":[1189],"properties":{"tmc":"101-10976"}},{"type":"LineString","arcs":[1190],"properties":{"tmc":"101N04347"}},{"type":"LineString","arcs":[1191],"properties":{"tmc":"101-05577"}},{"type":"LineString","arcs":[1192],"properties":{"tmc":"101+04140"}},{"type":"LineString","arcs":[1193],"properties":{"tmc":"101-05596"}},{"type":"LineString","arcs":[1194],"properties":{"tmc":"101+05318"}},{"type":"LineString","arcs":[1195],"properties":{"tmc":"101-07405"}},{"type":"LineString","arcs":[1196],"properties":{"tmc":"101+05205"}},{"type":"LineString","arcs":[1197],"properties":{"tmc":"101P50121"}},{"type":"LineString","arcs":[1198],"properties":{"tmc":"101+04185"}},{"type":"LineString","arcs":[1199],"properties":{"tmc":"101P50130"}},{"type":"LineString","arcs":[1200],"properties":{"tmc":"101+05422"}},{"type":"LineString","arcs":[1201],"properties":{"tmc":"101+04311"}},{"type":"LineString","arcs":[1202],"properties":{"tmc":"101+05374"}},{"type":"LineString","arcs":[1203],"properties":{"tmc":"101+05206"}},{"type":"LineString","arcs":[1204],"properties":{"tmc":"101-50130"}},{"type":"LineString","arcs":[1205],"properties":{"tmc":"101+05375"}},{"type":"LineString","arcs":[1206],"properties":{"tmc":"101+04342"}},{"type":"LineString","arcs":[1207],"properties":{"tmc":"101-13798"}},{"type":"LineString","arcs":[1208],"properties":{"tmc":"101-05642"}},{"type":"LineString","arcs":[1209],"properties":{"tmc":"101+04312"}},{"type":"LineString","arcs":[1210],"properties":{"tmc":"101N04325"}},{"type":"LineString","arcs":[1211],"properties":{"tmc":"101+04309"}},{"type":"LineString","arcs":[1212],"properties":{"tmc":"101N05646"}},{"type":"LineString","arcs":[1213],"properties":{"tmc":"101+05376"}},{"type":"LineString","arcs":[1214],"properties":{"tmc":"101+04360"}},{"type":"LineString","arcs":[1215],"properties":{"tmc":"101+04318"}},{"type":"LineString","arcs":[1216],"properties":{"tmc":"101-05269"}},{"type":"LineString","arcs":[1217],"properties":{"tmc":"101-06969"}},{"type":"LineString","arcs":[1218],"properties":{"tmc":"101P13158"}},{"type":"LineString","arcs":[1219],"properties":{"tmc":"101-04195"}},{"type":"LineString","arcs":[1220],"properties":{"tmc":"101-04203"}},{"type":"LineString","arcs":[1221],"properties":{"tmc":"101N05454"}},{"type":"LineString","arcs":[1222],"properties":{"tmc":"101N13732"}},{"type":"LineString","arcs":[1223],"properties":{"tmc":"101N05174"}},{"type":"LineString","arcs":[1224],"properties":{"tmc":"101N05196"}},{"type":"LineString","arcs":[1225],"properties":{"tmc":"101-05151"}},{"type":"LineString","arcs":[1226],"properties":{"tmc":"101-05270"}},{"type":"LineString","arcs":[1227],"properties":{"tmc":"101+04319"}},{"type":"LineString","arcs":[1228],"properties":{"tmc":"101-05277"}},{"type":"LineString","arcs":[1229],"properties":{"tmc":"101+04290"}},{"type":"LineString","arcs":[1230],"properties":{"tmc":"101N04299"}},{"type":"LineString","arcs":[1231],"properties":{"tmc":"101P04356"}},{"type":"LineString","arcs":[1232],"properties":{"tmc":"101-04206"}},{"type":"LineString","arcs":[1233],"properties":{"tmc":"101-04124"}},{"type":"LineString","arcs":[1234],"properties":{"tmc":"101-05290"}},{"type":"LineString","arcs":[1235],"properties":{"tmc":"101+04292"}},{"type":"LineString","arcs":[1236],"properties":{"tmc":"101N04305"}},{"type":"LineString","arcs":[1237],"properties":{"tmc":"101-05158"}},{"type":"LineString","arcs":[1238],"properties":{"tmc":"101+04250"}},{"type":"LineString","arcs":[1239],"properties":{"tmc":"101N04273"}},{"type":"LineString","arcs":[1240],"properties":{"tmc":"101-05107"}},{"type":"LineString","arcs":[1241],"properties":{"tmc":"101+05317"}},{"type":"LineString","arcs":[1242],"properties":{"tmc":"101N05436"}},{"type":"LineString","arcs":[1243],"properties":{"tmc":"101+04116"}},{"type":"LineString","arcs":[1244],"properties":{"tmc":"101+04128"}},{"type":"LineString","arcs":[1245],"properties":{"tmc":"101+04122"}},{"type":"LineString","arcs":[1246],"properties":{"tmc":"101+04133"}},{"type":"LineString","arcs":[1247],"properties":{"tmc":"101+06968"}},{"type":"LineString","arcs":[1248],"properties":{"tmc":"101P04347"}},{"type":"LineString","arcs":[1249],"properties":{"tmc":"101-05295"}},{"type":"LineString","arcs":[1250],"properties":{"tmc":"101+05217"}},{"type":"LineString","arcs":[1251],"properties":{"tmc":"101-04255"}},{"type":"LineString","arcs":[1252],"properties":{"tmc":"101+04341"}},{"type":"LineString","arcs":[1253],"properties":{"tmc":"101-04295"}},{"type":"LineString","arcs":[1254],"properties":{"tmc":"101+04111"}},{"type":"LineString","arcs":[1255],"properties":{"tmc":"101-04222"}},{"type":"LineString","arcs":[1256],"properties":{"tmc":"101-05192"}},{"type":"LineString","arcs":[1257],"properties":{"tmc":"101+04534"}},{"type":"LineString","arcs":[1258],"properties":{"tmc":"101+04535"}},{"type":"LineString","arcs":[1259],"properties":{"tmc":"101+04536"}},{"type":"LineString","arcs":[1260],"properties":{"tmc":"101N04200"}},{"type":"LineString","arcs":[1261],"properties":{"tmc":"101-05370"}},{"type":"LineString","arcs":[1262],"properties":{"tmc":"101+04289"}},{"type":"LineString","arcs":[1263],"properties":{"tmc":"101-05439"}},{"type":"LineString","arcs":[1264],"properties":{"tmc":"101-05241"}},{"type":"LineString","arcs":[1265],"properties":{"tmc":"101N05433"}},{"type":"LineString","arcs":[1266],"properties":{"tmc":"101-04242"}},{"type":"LineString","arcs":[1267],"properties":{"tmc":"101+05312"}},{"type":"LineString","arcs":[1268],"properties":{"tmc":"101-04264"}},{"type":"LineString","arcs":[1269],"properties":{"tmc":"101+04219"}},{"type":"LineString","arcs":[1270],"properties":{"tmc":"101+04246"}},{"type":"LineString","arcs":[1271],"properties":{"tmc":"101+04174"}},{"type":"LineString","arcs":[1272],"properties":{"tmc":"101-04280"}},{"type":"LineString","arcs":[1273],"properties":{"tmc":"101-05099"}},{"type":"LineString","arcs":[1274],"properties":{"tmc":"101+06971"}},{"type":"LineString","arcs":[1275],"properties":{"tmc":"101P10967"}},{"type":"LineString","arcs":[1276],"properties":{"tmc":"101N10967"}},{"type":"LineString","arcs":[1277],"properties":{"tmc":"101N05597"}},{"type":"LineString","arcs":[1278],"properties":{"tmc":"101-20138"}},{"type":"LineString","arcs":[1279],"properties":{"tmc":"101N13023"}},{"type":"LineString","arcs":[1280],"properties":{"tmc":"101N05161"}},{"type":"LineString","arcs":[1281],"properties":{"tmc":"101N05608"}},{"type":"LineString","arcs":[1282],"properties":{"tmc":"101-04161"}},{"type":"LineString","arcs":[1283],"properties":{"tmc":"101+04179"}},{"type":"LineString","arcs":[1284],"properties":{"tmc":"101+04199"}},{"type":"LineString","arcs":[1285],"properties":{"tmc":"101+04210"}},{"type":"LineString","arcs":[1286],"properties":{"tmc":"101-10964"}},{"type":"LineString","arcs":[1287],"properties":{"tmc":"101-10966"}},{"type":"LineString","arcs":[1288],"properties":{"tmc":"101N04263"}},{"type":"LineString","arcs":[1289],"properties":{"tmc":"101N05610"}},{"type":"LineString","arcs":[1290],"properties":{"tmc":"101-04329"}},{"type":"LineString","arcs":[1291],"properties":{"tmc":"101N04259"}},{"type":"LineString","arcs":[1292],"properties":{"tmc":"101N04281"}},{"type":"LineString","arcs":[1293],"properties":{"tmc":"101N05290"}},{"type":"LineString","arcs":[1294],"properties":{"tmc":"101N04197"}},{"type":"LineString","arcs":[1295],"properties":{"tmc":"101N05292"}},{"type":"LineString","arcs":[1296],"properties":{"tmc":"101P04534"}},{"type":"LineString","arcs":[1297],"properties":{"tmc":"101P04535"}},{"type":"LineString","arcs":[1298],"properties":{"tmc":"101-10972"}},{"type":"LineString","arcs":[1299],"properties":{"tmc":"101+10966"}},{"type":"LineString","arcs":[1300],"properties":{"tmc":"101+10970"}},{"type":"LineString","arcs":[1301],"properties":{"tmc":"101P04201"}},{"type":"LineString","arcs":[1302],"properties":{"tmc":"101+10974"}},{"type":"LineString","arcs":[1303],"properties":{"tmc":"101-05305"}},{"type":"LineString","arcs":[1304],"properties":{"tmc":"101N05322"}},{"type":"LineString","arcs":[1305],"properties":{"tmc":"101N04121"}},{"type":"LineString","arcs":[1306],"properties":{"tmc":"101N05163"}},{"type":"LineString","arcs":[1307],"properties":{"tmc":"101N04123"}},{"type":"LineString","arcs":[1308],"properties":{"tmc":"101N05269"}},{"type":"LineString","arcs":[1309],"properties":{"tmc":"101N04136"}},{"type":"LineString","arcs":[1310],"properties":{"tmc":"101N04304"}},{"type":"LineString","arcs":[1311],"properties":{"tmc":"101N05106"}},{"type":"LineString","arcs":[1312],"properties":{"tmc":"101N04306"}},{"type":"LineString","arcs":[1313],"properties":{"tmc":"101P20949"}},{"type":"LineString","arcs":[1314],"properties":{"tmc":"101+10965"}},{"type":"LineString","arcs":[1315],"properties":{"tmc":"101-05189"}},{"type":"LineString","arcs":[1316],"properties":{"tmc":"101-05194"}},{"type":"LineString","arcs":[1317],"properties":{"tmc":"101+20339"}},{"type":"LineString","arcs":[1318],"properties":{"tmc":"101+04541"}},{"type":"LineString","arcs":[1319],"properties":{"tmc":"101N04321"}},{"type":"LineString","arcs":[1320],"properties":{"tmc":"101P05298"}},{"type":"LineString","arcs":[1321],"properties":{"tmc":"101N04236"}},{"type":"LineString","arcs":[1322],"properties":{"tmc":"101P05374"}},{"type":"LineString","arcs":[1323],"properties":{"tmc":"101N04111"}},{"type":"LineString","arcs":[1324],"properties":{"tmc":"101P07094"}},{"type":"LineString","arcs":[1325],"properties":{"tmc":"101N04113"}},{"type":"LineString","arcs":[1326],"properties":{"tmc":"101P04281"}},{"type":"LineString","arcs":[1327],"properties":{"tmc":"101N04217"}},{"type":"LineString","arcs":[1328],"properties":{"tmc":"101N04179"}},{"type":"LineString","arcs":[1329],"properties":{"tmc":"101-05430"}},{"type":"LineString","arcs":[1330],"properties":{"tmc":"101-04221"}},{"type":"LineString","arcs":[1331],"properties":{"tmc":"101-05263"}},{"type":"LineString","arcs":[1332],"properties":{"tmc":"101-05309"}},{"type":"LineString","arcs":[1333],"properties":{"tmc":"101-05310"}},{"type":"LineString","arcs":[1334],"properties":{"tmc":"101-05324"}},{"type":"LineString","arcs":[1335],"properties":{"tmc":"101+10973"}},{"type":"LineString","arcs":[1336],"properties":{"tmc":"101+04359"}},{"type":"LineString","arcs":[1337],"properties":{"tmc":"101+04347"}},{"type":"LineString","arcs":[1338],"properties":{"tmc":"101+04346"}},{"type":"LineString","arcs":[1339],"properties":{"tmc":"101-20093"}},{"type":"LineString","arcs":[1340],"properties":{"tmc":"101P04258"}},{"type":"LineString","arcs":[1341],"properties":{"tmc":"101P04264"}},{"type":"LineString","arcs":[1342],"properties":{"tmc":"101-20137"}},{"type":"LineString","arcs":[1343],"properties":{"tmc":"101P04355"}},{"type":"LineString","arcs":[1344],"properties":{"tmc":"101-04346"}},{"type":"LineString","arcs":[1345],"properties":{"tmc":"101P10839"}},{"type":"LineString","arcs":[1346],"properties":{"tmc":"101P10841"}},{"type":"LineString","arcs":[1347],"properties":{"tmc":"101-04306"}},{"type":"LineString","arcs":[1348],"properties":{"tmc":"101-04175"}},{"type":"LineString","arcs":[1349],"properties":{"tmc":"101N06965"}},{"type":"LineString","arcs":[1350],"properties":{"tmc":"101P04635"}},{"type":"LineString","arcs":[1351],"properties":{"tmc":"101P06971"}},{"type":"LineString","arcs":[1352],"properties":{"tmc":"101P04543"}},{"type":"LineString","arcs":[1353],"properties":{"tmc":"101-20139"}},{"type":"LineString","arcs":[1354],"properties":{"tmc":"101N04280"}},{"type":"LineString","arcs":[1355],"properties":{"tmc":"101N04243"}},{"type":"LineString","arcs":[1356],"properties":{"tmc":"101N06905"}},{"type":"LineString","arcs":[1357],"properties":{"tmc":"101-04199"}},{"type":"LineString","arcs":[1358],"properties":{"tmc":"101-04202"}},{"type":"LineString","arcs":[1359],"properties":{"tmc":"101-04209"}},{"type":"LineString","arcs":[1360],"properties":{"tmc":"101-04131"}},{"type":"LineString","arcs":[1361],"properties":{"tmc":"101-07105"}},{"type":"LineString","arcs":[1362],"properties":{"tmc":"101-07106"}},{"type":"LineString","arcs":[1363],"properties":{"tmc":"101-06900"}},{"type":"LineString","arcs":[1364],"properties":{"tmc":"101+10840"}},{"type":"LineString","arcs":[1365],"properties":{"tmc":"101N04207"}},{"type":"LineString","arcs":[1366],"properties":{"tmc":"101N04208"}},{"type":"LineString","arcs":[1367],"properties":{"tmc":"101N04218"}},{"type":"LineString","arcs":[1368],"properties":{"tmc":"101N04118"}},{"type":"LineString","arcs":[1369],"properties":{"tmc":"101N04124"}},{"type":"LineString","arcs":[1370],"properties":{"tmc":"101N04233"}},{"type":"LineString","arcs":[1371],"properties":{"tmc":"101N04235"}},{"type":"LineString","arcs":[1372],"properties":{"tmc":"101-04562"}},{"type":"LineString","arcs":[1373],"properties":{"tmc":"101-04563"}},{"type":"LineString","arcs":[1374],"properties":{"tmc":"101-04234"}},{"type":"LineString","arcs":[1375],"properties":{"tmc":"101+10841"}},{"type":"LineString","arcs":[1376],"properties":{"tmc":"101-04246"}},{"type":"LineString","arcs":[1377],"properties":{"tmc":"101N04326"}},{"type":"LineString","arcs":[1378],"properties":{"tmc":"101N04573"}},{"type":"LineString","arcs":[1379],"properties":{"tmc":"101N05360"}},{"type":"LineString","arcs":[1380],"properties":{"tmc":"101P20613"}},{"type":"LineString","arcs":[1381],"properties":{"tmc":"101P04321"}},{"type":"LineString","arcs":[1382],"properties":{"tmc":"101P04361"}},{"type":"LineString","arcs":[1383],"properties":{"tmc":"101N05434"}},{"type":"LineString","arcs":[1384],"properties":{"tmc":"101N05455"}},{"type":"LineString","arcs":[1385],"properties":{"tmc":"101N06966"}},{"type":"LineString","arcs":[1386],"properties":{"tmc":"101P10840"}},{"type":"LineString","arcs":[1387],"properties":{"tmc":"101N07207"}},{"type":"LineString","arcs":[1388],"properties":{"tmc":"101N20613"}},{"type":"LineString","arcs":[1389],"properties":{"tmc":"101N53884"}},{"type":"LineString","arcs":[1390],"properties":{"tmc":"101P05640"}},{"type":"LineString","arcs":[1391],"properties":{"tmc":"101-04142"}},{"type":"LineString","arcs":[1392],"properties":{"tmc":"101P05597"}},{"type":"LineString","arcs":[1393],"properties":{"tmc":"101N13799"}},{"type":"LineString","arcs":[1394],"properties":{"tmc":"101P05663"}},{"type":"LineString","arcs":[1395],"properties":{"tmc":"101P53880"}},{"type":"LineString","arcs":[1396],"properties":{"tmc":"101P04271"}},{"type":"LineString","arcs":[1397],"properties":{"tmc":"101P04633"}},{"type":"LineString","arcs":[1398],"properties":{"tmc":"101P04272"}},{"type":"LineString","arcs":[1399],"properties":{"tmc":"101N04100"}},{"type":"LineString","arcs":[1400],"properties":{"tmc":"101-05446"}},{"type":"LineString","arcs":[1401],"properties":{"tmc":"101-04185"}},{"type":"LineString","arcs":[1402],"properties":{"tmc":"101+07210"}},{"type":"LineString","arcs":[1403],"properties":{"tmc":"101P04275"}},{"type":"LineString","arcs":[1404],"properties":{"tmc":"101P04220"}},{"type":"LineString","arcs":[1405],"properties":{"tmc":"101P04117"}},{"type":"LineString","arcs":[1406],"properties":{"tmc":"101-05410"}},{"type":"LineString","arcs":[1407],"properties":{"tmc":"101-05423"}},{"type":"LineString","arcs":[1408],"properties":{"tmc":"101-04312"}},{"type":"LineString","arcs":[1409],"properties":{"tmc":"101P04233"}},{"type":"LineString","arcs":[1410],"properties":{"tmc":"101-04568"}},{"type":"LineString","arcs":[1411],"properties":{"tmc":"101P04118"}},{"type":"LineString","arcs":[1412],"properties":{"tmc":"101-04571"}},{"type":"LineString","arcs":[1413],"properties":{"tmc":"101P04649"}},{"type":"LineString","arcs":[1414],"properties":{"tmc":"101P04140"}},{"type":"LineString","arcs":[1415],"properties":{"tmc":"101N04632"}},{"type":"LineString","arcs":[1416],"properties":{"tmc":"101P04121"}},{"type":"LineString","arcs":[1417],"properties":{"tmc":"101-53885"}},{"type":"LineString","arcs":[1418],"properties":{"tmc":"101-04151"}},{"type":"LineString","arcs":[1419],"properties":{"tmc":"101-05262"}},{"type":"LineString","arcs":[1420],"properties":{"tmc":"101+04647"}},{"type":"LineString","arcs":[1421],"properties":{"tmc":"101-04305"}},{"type":"LineString","arcs":[1422],"properties":{"tmc":"101P04136"}},{"type":"LineString","arcs":[1423],"properties":{"tmc":"101P04176"}},{"type":"LineString","arcs":[1424],"properties":{"tmc":"101P04200"}},{"type":"LineString","arcs":[1425],"properties":{"tmc":"101-04632"}},{"type":"LineString","arcs":[1426],"properties":{"tmc":"101-04275"}},{"type":"LineString","arcs":[1427],"properties":{"tmc":"101-05354"}},{"type":"LineString","arcs":[1428],"properties":{"tmc":"101-04634"}},{"type":"LineString","arcs":[1429],"properties":{"tmc":"101+53881"}},{"type":"LineString","arcs":[1430],"properties":{"tmc":"101+53886"}},{"type":"LineString","arcs":[1431],"properties":{"tmc":"101-05453"}},{"type":"LineString","arcs":[1432],"properties":{"tmc":"101+04648"}},{"type":"LineString","arcs":[1433],"properties":{"tmc":"101-04647"}},{"type":"LineString","arcs":[1434],"properties":{"tmc":"101-05640"}},{"type":"LineString","arcs":[1435],"properties":{"tmc":"101+04142"}},{"type":"LineString","arcs":[1436],"properties":{"tmc":"101-04309"}},{"type":"LineString","arcs":[1437],"properties":{"tmc":"101-04099"}},{"type":"LineString","arcs":[1438],"properties":{"tmc":"101+13802"}},{"type":"LineString","arcs":[1439],"properties":{"tmc":"101+10948"}},{"type":"LineString","arcs":[1440],"properties":{"tmc":"101+53880"}},{"type":"LineString","arcs":[1441],"properties":{"tmc":"101+04228"}},{"type":"LineString","arcs":[1442],"properties":{"tmc":"101P07360"}},{"type":"LineString","arcs":[1443],"properties":{"tmc":"101-04143"}},{"type":"LineString","arcs":[1444],"properties":{"tmc":"101-04150"}},{"type":"LineString","arcs":[1445],"properties":{"tmc":"101+04632"}},{"type":"LineString","arcs":[1446],"properties":{"tmc":"101N04226"}},{"type":"LineString","arcs":[1447],"properties":{"tmc":"101N04225"}},{"type":"LineString","arcs":[1448],"properties":{"tmc":"101-04650"}},{"type":"LineString","arcs":[1449],"properties":{"tmc":"101-04137"}},{"type":"LineString","arcs":[1450],"properties":{"tmc":"101-05358"}},{"type":"LineString","arcs":[1451],"properties":{"tmc":"101-04119"}},{"type":"LineString","arcs":[1452],"properties":{"tmc":"101-05436"}},{"type":"LineString","arcs":[1453],"properties":{"tmc":"101P04634"}},{"type":"LineString","arcs":[1454],"properties":{"tmc":"101+13799"}},{"type":"LineString","arcs":[1455],"properties":{"tmc":"101+13982"}},{"type":"LineString","arcs":[1456],"properties":{"tmc":"101-04178"}},{"type":"LineString","arcs":[1457],"properties":{"tmc":"101-04325"}},{"type":"LineString","arcs":[1458],"properties":{"tmc":"101-04361"}},{"type":"LineString","arcs":[1459],"properties":{"tmc":"101+50131"}},{"type":"LineString","arcs":[1460],"properties":{"tmc":"101+50122"}},{"type":"LineString","arcs":[1461],"properties":{"tmc":"101-11144"}},{"type":"LineString","arcs":[1462],"properties":{"tmc":"101-11145"}},{"type":"LineString","arcs":[1463],"properties":{"tmc":"101-11147"}},{"type":"LineString","arcs":[1464],"properties":{"tmc":"101+20613"}},{"type":"LineString","arcs":[1465],"properties":{"tmc":"101-06903"}},{"type":"LineString","arcs":[1466],"properties":{"tmc":"101-05406"}},{"type":"LineString","arcs":[1467],"properties":{"tmc":"101P11146"}},{"type":"LineString","arcs":[1468],"properties":{"tmc":"101P05185"}},{"type":"LineString","arcs":[1469],"properties":{"tmc":"101N17934"}},{"type":"LineString","arcs":[1470],"properties":{"tmc":"101-07408"}},{"type":"LineString","arcs":[1471],"properties":{"tmc":"101+07407"}},{"type":"LineString","arcs":[1472],"properties":{"tmc":"101P07408"}},{"type":"LineString","arcs":[1473],"properties":{"tmc":"101P07414"}},{"type":"LineString","arcs":[1474],"properties":{"tmc":"101N07413"}},{"type":"LineString","arcs":[1475],"properties":{"tmc":"101P07409"}},{"type":"LineString","arcs":[1476],"properties":{"tmc":"101+07414"}},{"type":"LineString","arcs":[1477],"properties":{"tmc":"101+07416"}},{"type":"LineString","arcs":[1478],"properties":{"tmc":"101N07414"}},{"type":"LineString","arcs":[1479],"properties":{"tmc":"101P04973"}},{"type":"LineString","arcs":[1480],"properties":{"tmc":"101-07419"}},{"type":"LineString","arcs":[1481],"properties":{"tmc":"101+04969"}},{"type":"LineString","arcs":[1482],"properties":{"tmc":"101P04967"}},{"type":"LineString","arcs":[1483],"properties":{"tmc":"101N04970"}},{"type":"LineString","arcs":[1484],"properties":{"tmc":"101N04972"}},{"type":"LineString","arcs":[1485],"properties":{"tmc":"101+04970"}},{"type":"LineString","arcs":[1486],"properties":{"tmc":"101+04968"}},{"type":"LineString","arcs":[1487],"properties":{"tmc":"101P04974"}},{"type":"LineString","arcs":[1488],"properties":{"tmc":"101P04969"}},{"type":"LineString","arcs":[1489],"properties":{"tmc":"101N04221"}},{"type":"LineString","arcs":[1490],"properties":{"tmc":"101N04170"}},{"type":"LineString","arcs":[1491],"properties":{"tmc":"101N04247"}},{"type":"LineString","arcs":[1492],"properties":{"tmc":"101N04276"}},{"type":"LineString","arcs":[1493],"properties":{"tmc":"101N04129"}},{"type":"LineString","arcs":[1494],"properties":{"tmc":"101N04137"}},{"type":"LineString","arcs":[1495],"properties":{"tmc":"101N04140"}},{"type":"LineString","arcs":[1496],"properties":{"tmc":"101N04138"}},{"type":"LineString","arcs":[1497],"properties":{"tmc":"101P04198"}},{"type":"LineString","arcs":[1498],"properties":{"tmc":"101N04114"}},{"type":"LineString","arcs":[1499],"properties":{"tmc":"101N04112"}},{"type":"LineString","arcs":[1500],"properties":{"tmc":"101N04119"}},{"type":"LineString","arcs":[1501],"properties":{"tmc":"101-06885"}},{"type":"LineString","arcs":[1502],"properties":{"tmc":"101P04126"}},{"type":"LineString","arcs":[1503],"properties":{"tmc":"101-06891"}},{"type":"LineString","arcs":[1504],"properties":{"tmc":"101N04839"}},{"type":"LineString","arcs":[1505],"properties":{"tmc":"101N04196"}},{"type":"LineString","arcs":[1506],"properties":{"tmc":"101N04204"}},{"type":"LineString","arcs":[1507],"properties":{"tmc":"101N04209"}},{"type":"LineString","arcs":[1508],"properties":{"tmc":"101+10932"}},{"type":"LineString","arcs":[1509],"properties":{"tmc":"101+10933"}},{"type":"LineString","arcs":[1510],"properties":{"tmc":"101N04220"}},{"type":"LineString","arcs":[1511],"properties":{"tmc":"101N04352"}},{"type":"LineString","arcs":[1512],"properties":{"tmc":"101N04223"}},{"type":"LineString","arcs":[1513],"properties":{"tmc":"101P05432"}},{"type":"LineString","arcs":[1514],"properties":{"tmc":"101N55004"}},{"type":"LineString","arcs":[1515],"properties":{"tmc":"101P04303"}},{"type":"LineString","arcs":[1516],"properties":{"tmc":"101-06890"}},{"type":"LineString","arcs":[1517],"properties":{"tmc":"101P04326"}},{"type":"LineString","arcs":[1518],"properties":{"tmc":"101N04246"}},{"type":"LineString","arcs":[1519],"properties":{"tmc":"101N04198"}},{"type":"LineString","arcs":[1520],"properties":{"tmc":"101N04219"}},{"type":"LineString","arcs":[1521],"properties":{"tmc":"101P04138"}},{"type":"LineString","arcs":[1522],"properties":{"tmc":"101P04218"}},{"type":"LineString","arcs":[1523],"properties":{"tmc":"101P04125"}},{"type":"LineString","arcs":[1524],"properties":{"tmc":"101+06890"}},{"type":"LineString","arcs":[1525],"properties":{"tmc":"101N04222"}},{"type":"LineString","arcs":[1526],"properties":{"tmc":"101N04277"}},{"type":"LineString","arcs":[1527],"properties":{"tmc":"101P04197"}},{"type":"LineString","arcs":[1528],"properties":{"tmc":"101P04205"}},{"type":"LineString","arcs":[1529],"properties":{"tmc":"101N07399"}},{"type":"LineString","arcs":[1530],"properties":{"tmc":"101+05578"}},{"type":"LineString","arcs":[1531],"properties":{"tmc":"101N07400"}},{"type":"LineString","arcs":[1532],"properties":{"tmc":"101N04294"}},{"type":"LineString","arcs":[1533],"properties":{"tmc":"101+04274"}},{"type":"LineString","arcs":[1534],"properties":{"tmc":"101N04295"}},{"type":"LineString","arcs":[1535],"properties":{"tmc":"101+04275"}},{"type":"LineString","arcs":[1536],"properties":{"tmc":"101-06829"}},{"type":"LineString","arcs":[1537],"properties":{"tmc":"101N04125"}},{"type":"LineString","arcs":[1538],"properties":{"tmc":"101-06833"}},{"type":"LineString","arcs":[1539],"properties":{"tmc":"101P06885"}},{"type":"LineString","arcs":[1540],"properties":{"tmc":"101+05579"}},{"type":"LineString","arcs":[1541],"properties":{"tmc":"101P07399"}},{"type":"LineString","arcs":[1542],"properties":{"tmc":"101+04842"}},{"type":"LineString","arcs":[1543],"properties":{"tmc":"101+06886"}},{"type":"LineString","arcs":[1544],"properties":{"tmc":"101P04113"}},{"type":"LineString","arcs":[1545],"properties":{"tmc":"101P10852"}},{"type":"LineString","arcs":[1546],"properties":{"tmc":"101P15687"}},{"type":"LineString","arcs":[1547],"properties":{"tmc":"101N04171"}},{"type":"LineString","arcs":[1548],"properties":{"tmc":"101+04840"}},{"type":"LineString","arcs":[1549],"properties":{"tmc":"101P04123"}},{"type":"LineString","arcs":[1550],"properties":{"tmc":"101P10964"}},{"type":"LineString","arcs":[1551],"properties":{"tmc":"101+05196"}},{"type":"LineString","arcs":[1552],"properties":{"tmc":"101+04566"}},{"type":"LineString","arcs":[1553],"properties":{"tmc":"101+05186"}},{"type":"LineString","arcs":[1554],"properties":{"tmc":"101+05194"}},{"type":"LineString","arcs":[1555],"properties":{"tmc":"101+10852"}},{"type":"LineString","arcs":[1556],"properties":{"tmc":"101+10849"}},{"type":"LineString","arcs":[1557],"properties":{"tmc":"101N10851"}},{"type":"LineString","arcs":[1558],"properties":{"tmc":"101P06831"}},{"type":"LineString","arcs":[1559],"properties":{"tmc":"101N04564"}},{"type":"LineString","arcs":[1560],"properties":{"tmc":"101N04571"}},{"type":"LineString","arcs":[1561],"properties":{"tmc":"101P10948"}},{"type":"LineString","arcs":[1562],"properties":{"tmc":"101+05356"}},{"type":"LineString","arcs":[1563],"properties":{"tmc":"101+05265"}},{"type":"LineString","arcs":[1564],"properties":{"tmc":"101P16160"}},{"type":"LineString","arcs":[1565],"properties":{"tmc":"101+05193"}},{"type":"LineString","arcs":[1566],"properties":{"tmc":"101N05353"}},{"type":"LineString","arcs":[1567],"properties":{"tmc":"101+04637"}},{"type":"LineString","arcs":[1568],"properties":{"tmc":"101-10849"}},{"type":"LineString","arcs":[1569],"properties":{"tmc":"101N04155"}},{"type":"LineString","arcs":[1570],"properties":{"tmc":"101N04153"}},{"type":"LineString","arcs":[1571],"properties":{"tmc":"101N04154"}},{"type":"LineString","arcs":[1572],"properties":{"tmc":"101N10850"}},{"type":"LineString","arcs":[1573],"properties":{"tmc":"101+05191"}},{"type":"LineString","arcs":[1574],"properties":{"tmc":"101+04352"}},{"type":"LineString","arcs":[1575],"properties":{"tmc":"101+04353"}},{"type":"LineString","arcs":[1576],"properties":{"tmc":"101-53879"}},{"type":"LineString","arcs":[1577],"properties":{"tmc":"101+04361"}},{"type":"LineString","arcs":[1578],"properties":{"tmc":"101-53882"}},{"type":"LineString","arcs":[1579],"properties":{"tmc":"101N12758"}},{"type":"LineString","arcs":[1580],"properties":{"tmc":"101+04642"}},{"type":"LineString","arcs":[1581],"properties":{"tmc":"101P12758"}},{"type":"LineString","arcs":[1582],"properties":{"tmc":"101N05430"}},{"type":"LineString","arcs":[1583],"properties":{"tmc":"101+04156"}},{"type":"LineString","arcs":[1584],"properties":{"tmc":"101+04157"}},{"type":"LineString","arcs":[1585],"properties":{"tmc":"101-04157"}},{"type":"LineString","arcs":[1586],"properties":{"tmc":"101+04326"}},{"type":"LineString","arcs":[1587],"properties":{"tmc":"101-53884"}},{"type":"LineString","arcs":[1588],"properties":{"tmc":"101+07134"}},{"type":"LineString","arcs":[1589],"properties":{"tmc":"101P05596"}},{"type":"LineString","arcs":[1590],"properties":{"tmc":"101N05355"}},{"type":"LineString","arcs":[1591],"properties":{"tmc":"101+07356"}},{"type":"LineString","arcs":[1592],"properties":{"tmc":"101N05606"}},{"type":"LineString","arcs":[1593],"properties":{"tmc":"101N04101"}},{"type":"LineString","arcs":[1594],"properties":{"tmc":"101-05606"}},{"type":"LineString","arcs":[1595],"properties":{"tmc":"101N07106"}},{"type":"LineString","arcs":[1596],"properties":{"tmc":"101N06900"}},{"type":"LineString","arcs":[1597],"properties":{"tmc":"101P05610"}},{"type":"LineString","arcs":[1598],"properties":{"tmc":"101P11300"}},{"type":"LineString","arcs":[1599],"properties":{"tmc":"101-53878"}},{"type":"LineString","arcs":[1600],"properties":{"tmc":"101N53885"}},{"type":"LineString","arcs":[1601],"properties":{"tmc":"101N04634"}},{"type":"LineString","arcs":[1602],"properties":{"tmc":"101N05648"}},{"type":"LineString","arcs":[1603],"properties":{"tmc":"101P20178"}},{"type":"LineString","arcs":[1604],"properties":{"tmc":"101N05644"}},{"type":"LineString","arcs":[1605],"properties":{"tmc":"101N05185"}},{"type":"LineString","arcs":[1606],"properties":{"tmc":"101P04639"}},{"type":"LineString","arcs":[1607],"properties":{"tmc":"101P11301"}},{"type":"LineString","arcs":[1608],"properties":{"tmc":"101N04635"}},{"type":"LineString","arcs":[1609],"properties":{"tmc":"101N12792"}},{"type":"LineString","arcs":[1610],"properties":{"tmc":"101N07776"}},{"type":"LineString","arcs":[1611],"properties":{"tmc":"101N13802"}},{"type":"LineString","arcs":[1612],"properties":{"tmc":"101N04633"}},{"type":"LineString","arcs":[1613],"properties":{"tmc":"101-07094"}},{"type":"LineString","arcs":[1614],"properties":{"tmc":"101-05278"}},{"type":"LineString","arcs":[1615],"properties":{"tmc":"101-04642"}},{"type":"LineString","arcs":[1616],"properties":{"tmc":"101+04638"}},{"type":"LineString","arcs":[1617],"properties":{"tmc":"101N04346"}},{"type":"LineString","arcs":[1618],"properties":{"tmc":"101+04645"}},{"type":"LineString","arcs":[1619],"properties":{"tmc":"101N04308"}},{"type":"LineString","arcs":[1620],"properties":{"tmc":"101N13983"}},{"type":"LineString","arcs":[1621],"properties":{"tmc":"101-04100"}},{"type":"LineString","arcs":[1622],"properties":{"tmc":"101-06962"}},{"type":"LineString","arcs":[1623],"properties":{"tmc":"101-06964"}},{"type":"LineString","arcs":[1624],"properties":{"tmc":"101N06959"}},{"type":"LineString","arcs":[1625],"properties":{"tmc":"101-05291"}},{"type":"LineString","arcs":[1626],"properties":{"tmc":"101P04245"}},{"type":"LineString","arcs":[1627],"properties":{"tmc":"101P04941"}},{"type":"LineString","arcs":[1628],"properties":{"tmc":"101+06960"}},{"type":"LineString","arcs":[1629],"properties":{"tmc":"101P06959"}},{"type":"LineString","arcs":[1630],"properties":{"tmc":"101-04631"}},{"type":"LineString","arcs":[1631],"properties":{"tmc":"101-07776"}},{"type":"LineString","arcs":[1632],"properties":{"tmc":"101-05319"}},{"type":"LineString","arcs":[1633],"properties":{"tmc":"101-05271"}},{"type":"LineString","arcs":[1634],"properties":{"tmc":"101-05297"}},{"type":"LineString","arcs":[1635],"properties":{"tmc":"101P04204"}},{"type":"LineString","arcs":[1636],"properties":{"tmc":"101-07798"}},{"type":"LineString","arcs":[1637],"properties":{"tmc":"101+04646"}},{"type":"LineString","arcs":[1638],"properties":{"tmc":"101+06963"}},{"type":"LineString","arcs":[1639],"properties":{"tmc":"101-04281"}},{"type":"LineString","arcs":[1640],"properties":{"tmc":"101-04257"}},{"type":"LineString","arcs":[1641],"properties":{"tmc":"101-04260"}},{"type":"LineString","arcs":[1642],"properties":{"tmc":"101-05161"}},{"type":"LineString","arcs":[1643],"properties":{"tmc":"101N04638"}},{"type":"LineString","arcs":[1644],"properties":{"tmc":"101P04217"}},{"type":"LineString","arcs":[1645],"properties":{"tmc":"101N04637"}},{"type":"LineString","arcs":[1646],"properties":{"tmc":"101P04641"}},{"type":"LineString","arcs":[1647],"properties":{"tmc":"101P04219"}},{"type":"LineString","arcs":[1648],"properties":{"tmc":"101-10839"}},{"type":"LineString","arcs":[1649],"properties":{"tmc":"101-05298"}},{"type":"LineString","arcs":[1650],"properties":{"tmc":"101-04265"}},{"type":"LineString","arcs":[1651],"properties":{"tmc":"101-07084"}},{"type":"LineString","arcs":[1652],"properties":{"tmc":"101P04304"}},{"type":"LineString","arcs":[1653],"properties":{"tmc":"101-04640"}},{"type":"LineString","arcs":[1654],"properties":{"tmc":"101P04302"}},{"type":"LineString","arcs":[1655],"properties":{"tmc":"101-04641"}},{"type":"LineString","arcs":[1656],"properties":{"tmc":"101P05606"}},{"type":"LineString","arcs":[1657],"properties":{"tmc":"101P05265"}},{"type":"LineString","arcs":[1658],"properties":{"tmc":"101+05316"}},{"type":"LineString","arcs":[1659],"properties":{"tmc":"101-07799"}},{"type":"LineString","arcs":[1660],"properties":{"tmc":"101-05321"}},{"type":"LineString","arcs":[1661],"properties":{"tmc":"101-05109"}},{"type":"LineString","arcs":[1662],"properties":{"tmc":"101+06965"}},{"type":"LineString","arcs":[1663],"properties":{"tmc":"101-04297"}},{"type":"LineString","arcs":[1664],"properties":{"tmc":"101+04254"}},{"type":"LineString","arcs":[1665],"properties":{"tmc":"101P07354"}},{"type":"LineString","arcs":[1666],"properties":{"tmc":"101+04329"}},{"type":"LineString","arcs":[1667],"properties":{"tmc":"101+04330"}},{"type":"LineString","arcs":[1668],"properties":{"tmc":"101N15737"}},{"type":"LineString","arcs":[1669],"properties":{"tmc":"101+04285"}},{"type":"LineString","arcs":[1670],"properties":{"tmc":"101-05149"}},{"type":"LineString","arcs":[1671],"properties":{"tmc":"101+04284"}},{"type":"LineString","arcs":[1672],"properties":{"tmc":"101P04346"}},{"type":"LineString","arcs":[1673],"properties":{"tmc":"101P07106"}},{"type":"LineString","arcs":[1674],"properties":{"tmc":"101+04334"}},{"type":"LineString","arcs":[1675],"properties":{"tmc":"101P04116"}},{"type":"LineString","arcs":[1676],"properties":{"tmc":"101+04294"}},{"type":"LineString","arcs":[1677],"properties":{"tmc":"101P04122"}},{"type":"LineString","arcs":[1678],"properties":{"tmc":"101+04295"}},{"type":"LineString","arcs":[1679],"properties":{"tmc":"101N50130"}},{"type":"LineString","arcs":[1680],"properties":{"tmc":"101+04316"}},{"type":"LineString","arcs":[1681],"properties":{"tmc":"101P07083"}},{"type":"LineString","arcs":[1682],"properties":{"tmc":"101P07090"}},{"type":"LineString","arcs":[1683],"properties":{"tmc":"101+04333"}},{"type":"LineString","arcs":[1684],"properties":{"tmc":"101+05218"}},{"type":"LineString","arcs":[1685],"properties":{"tmc":"101+05219"}},{"type":"LineString","arcs":[1686],"properties":{"tmc":"101-06965"}},{"type":"LineString","arcs":[1687],"properties":{"tmc":"101+04335"}},{"type":"LineString","arcs":[1688],"properties":{"tmc":"101-11300"}},{"type":"LineString","arcs":[1689],"properties":{"tmc":"101P05213"}},{"type":"LineString","arcs":[1690],"properties":{"tmc":"101-11301"}},{"type":"LineString","arcs":[1691],"properties":{"tmc":"101-05361"}},{"type":"LineString","arcs":[1692],"properties":{"tmc":"101N04284"}},{"type":"LineString","arcs":[1693],"properties":{"tmc":"101P20137"}},{"type":"LineString","arcs":[1694],"properties":{"tmc":"101+05377"}},{"type":"LineString","arcs":[1695],"properties":{"tmc":"101+04240"}},{"type":"LineString","arcs":[1696],"properties":{"tmc":"101+04633"}},{"type":"LineString","arcs":[1697],"properties":{"tmc":"101+04634"}},{"type":"LineString","arcs":[1698],"properties":{"tmc":"101+04243"}},{"type":"LineString","arcs":[1699],"properties":{"tmc":"101+05272"}},{"type":"LineString","arcs":[1700],"properties":{"tmc":"101+05293"}},{"type":"LineString","arcs":[1701],"properties":{"tmc":"101-05438"}},{"type":"LineString","arcs":[1702],"properties":{"tmc":"101N04307"}},{"type":"LineString","arcs":[1703],"properties":{"tmc":"101N04285"}},{"type":"LineString","arcs":[1704],"properties":{"tmc":"101N04115"}},{"type":"LineString","arcs":[1705],"properties":{"tmc":"101+04100"}},{"type":"LineString","arcs":[1706],"properties":{"tmc":"101P06966"}},{"type":"LineString","arcs":[1707],"properties":{"tmc":"101P10667"}},{"type":"LineString","arcs":[1708],"properties":{"tmc":"101N04122"}},{"type":"LineString","arcs":[1709],"properties":{"tmc":"101N04130"}},{"type":"LineString","arcs":[1710],"properties":{"tmc":"101N04353"}},{"type":"LineString","arcs":[1711],"properties":{"tmc":"101+05378"}},{"type":"LineString","arcs":[1712],"properties":{"tmc":"101+05300"}},{"type":"LineString","arcs":[1713],"properties":{"tmc":"101N04361"}},{"type":"LineString","arcs":[1714],"properties":{"tmc":"101N04574"}},{"type":"LineString","arcs":[1715],"properties":{"tmc":"101P04331"}},{"type":"LineString","arcs":[1716],"properties":{"tmc":"101+04238"}},{"type":"LineString","arcs":[1717],"properties":{"tmc":"101+04259"}},{"type":"LineString","arcs":[1718],"properties":{"tmc":"101+04269"}},{"type":"LineString","arcs":[1719],"properties":{"tmc":"101+04268"}},{"type":"LineString","arcs":[1720],"properties":{"tmc":"101P05107"}},{"type":"LineString","arcs":[1721],"properties":{"tmc":"101+05157"}},{"type":"LineString","arcs":[1722],"properties":{"tmc":"101+05158"}},{"type":"LineString","arcs":[1723],"properties":{"tmc":"101P04284"}},{"type":"LineString","arcs":[1724],"properties":{"tmc":"101-50122"}},{"type":"LineString","arcs":[1725],"properties":{"tmc":"101+05271"}},{"type":"LineString","arcs":[1726],"properties":{"tmc":"101+05291"}},{"type":"LineString","arcs":[1727],"properties":{"tmc":"101+05149"}},{"type":"LineString","arcs":[1728],"properties":{"tmc":"101+05276"}},{"type":"LineString","arcs":[1729],"properties":{"tmc":"101-05579"}},{"type":"LineString","arcs":[1730],"properties":{"tmc":"101P04166"}},{"type":"LineString","arcs":[1731],"properties":{"tmc":"101-05434"}},{"type":"LineString","arcs":[1732],"properties":{"tmc":"101N04255"}},{"type":"LineString","arcs":[1733],"properties":{"tmc":"101-05306"}},{"type":"LineString","arcs":[1734],"properties":{"tmc":"101N04336"}},{"type":"LineString","arcs":[1735],"properties":{"tmc":"101+05260"}},{"type":"LineString","arcs":[1736],"properties":{"tmc":"101+07084"}},{"type":"LineString","arcs":[1737],"properties":{"tmc":"101N04159"}},{"type":"LineString","arcs":[1738],"properties":{"tmc":"101-05308"}},{"type":"LineString","arcs":[1739],"properties":{"tmc":"101-05353"}},{"type":"LineString","arcs":[1740],"properties":{"tmc":"101N04169"}},{"type":"LineString","arcs":[1741],"properties":{"tmc":"101-04118"}},{"type":"LineString","arcs":[1742],"properties":{"tmc":"101-04123"}},{"type":"LineString","arcs":[1743],"properties":{"tmc":"101N05207"}},{"type":"LineString","arcs":[1744],"properties":{"tmc":"101-05193"}},{"type":"LineString","arcs":[1745],"properties":{"tmc":"101-05264"}},{"type":"LineString","arcs":[1746],"properties":{"tmc":"101N04341"}},{"type":"LineString","arcs":[1747],"properties":{"tmc":"101P05369"}},{"type":"LineString","arcs":[1748],"properties":{"tmc":"101-10667"}},{"type":"LineString","arcs":[1749],"properties":{"tmc":"101-05322"}},{"type":"LineString","arcs":[1750],"properties":{"tmc":"101-07104"}},{"type":"LineString","arcs":[1751],"properties":{"tmc":"101-50156"}},{"type":"LineString","arcs":[1752],"properties":{"tmc":"101-04304"}},{"type":"LineString","arcs":[1753],"properties":{"tmc":"101N04254"}},{"type":"LineString","arcs":[1754],"properties":{"tmc":"101-04271"}},{"type":"LineString","arcs":[1755],"properties":{"tmc":"101+04538"}},{"type":"LineString","arcs":[1756],"properties":{"tmc":"101N06858"}},{"type":"LineString","arcs":[1757],"properties":{"tmc":"101N04162"}},{"type":"LineString","arcs":[1758],"properties":{"tmc":"101+04207"}},{"type":"LineString","arcs":[1759],"properties":{"tmc":"101+04348"}},{"type":"LineString","arcs":[1760],"properties":{"tmc":"101N04164"}},{"type":"LineString","arcs":[1761],"properties":{"tmc":"101+04206"}},{"type":"LineString","arcs":[1762],"properties":{"tmc":"101+04539"}},{"type":"LineString","arcs":[1763],"properties":{"tmc":"101N04165"}},{"type":"LineString","arcs":[1764],"properties":{"tmc":"101-06904"}},{"type":"LineString","arcs":[1765],"properties":{"tmc":"101N04193"}},{"type":"LineString","arcs":[1766],"properties":{"tmc":"101P04188"}},{"type":"LineString","arcs":[1767],"properties":{"tmc":"101N04329"}},{"type":"LineString","arcs":[1768],"properties":{"tmc":"101+04350"}},{"type":"LineString","arcs":[1769],"properties":{"tmc":"101+04349"}},{"type":"LineString","arcs":[1770],"properties":{"tmc":"101N04339"}},{"type":"LineString","arcs":[1771],"properties":{"tmc":"101+04351"}},{"type":"LineString","arcs":[1772],"properties":{"tmc":"101N04187"}},{"type":"LineString","arcs":[1773],"properties":{"tmc":"101N04188"}},{"type":"LineString","arcs":[1774],"properties":{"tmc":"101N11148"}},{"type":"LineString","arcs":[1775],"properties":{"tmc":"101-10663"}},{"type":"LineString","arcs":[1776],"properties":{"tmc":"101-07135"}},{"type":"LineString","arcs":[1777],"properties":{"tmc":"101+04202"}},{"type":"LineString","arcs":[1778],"properties":{"tmc":"101-13774"}},{"type":"LineString","arcs":[1779],"properties":{"tmc":"101-05368"}},{"type":"LineString","arcs":[1780],"properties":{"tmc":"101-07148"}},{"type":"LineString","arcs":[1781],"properties":{"tmc":"101-05209"}},{"type":"LineString","arcs":[1782],"properties":{"tmc":"101P04542"}},{"type":"LineString","arcs":[1783],"properties":{"tmc":"101-04245"}},{"type":"LineString","arcs":[1784],"properties":{"tmc":"101-04194"}},{"type":"LineString","arcs":[1785],"properties":{"tmc":"101-04537"}},{"type":"LineString","arcs":[1786],"properties":{"tmc":"101-04158"}},{"type":"LineString","arcs":[1787],"properties":{"tmc":"101-04186"}},{"type":"LineString","arcs":[1788],"properties":{"tmc":"101P04650"}},{"type":"LineString","arcs":[1789],"properties":{"tmc":"101-04342"}},{"type":"LineString","arcs":[1790],"properties":{"tmc":"101-04540"}},{"type":"LineString","arcs":[1791],"properties":{"tmc":"101-07147"}},{"type":"LineString","arcs":[1792],"properties":{"tmc":"101-06860"}},{"type":"LineString","arcs":[1793],"properties":{"tmc":"101-05574"}},{"type":"LineString","arcs":[1794],"properties":{"tmc":"101-04350"}},{"type":"LineString","arcs":[1795],"properties":{"tmc":"101-05595"}},{"type":"LineString","arcs":[1796],"properties":{"tmc":"101-04343"}},{"type":"LineString","arcs":[1797],"properties":{"tmc":"101-05307"}},{"type":"LineString","arcs":[1798],"properties":{"tmc":"101-06861"}},{"type":"LineString","arcs":[1799],"properties":{"tmc":"101+11146"}},{"type":"LineString","arcs":[1800],"properties":{"tmc":"101+11147"}},{"type":"LineString","arcs":[1801],"properties":{"tmc":"101P04232"}},{"type":"LineString","arcs":[1802],"properties":{"tmc":"101-04344"}},{"type":"LineString","arcs":[1803],"properties":{"tmc":"101-05323"}},{"type":"LineString","arcs":[1804],"properties":{"tmc":"101+04537"}},{"type":"LineString","arcs":[1805],"properties":{"tmc":"101-04122"}},{"type":"LineString","arcs":[1806],"properties":{"tmc":"101-04250"}},{"type":"LineString","arcs":[1807],"properties":{"tmc":"101-04139"}},{"type":"LineString","arcs":[1808],"properties":{"tmc":"101-04286"}},{"type":"LineString","arcs":[1809],"properties":{"tmc":"101P04186"}},{"type":"LineString","arcs":[1810],"properties":{"tmc":"101P11147"}},{"type":"LineString","arcs":[1811],"properties":{"tmc":"101-04288"}},{"type":"LineString","arcs":[1812],"properties":{"tmc":"101-05435"}},{"type":"LineString","arcs":[1813],"properties":{"tmc":"101-04176"}},{"type":"LineString","arcs":[1814],"properties":{"tmc":"101P04349"}},{"type":"LineString","arcs":[1815],"properties":{"tmc":"101P04357"}},{"type":"LineString","arcs":[1816],"properties":{"tmc":"101-11328"}},{"type":"LineString","arcs":[1817],"properties":{"tmc":"101-05610"}},{"type":"LineString","arcs":[1818],"properties":{"tmc":"101P04358"}},{"type":"LineString","arcs":[1819],"properties":{"tmc":"101N04232"}},{"type":"LineString","arcs":[1820],"properties":{"tmc":"101-04333"}},{"type":"LineString","arcs":[1821],"properties":{"tmc":"101-04324"}},{"type":"LineString","arcs":[1822],"properties":{"tmc":"101-04341"}},{"type":"LineString","arcs":[1823],"properties":{"tmc":"101-05216"}},{"type":"LineString","arcs":[1824],"properties":{"tmc":"101-05646"}},{"type":"LineString","arcs":[1825],"properties":{"tmc":"101P04348"}},{"type":"LineString","arcs":[1826],"properties":{"tmc":"101-04169"}},{"type":"LineString","arcs":[1827],"properties":{"tmc":"101-04217"}},{"type":"LineString","arcs":[1828],"properties":{"tmc":"101+10975"}},{"type":"LineString","arcs":[1829],"properties":{"tmc":"101-05315"}},{"type":"LineString","arcs":[1830],"properties":{"tmc":"101-04196"}},{"type":"LineString","arcs":[1831],"properties":{"tmc":"101+06969"}},{"type":"LineString","arcs":[1832],"properties":{"tmc":"101-04301"}},{"type":"LineString","arcs":[1833],"properties":{"tmc":"101-06967"}},{"type":"LineString","arcs":[1834],"properties":{"tmc":"101-04302"}},{"type":"LineString","arcs":[1835],"properties":{"tmc":"101+06859"}},{"type":"LineString","arcs":[1836],"properties":{"tmc":"101-04303"}},{"type":"LineString","arcs":[1837],"properties":{"tmc":"101-05212"}},{"type":"LineString","arcs":[1838],"properties":{"tmc":"101-04140"}},{"type":"LineString","arcs":[1839],"properties":{"tmc":"101-05218"}},{"type":"LineString","arcs":[1840],"properties":{"tmc":"101-04115"}},{"type":"LineString","arcs":[1841],"properties":{"tmc":"101N04350"}},{"type":"LineString","arcs":[1842],"properties":{"tmc":"101N04649"}},{"type":"LineString","arcs":[1843],"properties":{"tmc":"101-05203"}},{"type":"LineString","arcs":[1844],"properties":{"tmc":"101-04116"}},{"type":"LineString","arcs":[1845],"properties":{"tmc":"101P04107"}},{"type":"LineString","arcs":[1846],"properties":{"tmc":"101P04537"}},{"type":"LineString","arcs":[1847],"properties":{"tmc":"101-05609"}},{"type":"LineString","arcs":[1848],"properties":{"tmc":"101P07145"}},{"type":"LineString","arcs":[1849],"properties":{"tmc":"101-05108"}},{"type":"LineString","arcs":[1850],"properties":{"tmc":"101-05156"}},{"type":"LineString","arcs":[1851],"properties":{"tmc":"101P04190"}},{"type":"LineString","arcs":[1852],"properties":{"tmc":"101+07215"}},{"type":"LineString","arcs":[1853],"properties":{"tmc":"101+04141"}},{"type":"LineString","arcs":[1854],"properties":{"tmc":"101-05663"}},{"type":"LineString","arcs":[1855],"properties":{"tmc":"101-05641"}},{"type":"LineString","arcs":[1856],"properties":{"tmc":"101P04108"}},{"type":"LineString","arcs":[1857],"properties":{"tmc":"101P04329"}},{"type":"LineString","arcs":[1858],"properties":{"tmc":"101P04165"}},{"type":"LineString","arcs":[1859],"properties":{"tmc":"101+04123"}},{"type":"LineString","arcs":[1860],"properties":{"tmc":"101+04132"}},{"type":"LineString","arcs":[1861],"properties":{"tmc":"101+20142"}},{"type":"LineString","arcs":[1862],"properties":{"tmc":"101+20139"}},{"type":"LineString","arcs":[1863],"properties":{"tmc":"101+04121"}},{"type":"LineString","arcs":[1864],"properties":{"tmc":"101-10974"}},{"type":"LineString","arcs":[1865],"properties":{"tmc":"101P04319"}},{"type":"LineString","arcs":[1866],"properties":{"tmc":"101-04204"}},{"type":"LineString","arcs":[1867],"properties":{"tmc":"101P04316"}},{"type":"LineString","arcs":[1868],"properties":{"tmc":"101-04223"}},{"type":"LineString","arcs":[1869],"properties":{"tmc":"101P04261"}},{"type":"LineString","arcs":[1870],"properties":{"tmc":"101P04260"}},{"type":"LineString","arcs":[1871],"properties":{"tmc":"101+07833"}},{"type":"LineString","arcs":[1872],"properties":{"tmc":"101+04651"}},{"type":"LineString","arcs":[1873],"properties":{"tmc":"101P04297"}},{"type":"LineString","arcs":[1874],"properties":{"tmc":"101P04243"}},{"type":"LineString","arcs":[1875],"properties":{"tmc":"101P04262"}},{"type":"LineString","arcs":[1876],"properties":{"tmc":"101P04263"}},{"type":"LineString","arcs":[1877],"properties":{"tmc":"101P04332"}},{"type":"LineString","arcs":[1878],"properties":{"tmc":"101-04127"}},{"type":"LineString","arcs":[1879],"properties":{"tmc":"101-13158"}},{"type":"LineString","arcs":[1880],"properties":{"tmc":"101-13775"}},{"type":"LineString","arcs":[1881],"properties":{"tmc":"101+04117"}},{"type":"LineString","arcs":[1882],"properties":{"tmc":"101P05279"}},{"type":"LineString","arcs":[1883],"properties":{"tmc":"101+07092"}},{"type":"LineString","arcs":[1884],"properties":{"tmc":"101P04285"}},{"type":"LineString","arcs":[1885],"properties":{"tmc":"101+04120"}},{"type":"LineString","arcs":[1886],"properties":{"tmc":"101-04109"}},{"type":"LineString","arcs":[1887],"properties":{"tmc":"101N50156"}},{"type":"LineString","arcs":[1888],"properties":{"tmc":"101+04139"}},{"type":"LineString","arcs":[1889],"properties":{"tmc":"101-04101"}},{"type":"LineString","arcs":[1890],"properties":{"tmc":"101N05208"}},{"type":"LineString","arcs":[1891],"properties":{"tmc":"101-04174"}},{"type":"LineString","arcs":[1892],"properties":{"tmc":"101+07091"}},{"type":"LineString","arcs":[1893],"properties":{"tmc":"101N07091"}},{"type":"LineString","arcs":[1894],"properties":{"tmc":"101P04292"}},{"type":"LineString","arcs":[1895],"properties":{"tmc":"101-05185"}},{"type":"LineString","arcs":[1896],"properties":{"tmc":"101P04254"}},{"type":"LineString","arcs":[1897],"properties":{"tmc":"101-05190"}},{"type":"LineString","arcs":[1898],"properties":{"tmc":"101+04106"}},{"type":"LineString","arcs":[1899],"properties":{"tmc":"101P04255"}},{"type":"LineString","arcs":[1900],"properties":{"tmc":"101-04308"}},{"type":"LineString","arcs":[1901],"properties":{"tmc":"101+04104"}},{"type":"LineString","arcs":[1902],"properties":{"tmc":"101+07085"}},{"type":"LineString","arcs":[1903],"properties":{"tmc":"101-04277"}},{"type":"LineString","arcs":[1904],"properties":{"tmc":"101-04107"}},{"type":"LineString","arcs":[1905],"properties":{"tmc":"101-04235"}},{"type":"LineString","arcs":[1906],"properties":{"tmc":"101+04103"}},{"type":"LineString","arcs":[1907],"properties":{"tmc":"101+05586"}},{"type":"LineString","arcs":[1908],"properties":{"tmc":"101N20139"}},{"type":"LineString","arcs":[1909],"properties":{"tmc":"101N20141"}},{"type":"LineString","arcs":[1910],"properties":{"tmc":"101P05108"}},{"type":"LineString","arcs":[1911],"properties":{"tmc":"101-04244"}},{"type":"LineString","arcs":[1912],"properties":{"tmc":"101+04105"}},{"type":"LineString","arcs":[1913],"properties":{"tmc":"101N10975"}},{"type":"LineString","arcs":[1914],"properties":{"tmc":"101P13797"}},{"type":"LineString","arcs":[1915],"properties":{"tmc":"101P13798"}},{"type":"LineString","arcs":[1916],"properties":{"tmc":"101+05380"}},{"type":"LineString","arcs":[1917],"properties":{"tmc":"101N04231"}},{"type":"LineString","arcs":[1918],"properties":{"tmc":"101P13800"}},{"type":"LineString","arcs":[1919],"properties":{"tmc":"101+10660"}},{"type":"LineString","arcs":[1920],"properties":{"tmc":"101P13801"}},{"type":"LineString","arcs":[1921],"properties":{"tmc":"101+10667"}},{"type":"LineString","arcs":[1922],"properties":{"tmc":"101N07104"}},{"type":"LineString","arcs":[1923],"properties":{"tmc":"101P05569"}},{"type":"LineString","arcs":[1924],"properties":{"tmc":"101N04272"}},{"type":"LineString","arcs":[1925],"properties":{"tmc":"101N04242"}},{"type":"LineString","arcs":[1926],"properties":{"tmc":"101-20136"}},{"type":"LineString","arcs":[1927],"properties":{"tmc":"101-20140"}},{"type":"LineString","arcs":[1928],"properties":{"tmc":"101P04163"}},{"type":"LineString","arcs":[1929],"properties":{"tmc":"101P04141"}},{"type":"LineString","arcs":[1930],"properties":{"tmc":"101N05305"}},{"type":"LineString","arcs":[1931],"properties":{"tmc":"101P04164"}},{"type":"LineString","arcs":[1932],"properties":{"tmc":"101N05437"}},{"type":"LineString","arcs":[1933],"properties":{"tmc":"101P07104"}},{"type":"LineString","arcs":[1934],"properties":{"tmc":"101P05149"}},{"type":"LineString","arcs":[1935],"properties":{"tmc":"101P05159"}},{"type":"LineString","arcs":[1936],"properties":{"tmc":"101-05204"}},{"type":"LineString","arcs":[1937],"properties":{"tmc":"101-05213"}},{"type":"LineString","arcs":[1938],"properties":{"tmc":"101+12967"}},{"type":"LineString","arcs":[1939],"properties":{"tmc":"101+50136"}},{"type":"LineString","arcs":[1940],"properties":{"tmc":"101+12968"}},{"type":"LineString","arcs":[1941],"properties":{"tmc":"101P05160"}},{"type":"LineString","arcs":[1942],"properties":{"tmc":"101+13776"}},{"type":"LineString","arcs":[1943],"properties":{"tmc":"101+12970"}},{"type":"LineString","arcs":[1944],"properties":{"tmc":"101+04124"}},{"type":"LineString","arcs":[1945],"properties":{"tmc":"101+04126"}},{"type":"LineString","arcs":[1946],"properties":{"tmc":"101P05278"}},{"type":"LineString","arcs":[1947],"properties":{"tmc":"101P05380"}},{"type":"LineString","arcs":[1948],"properties":{"tmc":"101P07833"}},{"type":"LineString","arcs":[1949],"properties":{"tmc":"101+04301"}},{"type":"LineString","arcs":[1950],"properties":{"tmc":"101+04237"}},{"type":"LineString","arcs":[1951],"properties":{"tmc":"101P04296"}},{"type":"LineString","arcs":[1952],"properties":{"tmc":"101P04231"}},{"type":"LineString","arcs":[1953],"properties":{"tmc":"101P04240"}},{"type":"LineString","arcs":[1954],"properties":{"tmc":"101+04302"}},{"type":"LineString","arcs":[1955],"properties":{"tmc":"101+05263"}},{"type":"LineString","arcs":[1956],"properties":{"tmc":"101+05311"}},{"type":"LineString","arcs":[1957],"properties":{"tmc":"101P13774"}},{"type":"LineString","arcs":[1958],"properties":{"tmc":"101P05669"}},{"type":"LineString","arcs":[1959],"properties":{"tmc":"101N05374"}},{"type":"LineString","arcs":[1960],"properties":{"tmc":"101N05209"}},{"type":"LineString","arcs":[1961],"properties":{"tmc":"101N05321"}},{"type":"LineString","arcs":[1962],"properties":{"tmc":"101N05272"}},{"type":"LineString","arcs":[1963],"properties":{"tmc":"101N05108"}},{"type":"LineString","arcs":[1964],"properties":{"tmc":"101N05164"}},{"type":"LineString","arcs":[1965],"properties":{"tmc":"101N05165"}},{"type":"LineString","arcs":[1966],"properties":{"tmc":"101N04262"}},{"type":"LineString","arcs":[1967],"properties":{"tmc":"101N07090"}},{"type":"LineString","arcs":[1968],"properties":{"tmc":"101N05107"}},{"type":"LineString","arcs":[1969],"properties":{"tmc":"101+04239"}},{"type":"LineString","arcs":[1970],"properties":{"tmc":"101-20142"}},{"type":"LineString","arcs":[1971],"properties":{"tmc":"101P10851"}},{"type":"LineString","arcs":[1972],"properties":{"tmc":"101-04155"}},{"type":"LineString","arcs":[1973],"properties":{"tmc":"101-04156"}},{"type":"LineString","arcs":[1974],"properties":{"tmc":"101+04158"}},{"type":"LineString","arcs":[1975],"properties":{"tmc":"101-10850"}},{"type":"LineString","arcs":[1976],"properties":{"tmc":"101+10851"}},{"type":"LineString","arcs":[1977],"properties":{"tmc":"101+10850"}},{"type":"LineString","arcs":[1978],"properties":{"tmc":"101P10850"}},{"type":"LineString","arcs":[1979],"properties":{"tmc":"101P12937"}},{"type":"LineString","arcs":[1980],"properties":{"tmc":"101N12940"}},{"type":"LineString","arcs":[1981],"properties":{"tmc":"101N12939"}},{"type":"LineString","arcs":[1982],"properties":{"tmc":"101+04971"}},{"type":"LineString","arcs":[1983],"properties":{"tmc":"101P04970"}},{"type":"LineString","arcs":[1984],"properties":{"tmc":"101+04948"}},{"type":"LineString","arcs":[1985],"properties":{"tmc":"101P04944"}},{"type":"LineString","arcs":[1986],"properties":{"tmc":"101P04946"}},{"type":"LineString","arcs":[1987],"properties":{"tmc":"101-06920"}},{"type":"LineString","arcs":[1988],"properties":{"tmc":"101+04213"}},{"type":"LineString","arcs":[1989],"properties":{"tmc":"101N04946"}},{"type":"LineString","arcs":[1990],"properties":{"tmc":"101N04944"}},{"type":"LineString","arcs":[1991],"properties":{"tmc":"101N04949"}},{"type":"LineString","arcs":[1992],"properties":{"tmc":"101P04636"}},{"type":"LineString","arcs":[1993],"properties":{"tmc":"101P07351"}},{"type":"LineString","arcs":[1994],"properties":{"tmc":"101P04945"}},{"type":"LineString","arcs":[1995],"properties":{"tmc":"101N04943"}},{"type":"LineString","arcs":[1996],"properties":{"tmc":"101N04945"}},{"type":"LineString","arcs":[1997],"properties":{"tmc":"101N04948"}},{"type":"LineString","arcs":[1998],"properties":{"tmc":"101-04947"}},{"type":"LineString","arcs":[1999],"properties":{"tmc":"101+04145"}},{"type":"LineString","arcs":[2000],"properties":{"tmc":"101-05426"}},{"type":"LineString","arcs":[2001],"properties":{"tmc":"101-04970"}},{"type":"LineString","arcs":[2002],"properties":{"tmc":"101+05414"}},{"type":"LineString","arcs":[2003],"properties":{"tmc":"101+05426"}},{"type":"LineString","arcs":[2004],"properties":{"tmc":"101+05413"}},{"type":"LineString","arcs":[2005],"properties":{"tmc":"101N04968"}},{"type":"LineString","arcs":[2006],"properties":{"tmc":"101+04949"}},{"type":"LineString","arcs":[2007],"properties":{"tmc":"101+04943"}},{"type":"LineString","arcs":[2008],"properties":{"tmc":"101+04944"}},{"type":"LineString","arcs":[2009],"properties":{"tmc":"101P05411"}},{"type":"LineString","arcs":[2010],"properties":{"tmc":"101+05425"}},{"type":"LineString","arcs":[2011],"properties":{"tmc":"101P04948"}},{"type":"LineString","arcs":[2012],"properties":{"tmc":"101P04949"}},{"type":"LineString","arcs":[2013],"properties":{"tmc":"101+06961"}},{"type":"LineString","arcs":[2014],"properties":{"tmc":"101+06962"}},{"type":"LineString","arcs":[2015],"properties":{"tmc":"101+04974"}},{"type":"LineString","arcs":[2016],"properties":{"tmc":"101N07407"}},{"type":"LineString","arcs":[2017],"properties":{"tmc":"101+06964"}},{"type":"LineString","arcs":[2018],"properties":{"tmc":"101-04967"}},{"type":"LineString","arcs":[2019],"properties":{"tmc":"101-04971"}},{"type":"LineString","arcs":[2020],"properties":{"tmc":"101N07417"}},{"type":"LineString","arcs":[2021],"properties":{"tmc":"101P07417"}},{"type":"LineString","arcs":[2022],"properties":{"tmc":"101N04973"}},{"type":"LineString","arcs":[2023],"properties":{"tmc":"101N04974"}},{"type":"LineString","arcs":[2024],"properties":{"tmc":"101-07413"}},{"type":"LineString","arcs":[2025],"properties":{"tmc":"101-07416"}},{"type":"LineString","arcs":[2026],"properties":{"tmc":"101-07907"}},{"type":"LineString","arcs":[2027],"properties":{"tmc":"101-07410"}},{"type":"LineString","arcs":[2028],"properties":{"tmc":"101+16160"}},{"type":"LineString","arcs":[2029],"properties":{"tmc":"101+04967"}},{"type":"LineString","arcs":[2030],"properties":{"tmc":"101+04972"}},{"type":"LineString","arcs":[2031],"properties":{"tmc":"101+07408"}},{"type":"LineString","arcs":[2032],"properties":{"tmc":"101+07418"}},{"type":"LineString","arcs":[2033],"properties":{"tmc":"101+07406"}},{"type":"LineString","arcs":[2034],"properties":{"tmc":"101+07409"}},{"type":"LineString","arcs":[2035],"properties":{"tmc":"101+07410"}},{"type":"LineString","arcs":[2036],"properties":{"tmc":"101+07417"}},{"type":"LineString","arcs":[2037],"properties":{"tmc":"101-07409"}},{"type":"LineString","arcs":[2038],"properties":{"tmc":"101N04971"}},{"type":"LineString","arcs":[2039],"properties":{"tmc":"101-07414"}},{"type":"LineString","arcs":[2040],"properties":{"tmc":"101-11713"}},{"type":"LineString","arcs":[2041],"properties":{"tmc":"101+06920"}},{"type":"LineString","arcs":[2042],"properties":{"tmc":"101P04184"}},{"type":"LineString","arcs":[2043],"properties":{"tmc":"101N04969"}},{"type":"LineString","arcs":[2044],"properties":{"tmc":"101P04185"}},{"type":"LineString","arcs":[2045],"properties":{"tmc":"101P04211"}},{"type":"LineString","arcs":[2046],"properties":{"tmc":"101P04214"}},{"type":"LineString","arcs":[2047],"properties":{"tmc":"101P05428"}},{"type":"LineString","arcs":[2048],"properties":{"tmc":"101P04142"}},{"type":"LineString","arcs":[2049],"properties":{"tmc":"101P04148"}},{"type":"LineString","arcs":[2050],"properties":{"tmc":"101-13729"}},{"type":"LineString","arcs":[2051],"properties":{"tmc":"101N12970"}},{"type":"LineString","arcs":[2052],"properties":{"tmc":"101P04151"}},{"type":"LineString","arcs":[2053],"properties":{"tmc":"101-05413"}},{"type":"LineString","arcs":[2054],"properties":{"tmc":"101+13730"}},{"type":"LineString","arcs":[2055],"properties":{"tmc":"101+12969"}},{"type":"LineString","arcs":[2056],"properties":{"tmc":"101-07142"}},{"type":"LineString","arcs":[2057],"properties":{"tmc":"101-07143"}},{"type":"LineString","arcs":[2058],"properties":{"tmc":"101+13731"}},{"type":"LineString","arcs":[2059],"properties":{"tmc":"101+13728"}},{"type":"LineString","arcs":[2060],"properties":{"tmc":"101-04996"}},{"type":"LineString","arcs":[2061],"properties":{"tmc":"101-04999"}},{"type":"LineString","arcs":[2062],"properties":{"tmc":"101N07141"}},{"type":"LineString","arcs":[2063],"properties":{"tmc":"101N04144"}},{"type":"LineString","arcs":[2064],"properties":{"tmc":"101N04309"}},{"type":"LineString","arcs":[2065],"properties":{"tmc":"101P11231"}},{"type":"LineString","arcs":[2066],"properties":{"tmc":"101P05355"}},{"type":"LineString","arcs":[2067],"properties":{"tmc":"101N05308"}},{"type":"LineString","arcs":[2068],"properties":{"tmc":"101P12962"}},{"type":"LineString","arcs":[2069],"properties":{"tmc":"101P04147"}},{"type":"LineString","arcs":[2070],"properties":{"tmc":"101P04212"}},{"type":"LineString","arcs":[2071],"properties":{"tmc":"101+07800"}},{"type":"LineString","arcs":[2072],"properties":{"tmc":"101P04237"}},{"type":"LineString","arcs":[2073],"properties":{"tmc":"101N06830"}},{"type":"LineString","arcs":[2074],"properties":{"tmc":"101P04170"}},{"type":"LineString","arcs":[2075],"properties":{"tmc":"101N06831"}},{"type":"LineString","arcs":[2076],"properties":{"tmc":"101P05447"}},{"type":"LineString","arcs":[2077],"properties":{"tmc":"101N12962"}},{"type":"LineString","arcs":[2078],"properties":{"tmc":"101-05429"}},{"type":"LineString","arcs":[2079],"properties":{"tmc":"101+07140"}},{"type":"LineString","arcs":[2080],"properties":{"tmc":"101P04997"}},{"type":"LineString","arcs":[2081],"properties":{"tmc":"101+05641"}},{"type":"LineString","arcs":[2082],"properties":{"tmc":"101N04184"}},{"type":"LineString","arcs":[2083],"properties":{"tmc":"101N04141"}},{"type":"LineString","arcs":[2084],"properties":{"tmc":"101N04143"}},{"type":"LineString","arcs":[2085],"properties":{"tmc":"101N04214"}},{"type":"LineString","arcs":[2086],"properties":{"tmc":"101N05447"}},{"type":"LineString","arcs":[2087],"properties":{"tmc":"101N05428"}},{"type":"LineString","arcs":[2088],"properties":{"tmc":"101+04144"}},{"type":"LineString","arcs":[2089],"properties":{"tmc":"101+06830"}},{"type":"LineString","arcs":[2090],"properties":{"tmc":"101+06832"}},{"type":"LineString","arcs":[2091],"properties":{"tmc":"101N11231"}},{"type":"LineString","arcs":[2092],"properties":{"tmc":"101-04145"}},{"type":"LineString","arcs":[2093],"properties":{"tmc":"101-04148"}},{"type":"LineString","arcs":[2094],"properties":{"tmc":"101-04212"}},{"type":"LineString","arcs":[2095],"properties":{"tmc":"101P05644"}},{"type":"LineString","arcs":[2096],"properties":{"tmc":"101P04301"}},{"type":"LineString","arcs":[2097],"properties":{"tmc":"101+04149"}},{"type":"LineString","arcs":[2098],"properties":{"tmc":"101-04213"}},{"type":"LineString","arcs":[2099],"properties":{"tmc":"101-12963"}},{"type":"LineString","arcs":[2100],"properties":{"tmc":"101-12967"}},{"type":"LineString","arcs":[2101],"properties":{"tmc":"101-12969"}},{"type":"LineString","arcs":[2102],"properties":{"tmc":"101P04133"}},{"type":"LineString","arcs":[2103],"properties":{"tmc":"101N13985"}},{"type":"LineString","arcs":[2104],"properties":{"tmc":"101P04223"}},{"type":"LineString","arcs":[2105],"properties":{"tmc":"101N04536"}},{"type":"LineString","arcs":[2106],"properties":{"tmc":"101-04323"}},{"type":"LineString","arcs":[2107],"properties":{"tmc":"101N04356"}},{"type":"LineString","arcs":[2108],"properties":{"tmc":"101P04180"}},{"type":"LineString","arcs":[2109],"properties":{"tmc":"101P04299"}},{"type":"LineString","arcs":[2110],"properties":{"tmc":"101-05407"}},{"type":"LineString","arcs":[2111],"properties":{"tmc":"101-05363"}},{"type":"LineString","arcs":[2112],"properties":{"tmc":"101-04216"}},{"type":"LineString","arcs":[2113],"properties":{"tmc":"101-05643"}},{"type":"LineString","arcs":[2114],"properties":{"tmc":"101P13157"}},{"type":"LineString","arcs":[2115],"properties":{"tmc":"101-04135"}},{"type":"LineString","arcs":[2116],"properties":{"tmc":"101P04359"}},{"type":"LineString","arcs":[2117],"properties":{"tmc":"101P04268"}},{"type":"LineString","arcs":[2118],"properties":{"tmc":"101P04305"}},{"type":"LineString","arcs":[2119],"properties":{"tmc":"101P04306"}},{"type":"LineString","arcs":[2120],"properties":{"tmc":"101P04110"}},{"type":"LineString","arcs":[2121],"properties":{"tmc":"101P04129"}},{"type":"LineString","arcs":[2122],"properties":{"tmc":"101P04539"}},{"type":"LineString","arcs":[2123],"properties":{"tmc":"101-08010"}},{"type":"LineString","arcs":[2124],"properties":{"tmc":"101P04105"}},{"type":"LineString","arcs":[2125],"properties":{"tmc":"101P06952"}},{"type":"LineString","arcs":[2126],"properties":{"tmc":"101N05104"}},{"type":"LineString","arcs":[2127],"properties":{"tmc":"101P04130"}},{"type":"LineString","arcs":[2128],"properties":{"tmc":"101P04131"}},{"type":"LineString","arcs":[2129],"properties":{"tmc":"101+07105"}},{"type":"LineString","arcs":[2130],"properties":{"tmc":"101-04272"}},{"type":"LineString","arcs":[2131],"properties":{"tmc":"101-04218"}},{"type":"LineString","arcs":[2132],"properties":{"tmc":"101N13158"}},{"type":"LineString","arcs":[2133],"properties":{"tmc":"101+04172"}},{"type":"LineString","arcs":[2134],"properties":{"tmc":"101N04108"}},{"type":"LineString","arcs":[2135],"properties":{"tmc":"101+10648"}},{"type":"LineString","arcs":[2136],"properties":{"tmc":"101+07858"}},{"type":"LineString","arcs":[2137],"properties":{"tmc":"101N05148"}},{"type":"LineString","arcs":[2138],"properties":{"tmc":"101-10970"}},{"type":"LineString","arcs":[2139],"properties":{"tmc":"101N10969"}},{"type":"LineString","arcs":[2140],"properties":{"tmc":"101-20948"}},{"type":"LineString","arcs":[2141],"properties":{"tmc":"101-10965"}},{"type":"LineString","arcs":[2142],"properties":{"tmc":"101+05328"}},{"type":"LineString","arcs":[2143],"properties":{"tmc":"101N04107"}},{"type":"LineString","arcs":[2144],"properties":{"tmc":"101-05608"}},{"type":"LineString","arcs":[2145],"properties":{"tmc":"101-04134"}},{"type":"LineString","arcs":[2146],"properties":{"tmc":"101-05648"}},{"type":"LineString","arcs":[2147],"properties":{"tmc":"101-10969"}},{"type":"LineString","arcs":[2148],"properties":{"tmc":"101N07147"}},{"type":"LineString","arcs":[2149],"properties":{"tmc":"101P04115"}},{"type":"LineString","arcs":[2150],"properties":{"tmc":"101P04119"}},{"type":"LineString","arcs":[2151],"properties":{"tmc":"101P05332"}},{"type":"LineString","arcs":[2152],"properties":{"tmc":"101-10973"}},{"type":"LineString","arcs":[2153],"properties":{"tmc":"101+04236"}},{"type":"LineString","arcs":[2154],"properties":{"tmc":"101+04306"}},{"type":"LineString","arcs":[2155],"properties":{"tmc":"101-10975"}},{"type":"LineString","arcs":[2156],"properties":{"tmc":"101P04134"}},{"type":"LineString","arcs":[2157],"properties":{"tmc":"101P04175"}},{"type":"LineString","arcs":[2158],"properties":{"tmc":"101-06952"}},{"type":"LineString","arcs":[2159],"properties":{"tmc":"101+05331"}},{"type":"LineString","arcs":[2160],"properties":{"tmc":"101+05332"}},{"type":"LineString","arcs":[2161],"properties":{"tmc":"101-10932"}},{"type":"LineString","arcs":[2162],"properties":{"tmc":"101N04537"}},{"type":"LineString","arcs":[2163],"properties":{"tmc":"101+04305"}},{"type":"LineString","arcs":[2164],"properties":{"tmc":"101-18982"}},{"type":"LineString","arcs":[2165],"properties":{"tmc":"101+04234"}},{"type":"LineString","arcs":[2166],"properties":{"tmc":"101N04351"}},{"type":"LineString","arcs":[2167],"properties":{"tmc":"101N04102"}},{"type":"LineString","arcs":[2168],"properties":{"tmc":"101P04203"}},{"type":"LineString","arcs":[2169],"properties":{"tmc":"101+05207"}},{"type":"LineString","arcs":[2170],"properties":{"tmc":"101+04273"}},{"type":"LineString","arcs":[2171],"properties":{"tmc":"101+05306"}},{"type":"LineString","arcs":[2172],"properties":{"tmc":"101+04109"}},{"type":"LineString","arcs":[2173],"properties":{"tmc":"101-04108"}},{"type":"LineString","arcs":[2174],"properties":{"tmc":"101+05329"}},{"type":"LineString","arcs":[2175],"properties":{"tmc":"101-06889"}},{"type":"LineString","arcs":[2176],"properties":{"tmc":"101-05331"}},{"type":"LineString","arcs":[2177],"properties":{"tmc":"101-04839"}},{"type":"LineString","arcs":[2178],"properties":{"tmc":"101+07794"}},{"type":"LineString","arcs":[2179],"properties":{"tmc":"101-05433"}},{"type":"LineString","arcs":[2180],"properties":{"tmc":"101+05214"}},{"type":"LineString","arcs":[2181],"properties":{"tmc":"101+05212"}},{"type":"LineString","arcs":[2182],"properties":{"tmc":"101N06952"}},{"type":"LineString","arcs":[2183],"properties":{"tmc":"101-07400"}},{"type":"LineString","arcs":[2184],"properties":{"tmc":"101N06828"}},{"type":"LineString","arcs":[2185],"properties":{"tmc":"101P55004"}},{"type":"LineString","arcs":[2186],"properties":{"tmc":"101-07359"}},{"type":"LineString","arcs":[2187],"properties":{"tmc":"101-04535"}},{"type":"LineString","arcs":[2188],"properties":{"tmc":"101-04536"}},{"type":"LineString","arcs":[2189],"properties":{"tmc":"101-04541"}},{"type":"LineString","arcs":[2190],"properties":{"tmc":"101-04200"}},{"type":"LineString","arcs":[2191],"properties":{"tmc":"101+05313"}},{"type":"LineString","arcs":[2192],"properties":{"tmc":"101-05265"}},{"type":"LineString","arcs":[2193],"properties":{"tmc":"101-04561"}},{"type":"LineString","arcs":[2194],"properties":{"tmc":"101+05215"}},{"type":"LineString","arcs":[2195],"properties":{"tmc":"101P05103"}},{"type":"LineString","arcs":[2196],"properties":{"tmc":"101-05260"}},{"type":"LineString","arcs":[2197],"properties":{"tmc":"101-05272"}},{"type":"LineString","arcs":[2198],"properties":{"tmc":"101-05104"}},{"type":"LineString","arcs":[2199],"properties":{"tmc":"101+05435"}},{"type":"LineString","arcs":[2200],"properties":{"tmc":"101-04105"}},{"type":"LineString","arcs":[2201],"properties":{"tmc":"101N04842"}},{"type":"LineString","arcs":[2202],"properties":{"tmc":"101P04225"}},{"type":"LineString","arcs":[2203],"properties":{"tmc":"101P04226"}},{"type":"LineString","arcs":[2204],"properties":{"tmc":"101P06886"}},{"type":"LineString","arcs":[2205],"properties":{"tmc":"101P05111"}},{"type":"LineString","arcs":[2206],"properties":{"tmc":"101-04565"}},{"type":"LineString","arcs":[2207],"properties":{"tmc":"101+04331"}},{"type":"LineString","arcs":[2208],"properties":{"tmc":"101-04322"}},{"type":"LineString","arcs":[2209],"properties":{"tmc":"101+05314"}},{"type":"LineString","arcs":[2210],"properties":{"tmc":"101+04255"}},{"type":"LineString","arcs":[2211],"properties":{"tmc":"101-05102"}},{"type":"LineString","arcs":[2212],"properties":{"tmc":"101-05296"}},{"type":"LineString","arcs":[2213],"properties":{"tmc":"101+04129"}},{"type":"LineString","arcs":[2214],"properties":{"tmc":"101+04136"}},{"type":"LineString","arcs":[2215],"properties":{"tmc":"101-06968"}},{"type":"LineString","arcs":[2216],"properties":{"tmc":"101P05187"}},{"type":"LineString","arcs":[2217],"properties":{"tmc":"101N07401"}},{"type":"LineString","arcs":[2218],"properties":{"tmc":"101P05331"}},{"type":"LineString","arcs":[2219],"properties":{"tmc":"101N10932"}},{"type":"LineString","arcs":[2220],"properties":{"tmc":"101N06825"}},{"type":"LineString","arcs":[2221],"properties":{"tmc":"101N05330"}},{"type":"LineString","arcs":[2222],"properties":{"tmc":"101N10964"}},{"type":"LineString","arcs":[2223],"properties":{"tmc":"101N04227"}},{"type":"LineString","arcs":[2224],"properties":{"tmc":"101+04293"}},{"type":"LineString","arcs":[2225],"properties":{"tmc":"101-04129"}},{"type":"LineString","arcs":[2226],"properties":{"tmc":"101+04253"}},{"type":"LineString","arcs":[2227],"properties":{"tmc":"101+04332"}},{"type":"LineString","arcs":[2228],"properties":{"tmc":"101-04173"}},{"type":"LineString","arcs":[2229],"properties":{"tmc":"101+04337"}},{"type":"LineString","arcs":[2230],"properties":{"tmc":"101P05196"}},{"type":"LineString","arcs":[2231],"properties":{"tmc":"101+04197"}},{"type":"LineString","arcs":[2232],"properties":{"tmc":"101+04198"}},{"type":"LineString","arcs":[2233],"properties":{"tmc":"101+04543"}},{"type":"LineString","arcs":[2234],"properties":{"tmc":"101+04209"}},{"type":"LineString","arcs":[2235],"properties":{"tmc":"101-05320"}},{"type":"LineString","arcs":[2236],"properties":{"tmc":"101-04282"}},{"type":"LineString","arcs":[2237],"properties":{"tmc":"101N04228"}},{"type":"LineString","arcs":[2238],"properties":{"tmc":"101-04224"}},{"type":"LineString","arcs":[2239],"properties":{"tmc":"101+04201"}},{"type":"LineString","arcs":[2240],"properties":{"tmc":"101-04182"}},{"type":"LineString","arcs":[2241],"properties":{"tmc":"101+04170"}},{"type":"LineString","arcs":[2242],"properties":{"tmc":"101-05437"}},{"type":"LineString","arcs":[2243],"properties":{"tmc":"101P05311"}},{"type":"LineString","arcs":[2244],"properties":{"tmc":"101+05216"}},{"type":"LineString","arcs":[2245],"properties":{"tmc":"101-05163"}},{"type":"LineString","arcs":[2246],"properties":{"tmc":"101-05379"}},{"type":"LineString","arcs":[2247],"properties":{"tmc":"101P04840"}},{"type":"LineString","arcs":[2248],"properties":{"tmc":"101-04225"}},{"type":"LineString","arcs":[2249],"properties":{"tmc":"101P04842"}},{"type":"LineString","arcs":[2250],"properties":{"tmc":"101-05111"}},{"type":"LineString","arcs":[2251],"properties":{"tmc":"101N04840"}},{"type":"LineString","arcs":[2252],"properties":{"tmc":"101+05369"}},{"type":"LineString","arcs":[2253],"properties":{"tmc":"101+05354"}},{"type":"LineString","arcs":[2254],"properties":{"tmc":"101+04563"}},{"type":"LineString","arcs":[2255],"properties":{"tmc":"101+04564"}},{"type":"LineString","arcs":[2256],"properties":{"tmc":"101-04258"}},{"type":"LineString","arcs":[2257],"properties":{"tmc":"101-04261"}},{"type":"LineString","arcs":[2258],"properties":{"tmc":"101-05376"}},{"type":"LineString","arcs":[2259],"properties":{"tmc":"101+04839"}},{"type":"LineString","arcs":[2260],"properties":{"tmc":"101-06886"}},{"type":"LineString","arcs":[2261],"properties":{"tmc":"101+06891"}},{"type":"LineString","arcs":[2262],"properties":{"tmc":"101+04187"}},{"type":"LineString","arcs":[2263],"properties":{"tmc":"101+04192"}},{"type":"LineString","arcs":[2264],"properties":{"tmc":"101-05377"}},{"type":"LineString","arcs":[2265],"properties":{"tmc":"101-05378"}},{"type":"LineString","arcs":[2266],"properties":{"tmc":"101-04289"}},{"type":"LineString","arcs":[2267],"properties":{"tmc":"101-04293"}},{"type":"LineString","arcs":[2268],"properties":{"tmc":"101+07400"}},{"type":"LineString","arcs":[2269],"properties":{"tmc":"101-06899"}},{"type":"LineString","arcs":[2270],"properties":{"tmc":"101+05434"}},{"type":"LineString","arcs":[2271],"properties":{"tmc":"101-04192"}},{"type":"LineString","arcs":[2272],"properties":{"tmc":"101+05189"}},{"type":"LineString","arcs":[2273],"properties":{"tmc":"101-05214"}},{"type":"LineString","arcs":[2274],"properties":{"tmc":"101-05316"}},{"type":"LineString","arcs":[2275],"properties":{"tmc":"101+20140"}},{"type":"LineString","arcs":[2276],"properties":{"tmc":"101-05375"}},{"type":"LineString","arcs":[2277],"properties":{"tmc":"101-05150"}},{"type":"LineString","arcs":[2278],"properties":{"tmc":"101+10796"}},{"type":"LineString","arcs":[2279],"properties":{"tmc":"101+10931"}},{"type":"LineString","arcs":[2280],"properties":{"tmc":"101-06954"}},{"type":"LineString","arcs":[2281],"properties":{"tmc":"101+05195"}},{"type":"LineString","arcs":[2282],"properties":{"tmc":"101-10840"}},{"type":"LineString","arcs":[2283],"properties":{"tmc":"101+20093"}},{"type":"LineString","arcs":[2284],"properties":{"tmc":"101-05317"}},{"type":"LineString","arcs":[2285],"properties":{"tmc":"101+16107"}},{"type":"LineString","arcs":[2286],"properties":{"tmc":"101-05318"}},{"type":"LineString","arcs":[2287],"properties":{"tmc":"101-05157"}},{"type":"LineString","arcs":[2288],"properties":{"tmc":"101-05101"}},{"type":"LineString","arcs":[2289],"properties":{"tmc":"101-05164"}},{"type":"LineString","arcs":[2290],"properties":{"tmc":"101+04841"}},{"type":"LineString","arcs":[2291],"properties":{"tmc":"101+06892"}},{"type":"LineString","arcs":[2292],"properties":{"tmc":"101+04304"}},{"type":"LineString","arcs":[2293],"properties":{"tmc":"101N04190"}},{"type":"LineString","arcs":[2294],"properties":{"tmc":"101+13984"}},{"type":"LineString","arcs":[2295],"properties":{"tmc":"101-04319"}},{"type":"LineString","arcs":[2296],"properties":{"tmc":"101+12792"}},{"type":"LineString","arcs":[2297],"properties":{"tmc":"101-04330"}},{"type":"LineString","arcs":[2298],"properties":{"tmc":"101-04164"}},{"type":"LineString","arcs":[2299],"properties":{"tmc":"101-05293"}},{"type":"LineString","arcs":[2300],"properties":{"tmc":"101-05292"}},{"type":"LineString","arcs":[2301],"properties":{"tmc":"101+04303"}},{"type":"LineString","arcs":[2302],"properties":{"tmc":"101+53883"}},{"type":"LineString","arcs":[2303],"properties":{"tmc":"101P13727"}},{"type":"LineString","arcs":[2304],"properties":{"tmc":"101P11302"}},{"type":"LineString","arcs":[2305],"properties":{"tmc":"101-04165"}},{"type":"LineString","arcs":[2306],"properties":{"tmc":"101-04166"}},{"type":"LineString","arcs":[2307],"properties":{"tmc":"101N04203"}},{"type":"LineString","arcs":[2308],"properties":{"tmc":"101+04159"}},{"type":"LineString","arcs":[2309],"properties":{"tmc":"101-07082"}},{"type":"LineString","arcs":[2310],"properties":{"tmc":"101+04232"}},{"type":"LineString","arcs":[2311],"properties":{"tmc":"101+05607"}},{"type":"LineString","arcs":[2312],"properties":{"tmc":"101P06858"}},{"type":"LineString","arcs":[2313],"properties":{"tmc":"101N13800"}},{"type":"LineString","arcs":[2314],"properties":{"tmc":"101+04101"}},{"type":"LineString","arcs":[2315],"properties":{"tmc":"101P07146"}},{"type":"LineString","arcs":[2316],"properties":{"tmc":"101+04356"}},{"type":"LineString","arcs":[2317],"properties":{"tmc":"101P04191"}},{"type":"LineString","arcs":[2318],"properties":{"tmc":"101-04296"}},{"type":"LineString","arcs":[2319],"properties":{"tmc":"101-04267"}},{"type":"LineString","arcs":[2320],"properties":{"tmc":"101+04167"}},{"type":"LineString","arcs":[2321],"properties":{"tmc":"101N04177"}},{"type":"LineString","arcs":[2322],"properties":{"tmc":"101N04181"}},{"type":"LineString","arcs":[2323],"properties":{"tmc":"101N04183"}},{"type":"LineString","arcs":[2324],"properties":{"tmc":"101+04168"}},{"type":"LineString","arcs":[2325],"properties":{"tmc":"101+04162"}},{"type":"LineString","arcs":[2326],"properties":{"tmc":"101+05436"}},{"type":"LineString","arcs":[2327],"properties":{"tmc":"101N04237"}},{"type":"LineString","arcs":[2328],"properties":{"tmc":"101N04249"}},{"type":"LineString","arcs":[2329],"properties":{"tmc":"101-10661"}},{"type":"LineString","arcs":[2330],"properties":{"tmc":"101N04131"}},{"type":"LineString","arcs":[2331],"properties":{"tmc":"101-05148"}},{"type":"LineString","arcs":[2332],"properties":{"tmc":"101-04231"}},{"type":"LineString","arcs":[2333],"properties":{"tmc":"101+04570"}},{"type":"LineString","arcs":[2334],"properties":{"tmc":"101+04572"}},{"type":"LineString","arcs":[2335],"properties":{"tmc":"101+04571"}},{"type":"LineString","arcs":[2336],"properties":{"tmc":"101-11327"}},{"type":"LineString","arcs":[2337],"properties":{"tmc":"101N04567"}},{"type":"LineString","arcs":[2338],"properties":{"tmc":"101-10660"}},{"type":"LineString","arcs":[2339],"properties":{"tmc":"101N04178"}},{"type":"LineString","arcs":[2340],"properties":{"tmc":"101-07090"}},{"type":"LineString","arcs":[2341],"properties":{"tmc":"101-07091"}},{"type":"LineString","arcs":[2342],"properties":{"tmc":"101-07092"}},{"type":"LineString","arcs":[2343],"properties":{"tmc":"101-07081"}},{"type":"LineString","arcs":[2344],"properties":{"tmc":"101+04635"}},{"type":"LineString","arcs":[2345],"properties":{"tmc":"101N05662"}},{"type":"LineString","arcs":[2346],"properties":{"tmc":"101-07086"}},{"type":"LineString","arcs":[2347],"properties":{"tmc":"101-07088"}},{"type":"LineString","arcs":[2348],"properties":{"tmc":"101N05205"}},{"type":"LineString","arcs":[2349],"properties":{"tmc":"101N04126"}},{"type":"LineString","arcs":[2350],"properties":{"tmc":"101N05213"}},{"type":"LineString","arcs":[2351],"properties":{"tmc":"101N15687"}},{"type":"LineString","arcs":[2352],"properties":{"tmc":"101P04333"}},{"type":"LineString","arcs":[2353],"properties":{"tmc":"101P04632"}},{"type":"LineString","arcs":[2354],"properties":{"tmc":"101+06860"}},{"type":"LineString","arcs":[2355],"properties":{"tmc":"101P07819"}},{"type":"LineString","arcs":[2356],"properties":{"tmc":"101P05573"}},{"type":"LineString","arcs":[2357],"properties":{"tmc":"101N11300"}},{"type":"LineString","arcs":[2358],"properties":{"tmc":"101P04336"}},{"type":"LineString","arcs":[2359],"properties":{"tmc":"101-05594"}},{"type":"LineString","arcs":[2360],"properties":{"tmc":"101N11327"}},{"type":"LineString","arcs":[2361],"properties":{"tmc":"101N04180"}},{"type":"LineString","arcs":[2362],"properties":{"tmc":"101N04116"}},{"type":"LineString","arcs":[2363],"properties":{"tmc":"101-04240"}},{"type":"LineString","arcs":[2364],"properties":{"tmc":"101P04193"}},{"type":"LineString","arcs":[2365],"properties":{"tmc":"101P04568"}},{"type":"LineString","arcs":[2366],"properties":{"tmc":"101N05432"}},{"type":"LineString","arcs":[2367],"properties":{"tmc":"101N05439"}},{"type":"LineString","arcs":[2368],"properties":{"tmc":"101-07406"}},{"type":"LineString","arcs":[2369],"properties":{"tmc":"101-05273"}},{"type":"LineString","arcs":[2370],"properties":{"tmc":"101-05276"}},{"type":"LineString","arcs":[2371],"properties":{"tmc":"101-05299"}},{"type":"LineString","arcs":[2372],"properties":{"tmc":"101P13775"}},{"type":"LineString","arcs":[2373],"properties":{"tmc":"101N04133"}},{"type":"LineString","arcs":[2374],"properties":{"tmc":"101N04134"}},{"type":"LineString","arcs":[2375],"properties":{"tmc":"101P10661"}},{"type":"LineString","arcs":[2376],"properties":{"tmc":"101N05452"}},{"type":"LineString","arcs":[2377],"properties":{"tmc":"101N05194"}},{"type":"LineString","arcs":[2378],"properties":{"tmc":"101+07146"}},{"type":"LineString","arcs":[2379],"properties":{"tmc":"101P04189"}},{"type":"LineString","arcs":[2380],"properties":{"tmc":"101-05162"}},{"type":"LineString","arcs":[2381],"properties":{"tmc":"101-04256"}},{"type":"LineString","arcs":[2382],"properties":{"tmc":"101-04279"}},{"type":"LineString","arcs":[2383],"properties":{"tmc":"101N04248"}},{"type":"LineString","arcs":[2384],"properties":{"tmc":"101-05572"}},{"type":"LineString","arcs":[2385],"properties":{"tmc":"101P10798"}},{"type":"LineString","arcs":[2386],"properties":{"tmc":"101-07210"}},{"type":"LineString","arcs":[2387],"properties":{"tmc":"101-04230"}},{"type":"LineString","arcs":[2388],"properties":{"tmc":"101N04343"}},{"type":"LineString","arcs":[2389],"properties":{"tmc":"101-13799"}},{"type":"LineString","arcs":[2390],"properties":{"tmc":"101N04650"}},{"type":"LineString","arcs":[2391],"properties":{"tmc":"101N04241"}},{"type":"LineString","arcs":[2392],"properties":{"tmc":"101N04267"}},{"type":"LineString","arcs":[2393],"properties":{"tmc":"101N04268"}},{"type":"LineString","arcs":[2394],"properties":{"tmc":"101N05569"}},{"type":"LineString","arcs":[2395],"properties":{"tmc":"101N05307"}},{"type":"LineString","arcs":[2396],"properties":{"tmc":"101N04314"}},{"type":"LineString","arcs":[2397],"properties":{"tmc":"101N05592"}},{"type":"LineString","arcs":[2398],"properties":{"tmc":"101P04647"}},{"type":"LineString","arcs":[2399],"properties":{"tmc":"101N04238"}},{"type":"LineString","arcs":[2400],"properties":{"tmc":"101N04261"}},{"type":"LineString","arcs":[2401],"properties":{"tmc":"101N04315"}},{"type":"LineString","arcs":[2402],"properties":{"tmc":"101N11301"}},{"type":"LineString","arcs":[2403],"properties":{"tmc":"101N11302"}},{"type":"LineString","arcs":[2404],"properties":{"tmc":"101N07798"}},{"type":"LineString","arcs":[2405],"properties":{"tmc":"101N10661"}},{"type":"LineString","arcs":[2406],"properties":{"tmc":"101P10646"}},{"type":"LineString","arcs":[2407],"properties":{"tmc":"101N10667"}},{"type":"LineString","arcs":[2408],"properties":{"tmc":"101N04269"}},{"type":"LineString","arcs":[2409],"properties":{"tmc":"101N04296"}},{"type":"LineString","arcs":[2410],"properties":{"tmc":"101N04646"}},{"type":"LineString","arcs":[2411],"properties":{"tmc":"101-50137"}},{"type":"LineString","arcs":[2412],"properties":{"tmc":"101N07354"}},{"type":"LineString","arcs":[2413],"properties":{"tmc":"101N04293"}},{"type":"LineString","arcs":[2414],"properties":{"tmc":"101-20178"}},{"type":"LineString","arcs":[2415],"properties":{"tmc":"101N04316"}},{"type":"LineString","arcs":[2416],"properties":{"tmc":"101N04195"}},{"type":"LineString","arcs":[2417],"properties":{"tmc":"101N04639"}},{"type":"LineString","arcs":[2418],"properties":{"tmc":"101N04230"}},{"type":"LineString","arcs":[2419],"properties":{"tmc":"101N11328"}},{"type":"LineString","arcs":[2420],"properties":{"tmc":"101N04199"}},{"type":"LineString","arcs":[2421],"properties":{"tmc":"101N04642"}},{"type":"LineString","arcs":[2422],"properties":{"tmc":"101N04166"}},{"type":"LineString","arcs":[2423],"properties":{"tmc":"101N04205"}},{"type":"LineString","arcs":[2424],"properties":{"tmc":"101N04215"}},{"type":"LineString","arcs":[2425],"properties":{"tmc":"101N04253"}},{"type":"LineString","arcs":[2426],"properties":{"tmc":"101N04206"}},{"type":"LineString","arcs":[2427],"properties":{"tmc":"101N04152"}},{"type":"LineString","arcs":[2428],"properties":{"tmc":"101N05105"}},{"type":"LineString","arcs":[2429],"properties":{"tmc":"101N05150"}},{"type":"LineString","arcs":[2430],"properties":{"tmc":"101N07083"}},{"type":"LineString","arcs":[2431],"properties":{"tmc":"101N04216"}},{"type":"LineString","arcs":[2432],"properties":{"tmc":"101-04639"}},{"type":"LineString","arcs":[2433],"properties":{"tmc":"101-10665"}},{"type":"LineString","arcs":[2434],"properties":{"tmc":"101N04278"}},{"type":"LineString","arcs":[2435],"properties":{"tmc":"101-07795"}},{"type":"LineString","arcs":[2436],"properties":{"tmc":"101-07796"}},{"type":"LineString","arcs":[2437],"properties":{"tmc":"101N05166"}},{"type":"LineString","arcs":[2438],"properties":{"tmc":"101-07355"}},{"type":"LineString","arcs":[2439],"properties":{"tmc":"101P05100"}},{"type":"LineString","arcs":[2440],"properties":{"tmc":"101P05161"}},{"type":"LineString","arcs":[2441],"properties":{"tmc":"101P05272"}},{"type":"LineString","arcs":[2442],"properties":{"tmc":"101P05296"}},{"type":"LineString","arcs":[2443],"properties":{"tmc":"101N05293"}},{"type":"LineString","arcs":[2444],"properties":{"tmc":"101N04333"}},{"type":"LineString","arcs":[2445],"properties":{"tmc":"101N04194"}},{"type":"LineString","arcs":[2446],"properties":{"tmc":"101-04315"}},{"type":"LineString","arcs":[2447],"properties":{"tmc":"101N07799"}},{"type":"LineString","arcs":[2448],"properties":{"tmc":"101-05205"}},{"type":"LineString","arcs":[2449],"properties":{"tmc":"101+07798"}},{"type":"LineString","arcs":[2450],"properties":{"tmc":"101+07797"}},{"type":"LineString","arcs":[2451],"properties":{"tmc":"101N05099"}},{"type":"LineString","arcs":[2452],"properties":{"tmc":"101N04279"}},{"type":"LineString","arcs":[2453],"properties":{"tmc":"101N04240"}},{"type":"LineString","arcs":[2454],"properties":{"tmc":"101-05311"}},{"type":"LineString","arcs":[2455],"properties":{"tmc":"101-05314"}},{"type":"LineString","arcs":[2456],"properties":{"tmc":"101N05324"}},{"type":"LineString","arcs":[2457],"properties":{"tmc":"101-10848"}},{"type":"LineString","arcs":[2458],"properties":{"tmc":"101P07355"}},{"type":"LineString","arcs":[2459],"properties":{"tmc":"101+50142"}},{"type":"LineString","arcs":[2460],"properties":{"tmc":"101N07148"}},{"type":"LineString","arcs":[2461],"properties":{"tmc":"101N04260"}},{"type":"LineString","arcs":[2462],"properties":{"tmc":"101N07086"}},{"type":"LineString","arcs":[2463],"properties":{"tmc":"101N05103"}},{"type":"LineString","arcs":[2464],"properties":{"tmc":"101N05278"}},{"type":"LineString","arcs":[2465],"properties":{"tmc":"101N05279"}},{"type":"LineString","arcs":[2466],"properties":{"tmc":"101-04168"}},{"type":"LineString","arcs":[2467],"properties":{"tmc":"101+04640"}},{"type":"LineString","arcs":[2468],"properties":{"tmc":"101-05645"}},{"type":"LineString","arcs":[2469],"properties":{"tmc":"101P04157"}},{"type":"LineString","arcs":[2470],"properties":{"tmc":"101N04156"}},{"type":"LineString","arcs":[2471],"properties":{"tmc":"101P04643"}},{"type":"LineString","arcs":[2472],"properties":{"tmc":"101-04251"}},{"type":"LineString","arcs":[2473],"properties":{"tmc":"101N05100"}},{"type":"LineString","arcs":[2474],"properties":{"tmc":"101N05101"}},{"type":"LineString","arcs":[2475],"properties":{"tmc":"101P20138"}},{"type":"LineString","arcs":[2476],"properties":{"tmc":"101P20142"}},{"type":"LineString","arcs":[2477],"properties":{"tmc":"101+05270"}},{"type":"LineString","arcs":[2478],"properties":{"tmc":"101+05277"}},{"type":"LineString","arcs":[2479],"properties":{"tmc":"101N05191"}},{"type":"LineString","arcs":[2480],"properties":{"tmc":"101+05103"}},{"type":"LineString","arcs":[2481],"properties":{"tmc":"101+05108"}},{"type":"LineString","arcs":[2482],"properties":{"tmc":"101+05162"}},{"type":"LineString","arcs":[2483],"properties":{"tmc":"101+05110"}},{"type":"LineString","arcs":[2484],"properties":{"tmc":"101+04256"}},{"type":"LineString","arcs":[2485],"properties":{"tmc":"101P05648"}},{"type":"LineString","arcs":[2486],"properties":{"tmc":"101P05662"}},{"type":"LineString","arcs":[2487],"properties":{"tmc":"101+05570"}},{"type":"LineString","arcs":[2488],"properties":{"tmc":"101+05379"}},{"type":"LineString","arcs":[2489],"properties":{"tmc":"101+04266"}},{"type":"LineString","arcs":[2490],"properties":{"tmc":"101P05437"}},{"type":"LineString","arcs":[2491],"properties":{"tmc":"101P05208"}},{"type":"LineString","arcs":[2492],"properties":{"tmc":"101P04114"}},{"type":"LineString","arcs":[2493],"properties":{"tmc":"101P05207"}},{"type":"LineString","arcs":[2494],"properties":{"tmc":"101P04323"}},{"type":"LineString","arcs":[2495],"properties":{"tmc":"101P07134"}},{"type":"LineString","arcs":[2496],"properties":{"tmc":"101P04567"}},{"type":"LineString","arcs":[2497],"properties":{"tmc":"101-10851"}},{"type":"LineString","arcs":[2498],"properties":{"tmc":"101P04174"}},{"type":"LineString","arcs":[2499],"properties":{"tmc":"101+04264"}},{"type":"LineString","arcs":[2500],"properties":{"tmc":"101+04265"}},{"type":"LineString","arcs":[2501],"properties":{"tmc":"101+04262"}},{"type":"LineString","arcs":[2502],"properties":{"tmc":"101+04154"}},{"type":"LineString","arcs":[2503],"properties":{"tmc":"101P04335"}},{"type":"LineString","arcs":[2504],"properties":{"tmc":"101P04290"}},{"type":"LineString","arcs":[2505],"properties":{"tmc":"101+05320"}},{"type":"LineString","arcs":[2506],"properties":{"tmc":"101+04283"}},{"type":"LineString","arcs":[2507],"properties":{"tmc":"101-04154"}},{"type":"LineString","arcs":[2508],"properties":{"tmc":"101+04155"}},{"type":"LineString","arcs":[2509],"properties":{"tmc":"101-10796"}},{"type":"LineString","arcs":[2510],"properties":{"tmc":"101P04291"}},{"type":"LineString","arcs":[2511],"properties":{"tmc":"101+04200"}},{"type":"LineString","arcs":[2512],"properties":{"tmc":"101+05572"}},{"type":"LineString","arcs":[2513],"properties":{"tmc":"101+05279"}},{"type":"LineString","arcs":[2514],"properties":{"tmc":"101+05278"}},{"type":"LineString","arcs":[2515],"properties":{"tmc":"101+04208"}},{"type":"LineString","arcs":[2516],"properties":{"tmc":"101P04334"}},{"type":"LineString","arcs":[2517],"properties":{"tmc":"101+04180"}},{"type":"LineString","arcs":[2518],"properties":{"tmc":"101P04253"}},{"type":"LineString","arcs":[2519],"properties":{"tmc":"101+04178"}},{"type":"LineString","arcs":[2520],"properties":{"tmc":"101P04169"}},{"type":"LineString","arcs":[2521],"properties":{"tmc":"101+10839"}},{"type":"LineString","arcs":[2522],"properties":{"tmc":"101+04177"}},{"type":"LineString","arcs":[2523],"properties":{"tmc":"101+04235"}},{"type":"LineString","arcs":[2524],"properties":{"tmc":"101P05584"}},{"type":"LineString","arcs":[2525],"properties":{"tmc":"101+04182"}},{"type":"LineString","arcs":[2526],"properties":{"tmc":"101+04223"}},{"type":"LineString","arcs":[2527],"properties":{"tmc":"101P05105"}},{"type":"LineString","arcs":[2528],"properties":{"tmc":"101+07090"}},{"type":"LineString","arcs":[2529],"properties":{"tmc":"101+05297"}},{"type":"LineString","arcs":[2530],"properties":{"tmc":"101P04158"}},{"type":"LineString","arcs":[2531],"properties":{"tmc":"101-06902"}},{"type":"LineString","arcs":[2532],"properties":{"tmc":"101-04355"}},{"type":"LineString","arcs":[2533],"properties":{"tmc":"101-07134"}},{"type":"LineString","arcs":[2534],"properties":{"tmc":"101-10948"}},{"type":"LineString","arcs":[2535],"properties":{"tmc":"101N10841"}},{"type":"LineString","arcs":[2536],"properties":{"tmc":"101+07777"}},{"type":"LineString","arcs":[2537],"properties":{"tmc":"101-13726"}},{"type":"LineString","arcs":[2538],"properties":{"tmc":"101-13983"}},{"type":"LineString","arcs":[2539],"properties":{"tmc":"101P53883"}},{"type":"LineString","arcs":[2540],"properties":{"tmc":"101+05661"}},{"type":"LineString","arcs":[2541],"properties":{"tmc":"101+06967"}},{"type":"LineString","arcs":[2542],"properties":{"tmc":"101-04207"}},{"type":"LineString","arcs":[2543],"properties":{"tmc":"101-06970"}},{"type":"LineString","arcs":[2544],"properties":{"tmc":"101-04183"}},{"type":"LineString","arcs":[2545],"properties":{"tmc":"101-04136"}},{"type":"LineString","arcs":[2546],"properties":{"tmc":"101-04138"}},{"type":"LineString","arcs":[2547],"properties":{"tmc":"101P04350"}},{"type":"LineString","arcs":[2548],"properties":{"tmc":"101N10839"}},{"type":"LineString","arcs":[2549],"properties":{"tmc":"101N10840"}},{"type":"LineString","arcs":[2550],"properties":{"tmc":"101-04940"}},{"type":"LineString","arcs":[2551],"properties":{"tmc":"101-04273"}},{"type":"LineString","arcs":[2552],"properties":{"tmc":"101-07858"}},{"type":"LineString","arcs":[2553],"properties":{"tmc":"101P04103"}},{"type":"LineString","arcs":[2554],"properties":{"tmc":"101P04104"}},{"type":"LineString","arcs":[2555],"properties":{"tmc":"101-06959"}},{"type":"LineString","arcs":[2556],"properties":{"tmc":"101N04355"}},{"type":"LineString","arcs":[2557],"properties":{"tmc":"101N06962"}},{"type":"LineString","arcs":[2558],"properties":{"tmc":"101N53882"}},{"type":"LineString","arcs":[2559],"properties":{"tmc":"101N18982"}},{"type":"LineString","arcs":[2560],"properties":{"tmc":"101+13159"}},{"type":"LineString","arcs":[2561],"properties":{"tmc":"101P04100"}},{"type":"LineString","arcs":[2562],"properties":{"tmc":"101N06961"}},{"type":"LineString","arcs":[2563],"properties":{"tmc":"101P04098"}},{"type":"LineString","arcs":[2564],"properties":{"tmc":"101N04631"}},{"type":"LineString","arcs":[2565],"properties":{"tmc":"101+04118"}},{"type":"LineString","arcs":[2566],"properties":{"tmc":"101+10977"}},{"type":"LineString","arcs":[2567],"properties":{"tmc":"101+04125"}},{"type":"LineString","arcs":[2568],"properties":{"tmc":"101+04130"}},{"type":"LineString","arcs":[2569],"properties":{"tmc":"101P04648"}},{"type":"LineString","arcs":[2570],"properties":{"tmc":"101P04651"}},{"type":"LineString","arcs":[2571],"properties":{"tmc":"101+04649"}},{"type":"LineString","arcs":[2572],"properties":{"tmc":"101+04113"}},{"type":"LineString","arcs":[2573],"properties":{"tmc":"101+13158"}},{"type":"LineString","arcs":[2574],"properties":{"tmc":"101-04113"}},{"type":"LineString","arcs":[2575],"properties":{"tmc":"101-04121"}},{"type":"LineString","arcs":[2576],"properties":{"tmc":"101-04172"}},{"type":"LineString","arcs":[2577],"properties":{"tmc":"101-04205"}},{"type":"LineString","arcs":[2578],"properties":{"tmc":"101-04321"}},{"type":"LineString","arcs":[2579],"properties":{"tmc":"101-05186"}},{"type":"LineString","arcs":[2580],"properties":{"tmc":"101N50178"}},{"type":"LineString","arcs":[2581],"properties":{"tmc":"101-04299"}},{"type":"LineString","arcs":[2582],"properties":{"tmc":"101N04535"}},{"type":"LineString","arcs":[2583],"properties":{"tmc":"101-04276"}},{"type":"LineString","arcs":[2584],"properties":{"tmc":"101P04230"}},{"type":"LineString","arcs":[2585],"properties":{"tmc":"101P05274"}},{"type":"LineString","arcs":[2586],"properties":{"tmc":"101-04247"}},{"type":"LineString","arcs":[2587],"properties":{"tmc":"101P04971"}},{"type":"LineString","arcs":[2588],"properties":{"tmc":"101P04298"}},{"type":"LineString","arcs":[2589],"properties":{"tmc":"101N04967"}},{"type":"LineString","arcs":[2590],"properties":{"tmc":"101P04972"}},{"type":"LineString","arcs":[2591],"properties":{"tmc":"101+07083"}},{"type":"LineString","arcs":[2592],"properties":{"tmc":"101P04238"}},{"type":"LineString","arcs":[2593],"properties":{"tmc":"101P10965"}},{"type":"LineString","arcs":[2594],"properties":{"tmc":"101P04267"}},{"type":"LineString","arcs":[2595],"properties":{"tmc":"101+10969"}},{"type":"LineString","arcs":[2596],"properties":{"tmc":"101+10971"}},{"type":"LineString","arcs":[2597],"properties":{"tmc":"101-04968"}},{"type":"LineString","arcs":[2598],"properties":{"tmc":"101-11146"}},{"type":"LineString","arcs":[2599],"properties":{"tmc":"101-11148"}},{"type":"LineString","arcs":[2600],"properties":{"tmc":"101P05407"}},{"type":"LineString","arcs":[2601],"properties":{"tmc":"101N05406"}},{"type":"LineString","arcs":[2602],"properties":{"tmc":"101-04973"}},{"type":"LineString","arcs":[2603],"properties":{"tmc":"101+07907"}},{"type":"LineString","arcs":[2604],"properties":{"tmc":"101-07412"}},{"type":"LineString","arcs":[2605],"properties":{"tmc":"101-07417"}},{"type":"LineString","arcs":[2606],"properties":{"tmc":"101+07411"}},{"type":"LineString","arcs":[2607],"properties":{"tmc":"101+07412"}},{"type":"LineString","arcs":[2608],"properties":{"tmc":"101N11146"}},{"type":"LineString","arcs":[2609],"properties":{"tmc":"101+05406"}}]}}}